customer_id,age,gender,region,education_level,employment_type,annual_income,loan_amount,loan_purpose,credit_score,repayment_history,transaction_count,spending_ratio,join_date,default_flag
C1,58.0,Male,North,Graduate,Self-Employed,118288.57,Pending,Car,661.5,2,60,17.66,2015-02-23,1
C2,,Male,East,Graduate,Self-Employed,95832.28,"₹224,657",Medical,598.8,6,101,19.56,2023-02-10,1
C3,30.0,Female,North,Primary,Self-Employed,370042.99,"₹133,743",Other,643.8,0,57,22.62,2021-01-20,0
C4,62.0,Female,South,Graduate,Salaried,353797.46,"₹130,759",Other,605.8,0,98,19.99,2020-11-22,0
C5,,Male,West,Graduate,Self-Employed,482108.54,"₹158,491",Other,615.2,1,60,121.41,2017-07-27,0
C6,52.0,,East,Graduate,,2856639.01,"₹1,019,479",Medical,692.1,1,89,103.46,2026-05-21,0
C7,30.0,Male,East,Secondary,Salaried,652065.09,"₹559,230",Medical,650.5,2,134,41.84,2025-08-29,0
C8,28.0,Male,West,Secondary,Self-Employed,813124.77,"₹50,000",Home,477.7,3,93,46.82,2015-02-28,0
C9,63.0,Female,North,Secondary,Salaried,230830.48,,Business,598.4,1,99,17.08,2024-07-01,0
C10,47.0,Female,North,Primary,Salaried,408433.8,"₹185,780",Home,,2,119,99.65,2017-03-13,0
C11,59.0,Female,North,Primary,Self-Employed,205254.98,"₹255,054",Car,742.5,2,49,50.74,2018-06-22,0
C12,36.0,Male,North,Primary,Business,,"₹572,567",Medical,703.4,4,139,52.67,2017-09-09,1
C13,33.0,Female,North,Primary,Unemployed,821702.64,"₹98,043",Home,675.8,4,1,55.8,2017-03-30,0
C14,52.0,,East,Secondary,Business,404239.3,"₹673,886",Education,728.9,8,93,19.55,2018-01-05,1
C15,,Male,South,Graduate,Business,832212.26,"₹397,573",Medical,808.2,0,61,50.0,2024-11-28,0
C16,63.0,Male,North,Primary,Salaried,334785.04,"₹98,531",Medical,709.7,5,99,77.12,2022-12-07,0
C17,44.0,Female,South,Secondary,Self-Employed,813032.05,"₹577,186",Car,806.3,6,102,37.35,2020-02-08,0
C18,19.0,Female,South,Post-Graduate,Business,,"₹187,789",Home,825.1,2,98,73.83,2020-12-14,0
C19,24.0,Female,West,Graduate,Business,416469.51,"₹473,224",Education,850.9,0,79,106.01,2024-02-28,0
C20,43.0,Female,East,Secondary,Self-Employed,80143.95,"₹1,512,209",Business,644.7,5,90,32.73,2022-03-24,1
C21,46.0,Female,South,Post-Graduate,Self-Employed,677900.78,"₹367,560",Other,686.5,5,97,72.31,2019-05-12,0
C22,62.0,Male,West,Post-Graduate,Self-Employed,106295.47,"₹520,134",Business,699.7,0,101,17.57,2022-02-12,1
C23,57.0,Female,West,Post-Graduate,,944978.52,"₹102,180",Car,568.7,2,119,26.73,2016-10-22,0
C24,27.0,Male,West,Secondary,Self-Employed,182190.24,,Medical,710.7,0,58,19.43,2024-05-25,0
C25,65.0,Female,South,Post-Graduate,Self-Employed,272802.67,"₹1,091,675",Other,776.7,0,4,55.5,2016-11-18,1
C26,45.0,Male,West,Secondary,Salaried,306509.25,"₹50,000",Education,642.9,0,125,34.7,2016-03-02,0
C27,32.0,Female,North,Primary,Salaried,105917.47,"₹70,446",Business,,6,145,17.48,2023-06-02,0
C28,63.0,Male,North,Secondary,Salaried,736641.57,"₹333,599",Home,777.5,6,114,14.58,2025-12-29,0
C29,,Male,West,Secondary,Unemployed,197400.1,"₹2,780,021",Car,534.1,4,76,82.49,2025-02-09,1
C30,66.0,Female,West,Graduate,Salaried,494245.19,,Other,734.0,5,55,41.0,2020-05-31,0
C31,44.0,Female,South,Post-Graduate,Unemployed,465091.3,"₹246,835",Education,610.9,5,140,28.88,2021-11-16,0
C32,32.0,Male,South,Graduate,Salaried,690506.62,"₹129,408",Home,677.9,8,80,27.28,2021-10-12,0
C33,63.0,Female,South,Graduate,Salaried,681780.18,"₹268,577",Business,595.4,3,180,34.42,2023-12-27,0
C34,22.0,Female,North,Secondary,Self-Employed,234477.28,,Education,740.4,0,149,22.14,2024-08-13,0
C35,54.0,Female,North,Primary,Self-Employed,631982.77,"₹122,398",Other,577.3,5,122,6.24,2016-08-06,0
C36,32.0,Male,South,Post-Graduate,Salaried,,"₹142,425",Medical,693.4,2,110,85.07,2021-02-08,0
C37,52.0,Female,West,Primary,Salaried,578666.51,"₹2,065,518",Education,814.9,3,29,17.78,2024-12-01,1
C38,29.0,Female,West,Post-Graduate,Salaried,466399.64,"₹144,937",Business,,1,55,20.64,2017-08-07,0
C39,50.0,Male,West,Post-Graduate,Salaried,255389.35,"₹672,185",Medical,505.3,0,83,27.57,2015-04-23,1
C40,44.0,Male,South,Primary,Unemployed,189603.88,"₹285,028",Education,641.4,4,140,56.34,2016-07-25,1
C41,67.0,Male,East,Graduate,Salaried,326920.85,"₹92,567",Business,585.1,1,78,69.6,2020-03-28,0
C42,,Male,West,Post-Graduate,Unemployed,639489.13,"₹224,853",Other,726.6,3,86,63.36,2023-12-01,0
C43,23.0,Male,West,Graduate,Unemployed,909532.44,"₹1,516,899",Medical,,0,99,33.55,2024-03-29,1
C44,61.0,Male,South,Secondary,Salaried,637768.97,"₹297,419",Other,616.1,0,104,97.97,2021-06-14,0
C45,52.0,Male,North,Post-Graduate,,459308.9,"₹225,438",Car,674.7,2,85,232.8,2021-06-02,1
C46,56.0,Male,South,Secondary,Business,1198493.42,"₹1,222,897",Education,686.2,1,130,57.16,2017-01-08,0
C47,38.0,Other,West,Secondary,Self-Employed,167094.28,"₹520,295",Car,,8,113,32.14,2016-09-08,1
C48,66.0,Male,West,Graduate,Salaried,548215.55,"₹569,230",Other,555.7,4,108,95.49,2019-12-19,1
C49,22.0,Female,West,Graduate,Unemployed,251162.99,"₹228,250",Education,647.1,0,77,122.43,2024-02-26,1
C50,20.0,Female,East,Secondary,Unemployed,452707.89,"₹970,152",Other,515.3,5,101,61.4,2019-10-04,1
C51,,Female,North,Primary,Business,334278.76,"₹168,529",Car,658.6,4,169,24.49,2020-08-15,0
C52,25.0,Female,North,Secondary,Salaried,199345.76,"₹110,892",Medical,,0,102,49.11,2019-12-20,0
C53,20.0,Female,East,Post-Graduate,Salaried,157239.66,"₹527,143",Business,709.4,3,119,56.98,2022-04-17,1
C54,56.0,Female,East,Post-Graduate,Unemployed,2001423.27,"₹463,198",Education,705.7,1,127,35.78,2024-07-28,0
C55,60.0,Male,East,Secondary,Unemployed,2851813.58,"₹406,787",Car,733.8,4,90,48.18,2026-05-19,0
C56,27.0,Female,West,Secondary,Salaried,314513.54,"₹192,863",Home,519.0,3,34,64.26,2020-12-30,0
C57,29.0,Male,East,Graduate,Business,,"₹370,888",Home,698.1,6,46,86.29,2016-11-26,0
C58,27.0,Male,North,Primary,Business,436619.1,"₹253,376",Home,773.2,6,128,50.67,2021-12-01,0
C59,32.0,Male,North,Primary,Self-Employed,,"₹1,710,518",Education,679.1,1,76,49.51,2024-05-14,1
C60,25.0,Male,North,Graduate,Self-Employed,1476650.82,"₹605,882",Home,589.7,0,110,29.96,2018-10-09,0
C61,50.0,Female,North,Secondary,Business,631947.24,"₹190,168",Other,681.8,1,59,47.98,2022-04-01,0
C62,38.0,Male,West,Primary,Unemployed,446233.64,"₹74,653",Business,,8,116,121.16,2026-05-16,1
C63,47.0,Female,North,Post-Graduate,Self-Employed,313404.55,"₹766,911",Education,630.8,2,50,41.32,2023-05-13,1
C64,42.0,Male,East,Primary,Business,703870.36,"₹3,963,168",Education,712.8,1,79,59.2,2016-11-25,1
C65,53.0,Male,East,Secondary,Salaried,707813.0,"₹231,594",Medical,767.4,1,100,17.29,2017-12-09,0
C66,42.0,Male,South,Secondary,Self-Employed,,,Business,704.4,3,193,12.76,2024-11-18,0
C67,67.0,Male,West,Post-Graduate,Self-Employed,257987.75,"₹1,097,163",Business,768.5,0,92,9.85,2019-12-24,1
C68,40.0,Male,West,Primary,Unemployed,501805.48,"₹245,930",Other,616.4,0,32,21.73,2025-08-06,0
C69,26.0,Other,West,Post-Graduate,Salaried,316005.46,"₹401,521",Other,683.2,4,54,39.98,2020-06-04,0
C70,27.0,Male,West,Primary,Business,271600.18,"₹73,361",Education,594.4,0,76,36.25,2023-05-17,0
C71,65.0,Male,East,Primary,Business,177412.54,"₹504,463",Car,636.4,5,119,121.04,2019-02-02,1
C72,22.0,Female,West,Primary,Business,70389.7,"₹198,563",Other,573.6,2,91,51.21,2016-01-27,1
C73,39.0,Male,North,Graduate,Unemployed,1209104.35,"₹296,520",Home,537.3,2,137,93.74,2022-03-16,0
C74,23.0,Male,East,Graduate,Unemployed,,"₹236,143",Medical,731.7,5,89,9.79,2023-02-24,0
C75,69.0,Other,South,Primary,Self-Employed,2210800.64,"₹140,954",Medical,553.4,8,114,30.27,2016-09-21,0
C76,26.0,Female,East,Post-Graduate,Business,657304.31,"₹620,264",Business,751.9,2,120,39.52,2016-08-29,0
C77,29.0,,West,Primary,Business,1105056.45,"₹188,938",Medical,648.8,0,71,21.41,2023-02-04,0
C78,54.0,Male,West,Secondary,Salaried,185740.4,"₹283,688",Car,723.6,4,114,15.36,2022-09-23,0
C79,67.0,Female,South,Secondary,Unemployed,515136.08,"₹312,294",Car,732.4,2,57,21.32,2021-02-26,0
C80,58.0,Male,North,Secondary,Self-Employed,150346.03,,Business,672.3,2,83,111.82,2021-10-10,1
C81,33.0,Female,West,Graduate,Unemployed,425768.87,"₹381,209",Home,,0,116,44.59,2025-06-18,0
C82,35.0,Female,South,Secondary,Salaried,1180326.94,"₹169,715",Car,,5,57,17.77,2025-04-03,0
C83,31.0,Female,East,Primary,Salaried,237235.73,"₹4,355,958",Home,713.5,4,62,44.94,2021-06-22,1
C84,42.0,Female,West,Graduate,Salaried,566637.19,"₹390,747",Education,740.7,1,19,41.11,2018-02-19,0
C85,57.0,Male,South,Post-Graduate,Business,649165.23,,Other,751.4,3,60,58.79,2020-12-15,0
C86,68.0,Other,South,Primary,Unemployed,147771.4,"₹556,616",Business,,4,83,17.24,2018-05-25,1
C87,62.0,Male,West,Post-Graduate,Salaried,899063.51,"₹262,536",Medical,607.7,0,100,25.63,2021-04-04,0
C88,37.0,Male,East,Graduate,Self-Employed,,"₹1,247,986",Car,620.8,0,67,87.69,2022-09-28,1
C89,36.0,Male,East,Primary,Business,770064.83,"₹133,885",Business,781.7,6,172,26.04,2017-03-31,0
C90,39.0,Female,West,Primary,Self-Employed,1349580.58,"₹917,667",Car,734.5,1,141,48.44,2015-11-02,0
C91,44.0,Male,North,Post-Graduate,Unemployed,89962.73,"₹214,021",Medical,533.3,0,35,52.07,2018-01-04,1
C92,47.0,Male,South,Primary,Business,212416.83,"₹50,000",Business,712.4,3,65,89.93,2016-12-11,0
C93,60.0,Male,South,Secondary,Unemployed,362366.37,"₹57,138",Other,638.9,7,55,27.08,2026-04-09,0
C94,67.0,Male,North,Graduate,Business,611593.78,"₹396,732",Medical,578.9,0,76,25.52,2016-11-01,0
C95,,Female,East,Primary,Salaried,132289.36,"₹342,345",Car,640.6,2,74,42.69,2025-03-03,1
C96,50.0,Male,West,Primary,Unemployed,,"₹187,526",Car,662.6,1,86,38.16,2019-01-14,0
C97,67.0,Female,West,Graduate,Unemployed,213252.62,"₹584,519",Business,864.8,9,167,208.09,2021-09-10,1
C98,61.0,Female,West,Post-Graduate,Self-Employed,,"₹176,055",Business,839.3,3,107,51.7,2015-12-29,0
C99,46.0,Male,South,Primary,Self-Employed,503775.6,"₹507,050",Medical,647.1,0,126,24.78,2016-05-14,0
C100,55.0,Female,South,Post-Graduate,Unemployed,193647.85,"₹203,958",Education,772.1,2,114,42.47,2020-01-21,0
C101,63.0,Male,West,Primary,Unemployed,257585.4,,Car,629.8,0,115,73.66,2025-10-02,1
C102,39.0,Male,North,Secondary,Self-Employed,204712.09,"₹1,254,781",Business,805.4,0,82,22.22,2026-02-25,1
C103,24.0,Female,West,Graduate,Self-Employed,369382.56,"₹181,256",Medical,776.5,1,110,16.83,2026-03-14,0
C104,59.0,Female,East,Graduate,Unemployed,492301.2,"₹50,000",Car,,0,75,94.26,2024-04-01,0
C105,,Male,North,Secondary,Salaried,245911.49,"₹261,011",Car,615.9,2,76,114.94,2020-05-28,1
C106,57.0,Female,East,Graduate,Business,775970.7,"₹275,926",Medical,599.6,3,75,15.54,2023-06-17,0
C107,48.0,Male,North,Secondary,,499828.37,,Other,656.8,2,146,38.78,2016-09-01,0
C108,35.0,Female,North,Secondary,Business,265825.75,"₹1,594,533",Home,556.7,2,19,51.19,2022-10-04,1
C109,24.0,Female,South,Primary,Business,726620.87,"₹878,811",Home,698.3,0,53,16.08,2023-07-11,0
C110,67.0,Female,East,Secondary,Salaried,1105593.47,"₹2,185,430",Medical,654.6,1,114,23.24,2025-01-24,1
C111,53.0,Female,West,Primary,Salaried,141340.07,"₹83,041",Education,663.9,0,92,52.29,2021-01-11,0
C112,35.0,Female,South,Primary,Self-Employed,428264.84,"₹125,316",Education,777.0,1,75,20.29,2023-11-16,0
C113,57.0,Male,East,Post-Graduate,Business,291484.99,"₹369,486",Education,,0,61,86.25,2020-06-08,1
C114,42.0,Male,West,Graduate,Salaried,,"₹500,000",Other,721.9,4,80,118.19,2018-02-14,0
C115,37.0,Male,East,Secondary,Unemployed,767418.2,"₹284,370",Home,787.7,0,99,111.55,2016-11-27,0
C116,67.0,Male,East,Secondary,Salaried,638446.48,"₹881,911",Business,606.9,4,106,78.22,2019-12-16,1
C117,41.0,Male,West,Secondary,Business,811842.5,"₹750,169",Other,784.7,5,101,32.37,2018-09-08,0
C118,33.0,Female,South,Secondary,,3612143.83,"₹250,641",Home,689.9,7,100,16.4,2023-09-21,0
C119,,Male,South,Graduate,Salaried,849001.22,"₹231,762",Business,635.7,0,74,34.58,2022-11-23,0
C120,57.0,Male,East,Primary,Self-Employed,357054.27,"₹238,881",Medical,753.1,0,70,38.64,2018-11-20,0
C121,28.0,Female,East,Secondary,Self-Employed,314531.3,"₹1,276,417",Car,646.9,0,73,28.35,2021-06-22,1
C122,67.0,Female,West,Primary,Salaried,,"₹391,773",Education,,3,131,90.66,2020-07-20,1
C123,20.0,Female,East,Graduate,,820863.47,"₹369,753",Medical,647.6,1,97,17.7,2021-04-21,0
C124,52.0,Male,East,Graduate,Business,4070953.17,"₹259,482",Other,732.5,2,69,21.37,2020-07-20,0
C125,43.0,Female,South,Graduate,Unemployed,415423.25,"₹601,245",Medical,624.2,0,37,68.29,2016-06-02,1
C126,43.0,Male,West,Secondary,Unemployed,78572.4,"₹395,886",Business,687.9,2,78,37.84,2018-07-18,1
C127,47.0,Male,West,Secondary,Self-Employed,1059815.67,"₹237,209",Home,,2,79,36.43,2017-02-18,0
C128,31.0,Female,North,Secondary,Self-Employed,4197052.72,"₹227,954",Car,547.3,0,94,18.83,2021-09-17,0
C129,42.0,Other,South,Secondary,Salaried,,"₹214,989",Education,727.9,5,100,47.63,2024-08-18,0
C130,68.0,Male,South,Graduate,Salaried,210269.84,"₹622,715",Business,653.7,0,126,208.83,2020-05-14,1
C131,42.0,Male,South,Post-Graduate,Salaried,2850423.57,"₹1,090,590",Home,624.5,0,90,19.79,2015-11-23,0
C132,68.0,Male,East,Post-Graduate,Unemployed,676179.35,"₹384,430",Education,665.4,4,159,42.97,2016-06-25,0
C133,62.0,Female,South,Primary,Self-Employed,183169.06,"₹382,627",Car,677.6,1,82,125.13,2020-10-24,1
C134,41.0,Male,East,Primary,Salaried,336239.84,"₹443,451",Car,634.3,4,71,171.02,2017-08-02,1
C135,65.0,Female,North,Primary,Salaried,257474.46,"₹1,030,905",Home,675.1,0,34,29.7,2023-05-13,1
C136,50.0,Female,North,Secondary,Self-Employed,467714.83,"₹1,651,978",Car,744.1,0,76,52.66,2026-01-24,1
C137,64.0,Female,South,Secondary,Salaried,584773.57,"₹96,077",Other,586.7,6,121,5.0,2018-03-12,0
C138,35.0,Male,North,Secondary,Unemployed,775788.7,"₹65,684",Education,899.6,3,121,13.11,2022-04-26,0
C139,46.0,Male,South,Primary,Self-Employed,452010.61,"₹115,709",Education,527.6,4,102,74.33,2019-10-28,0
C140,27.0,Male,South,Graduate,Unemployed,529445.67,"₹229,135",Medical,616.3,0,107,26.41,2016-11-19,0
C141,55.0,Male,North,Primary,Salaried,154912.44,"₹516,612",Car,852.6,5,82,31.29,2022-12-09,1
C142,29.0,Male,East,Post-Graduate,Self-Employed,304799.43,"₹326,075",Business,587.5,4,168,43.5,2015-06-09,1
C143,68.0,Female,East,Post-Graduate,Unemployed,305453.97,"₹350,112",Other,,8,56,27.3,2020-07-23,1
C144,33.0,Male,North,Secondary,Unemployed,144777.69,"₹87,927",Business,762.7,3,85,47.64,2019-03-23,0
C145,52.0,Male,South,Post-Graduate,Salaried,240278.8,,Medical,692.7,4,157,140.52,2017-06-27,1
C146,41.0,Male,East,Post-Graduate,Salaried,359055.47,"₹567,271",Car,604.6,1,147,78.5,2023-01-02,1
C147,60.0,Female,South,Post-Graduate,,788248.97,"₹637,329",Car,633.8,2,109,48.23,2026-02-16,0
C148,39.0,Other,North,Secondary,Business,1106840.02,"₹268,175",Car,577.4,2,109,15.08,2024-05-30,0
C149,44.0,Female,West,Graduate,Unemployed,174810.28,"₹631,988",Education,818.4,5,48,22.89,2017-02-01,1
C150,56.0,Female,West,Primary,Unemployed,943138.33,"₹171,148",Business,858.9,2,58,28.35,2016-02-11,0
C151,54.0,,West,Secondary,Salaried,,"₹560,880",Other,728.3,3,157,27.3,2025-12-20,0
C152,34.0,Male,West,Secondary,Business,1157001.54,,Medical,755.9,7,115,49.84,2022-09-17,0
C153,44.0,Other,South,Primary,Unemployed,1060250.14,"₹882,203",Business,647.9,3,79,70.13,2017-09-12,0
C154,29.0,Male,South,Secondary,,685069.6,"₹78,354",Medical,587.9,3,74,46.52,2021-03-12,0
C155,47.0,Male,West,Primary,Unemployed,164871.54,"₹104,467",Other,631.5,3,45,32.9,2022-06-08,0
C156,33.0,Male,West,Graduate,Business,343443.31,"₹419,756",Medical,598.2,6,83,68.34,2024-05-07,1
C157,59.0,Male,South,Post-Graduate,Self-Employed,1302082.4,"₹312,460",Car,687.6,1,32,42.8,2018-11-24,0
C158,30.0,Male,South,Primary,Unemployed,190615.42,,Medical,759.5,2,62,39.04,2025-08-23,0
C159,53.0,Male,East,Secondary,Business,1499263.41,"₹243,364",Business,834.0,1,76,35.8,2015-03-14,0
C160,26.0,Female,South,Primary,Self-Employed,87457.37,"₹248,418",Home,623.1,0,102,76.32,2017-04-18,1
C161,50.0,Female,East,Graduate,Business,814812.0,"₹179,902",Other,570.3,0,108,28.74,2024-01-24,0
C162,38.0,,South,Primary,Unemployed,416508.95,"₹635,523",Other,769.4,3,138,60.81,2018-10-24,1
C163,53.0,Male,East,Primary,Unemployed,251096.91,"₹493,089",Medical,662.3,4,88,67.1,2020-11-04,1
C164,,Female,North,Post-Graduate,Salaried,1672606.93,"₹301,673",Medical,611.5,8,116,23.2,2024-03-06,0
C165,,Male,East,Secondary,Salaried,477428.03,"₹69,377",Business,688.4,0,136,52.33,2025-09-15,0
C166,18.0,Male,South,Graduate,Salaried,4177290.42,"₹478,155",Education,738.0,5,118,31.18,2016-01-10,0
C167,,Female,East,Post-Graduate,Self-Employed,56033.66,"₹885,422",Business,673.9,1,69,25.29,2015-11-03,1
C168,58.0,Male,North,Primary,Salaried,619933.54,"₹243,824",Other,654.0,5,140,50.04,2017-04-07,0
C169,51.0,Male,South,Post-Graduate,Salaried,521232.5,,Other,706.4,0,64,16.22,2019-08-29,0
C170,48.0,Male,South,Primary,Salaried,2007549.7,"₹82,075",Home,744.0,2,118,38.14,2018-12-02,0
C171,36.0,Male,East,Post-Graduate,Salaried,655164.17,"₹232,642",Business,,6,6,25.61,2025-09-22,0
C172,59.0,Male,North,Secondary,Salaried,473166.49,"₹653,341",Home,799.6,6,45,99.38,2025-12-12,1
C173,44.0,Female,North,Primary,Business,1448706.52,"₹468,252",Car,,0,58,67.64,2023-08-19,0
C174,70.0,Female,North,Primary,Self-Employed,507250.96,"₹50,000",Home,,2,136,44.1,2020-04-09,0
C175,47.0,Female,West,Primary,Unemployed,460438.0,"₹390,596",Other,678.6,2,45,24.82,2019-08-22,0
C176,60.0,Female,East,Graduate,Salaried,,"₹507,332",Medical,612.3,2,87,24.88,2021-07-19,1
C177,51.0,Male,North,Primary,Self-Employed,,"₹248,590",Other,793.5,7,101,17.95,2016-01-16,0
C178,61.0,Female,North,Post-Graduate,Unemployed,,"₹825,091",Other,633.6,4,137,54.95,2023-09-09,1
C179,56.0,Female,East,Post-Graduate,Unemployed,820835.12,"₹1,131,646",Car,574.1,5,71,179.87,2019-11-16,1
C180,31.0,Female,East,Graduate,Self-Employed,1776705.27,,Business,798.6,0,64,27.0,2021-05-31,0
C181,,Male,North,Primary,Unemployed,114255.39,"₹475,398",Medical,679.5,8,71,77.66,2020-04-30,1
C182,68.0,Female,East,Primary,Unemployed,1292950.68,"₹701,671",Other,808.6,6,57,82.5,2019-05-29,0
C183,30.0,Male,West,Secondary,Salaried,297269.71,"₹215,296",Medical,752.5,5,59,24.51,2022-03-27,0
C184,21.0,Other,East,Post-Graduate,Business,1124288.67,"₹507,527",Car,790.0,0,157,53.63,2021-08-01,0
C185,66.0,Female,West,Primary,Salaried,759657.4,"₹476,821",Medical,651.1,0,127,42.79,2023-05-30,0
C186,69.0,Female,West,Post-Graduate,Salaried,224277.28,"₹344,195",Other,653.2,4,149,66.44,2024-10-05,1
C187,70.0,Male,South,Primary,Unemployed,681273.12,"₹154,346",Medical,756.5,0,51,27.88,2017-08-27,0
C188,18.0,Female,North,Primary,Salaried,337575.2,"₹622,184",Other,704.6,0,140,10.6,2021-08-13,0
C189,27.0,Male,East,Primary,Self-Employed,665944.37,"₹90,535",Medical,634.1,5,66,25.55,2016-03-21,0
C190,47.0,Female,North,Graduate,Salaried,326451.69,"₹887,364",Medical,676.3,2,104,19.55,2022-05-13,1
C191,60.0,Male,South,Graduate,Business,151202.34,"₹405,213",Education,649.3,0,24,39.3,2016-11-02,1
C192,70.0,Male,South,Graduate,Salaried,1839115.12,"₹508,570",Education,726.5,2,174,45.9,2018-05-02,0
C193,43.0,Male,East,Secondary,Unemployed,500848.19,"₹967,682",Home,735.8,6,105,25.82,2020-04-01,1
C194,60.0,Male,East,Post-Graduate,Unemployed,,"₹397,910",Medical,647.6,0,45,20.32,2019-12-31,0
C195,43.0,Male,East,Post-Graduate,Unemployed,1275011.78,"₹309,513",Business,739.7,6,68,31.78,2025-09-27,0
C196,31.0,Female,South,Post-Graduate,Salaried,334029.53,"₹94,308",Other,609.8,6,168,41.37,2015-06-02,0
C197,64.0,Female,East,Primary,Self-Employed,918154.11,"₹640,237",Business,728.7,7,84,34.9,2020-02-26,0
C198,42.0,Male,North,Primary,Self-Employed,,"₹1,076,762",Business,607.7,0,41,46.59,2017-02-02,1
C199,60.0,Male,North,Post-Graduate,Unemployed,,"₹50,000",Education,601.7,5,94,38.59,2016-11-17,0
C200,56.0,Female,West,Graduate,Self-Employed,522176.02,,Other,556.7,0,74,44.19,2021-03-07,0
C201,43.0,Other,South,Post-Graduate,Unemployed,183928.79,"₹606,177",Medical,706.4,1,110,15.07,2022-08-04,1
C202,57.0,Female,North,Secondary,Unemployed,1407747.14,"₹188,073",Car,488.9,7,84,43.66,2016-04-15,0
C203,58.0,Female,West,Primary,Self-Employed,,"₹316,647",Business,645.3,0,106,25.56,2023-11-12,0
C204,55.0,Male,North,Primary,Salaried,641068.03,"₹365,042",Medical,674.8,6,79,18.15,2016-08-15,0
C205,36.0,,North,Graduate,Business,728862.25,"₹1,118,514",Medical,663.9,2,141,24.9,2022-12-02,0
C206,52.0,Male,East,Secondary,,1549501.18,"₹690,020",Car,726.7,5,64,10.23,2020-12-14,0
C207,32.0,Male,South,Graduate,Self-Employed,772453.89,"₹12,009,384",Medical,805.5,0,65,45.25,2019-02-07,1
C208,35.0,Male,South,Secondary,Salaried,531572.58,"₹99,292",Home,730.4,1,95,41.3,2015-03-10,0
C209,61.0,Male,West,Primary,Business,126444.67,"₹181,745",Car,651.8,4,31,30.53,2025-02-09,1
C210,54.0,,South,Primary,Business,1278138.81,"₹6,034,313",Business,745.0,7,153,56.01,2022-01-30,1
C211,37.0,Male,North,Post-Graduate,Salaried,660380.65,"₹272,032",Education,641.6,5,118,17.06,2018-11-30,0
C212,40.0,Male,West,Post-Graduate,Salaried,397756.41,"₹155,252",Other,654.4,0,51,23.64,2022-02-08,0
C213,36.0,Female,East,Post-Graduate,Business,526829.33,"₹560,502",Medical,,7,99,38.66,2023-11-27,1
C214,66.0,Male,North,Graduate,Self-Employed,410936.11,"₹271,327",Medical,758.0,5,98,29.48,2021-02-09,0
C215,46.0,Male,South,Post-Graduate,Unemployed,546714.37,"₹179,680",Other,608.7,4,89,28.1,2015-03-10,0
C216,49.0,Other,West,Graduate,Salaried,,"₹827,144",Car,681.0,0,101,82.93,2023-06-27,0
C217,34.0,Male,West,Secondary,Business,,"₹119,819",Home,652.0,7,82,12.5,2019-03-04,0
C218,36.0,Male,South,Post-Graduate,Salaried,324684.13,"₹210,446",Home,790.6,0,106,10.87,2018-04-11,0
C219,35.0,Other,West,Primary,Unemployed,2297135.97,"₹51,882",Education,652.5,1,181,8.85,2017-09-27,0
C220,48.0,Female,East,Secondary,Business,323108.29,"₹216,670",Home,634.7,3,84,37.16,2023-05-01,0
C221,33.0,Male,West,Primary,Business,600198.58,"₹1,331,961",Education,704.6,11,93,36.51,2023-06-22,1
C222,64.0,Male,East,Primary,Unemployed,951156.35,"₹289,593",Home,535.4,0,105,93.57,2018-08-06,0
C223,51.0,Male,West,Graduate,Business,555130.76,"₹310,542",Medical,,1,83,12.34,2018-06-16,0
C224,36.0,Male,West,Graduate,Salaried,,"₹429,125",Car,706.1,2,83,12.19,2015-04-18,1
C225,59.0,Female,North,Post-Graduate,Salaried,237590.38,"₹355,108",Medical,729.2,3,113,33.72,2020-07-30,0
C226,,Male,West,Primary,Business,1118463.14,"₹350,561",Education,714.4,0,35,117.11,2022-04-13,0
C227,44.0,Other,West,Graduate,Self-Employed,558276.29,"₹724,783",Car,603.9,3,143,28.47,2019-12-23,1
C228,38.0,Male,East,Secondary,Salaried,186794.42,,Business,668.5,5,112,146.25,2018-11-17,1
C229,70.0,Female,North,Graduate,Salaried,1055888.24,,Education,,0,58,32.65,2015-12-04,0
C230,52.0,Female,South,Graduate,Self-Employed,116307.95,"₹340,862",Education,591.0,4,119,35.7,2023-12-15,1
C231,23.0,Male,West,Secondary,Self-Employed,483938.25,,Business,,2,34,44.33,2024-04-11,0
C232,41.0,Male,South,Graduate,Business,570574.27,"₹1,165,091",Home,731.7,3,65,21.4,2016-12-03,1
C233,65.0,Male,South,Secondary,Business,189524.13,"₹113,443",Education,618.8,2,87,53.79,2015-12-23,0
C234,28.0,Male,East,Secondary,Business,165815.24,"₹1,484,895",Education,636.2,5,47,23.75,2017-03-26,1
C235,49.0,Female,North,Secondary,Self-Employed,500824.65,"₹321,157",Other,720.7,5,69,126.52,2016-05-22,1
C236,34.0,Male,North,Graduate,Self-Employed,633153.96,"₹385,539",Other,638.4,9,73,25.56,2019-08-21,0
C237,26.0,Female,South,Secondary,Business,1340566.23,"₹1,008,949",Education,696.4,3,85,64.46,2015-08-30,0
C238,44.0,Male,East,Post-Graduate,,277661.48,"₹474,188",Business,629.9,3,99,35.94,2019-02-16,1
C239,49.0,Female,South,Secondary,Self-Employed,264912.62,"₹81,484",Business,694.1,4,38,217.51,2020-07-14,1
C240,43.0,Other,North,Post-Graduate,Business,45956.25,"₹350,537",Medical,721.3,5,118,20.66,2015-11-18,1
C241,,Female,North,Secondary,Business,243958.18,,Medical,786.9,0,33,14.94,2019-01-12,0
C242,62.0,Female,South,Post-Graduate,Unemployed,389994.21,"₹138,498",Medical,706.2,2,72,78.7,2016-11-29,0
C243,63.0,Male,South,Post-Graduate,Unemployed,86235.18,"₹163,028",Medical,745.1,3,122,39.77,2015-02-17,1
C244,49.0,Male,South,Post-Graduate,Unemployed,437318.54,"₹125,590",Car,664.0,3,78,11.83,2015-10-28,0
C245,20.0,Female,East,Graduate,Salaried,172962.58,"₹594,061",Home,563.6,0,39,27.31,2023-07-02,1
C246,66.0,Male,North,Graduate,Unemployed,96757.38,"₹327,553",Business,709.1,6,131,37.56,2021-06-10,1
C247,56.0,Male,East,Graduate,Self-Employed,682711.15,"₹294,600",Medical,687.2,5,122,155.43,2019-08-26,1
C248,44.0,Male,North,Graduate,Business,5028034.91,"₹157,836",Car,740.5,0,88,20.04,2015-08-27,0
C249,30.0,Male,East,Post-Graduate,Unemployed,,,Medical,608.6,7,86,16.66,2022-01-28,1
C250,52.0,Male,South,Graduate,Business,1014591.9,"₹319,651",Education,528.3,6,136,7.92,2015-09-17,0
C251,44.0,Male,West,Secondary,,130979.53,"₹212,721",Other,710.7,0,135,40.0,2025-11-04,0
C252,51.0,Male,East,Secondary,Salaried,661329.65,"₹240,972",Home,120.0,1,40,15.78,2016-01-13,1
C253,51.0,Other,East,Primary,Business,636369.08,"₹148,299",Medical,649.6,0,165,43.32,2022-11-09,0
C254,38.0,,South,Graduate,Self-Employed,259682.63,"₹3,204,673",Medical,812.8,5,102,17.66,2024-12-31,1
C255,40.0,Male,East,Secondary,Salaried,473608.36,"₹1,014,793",Business,,0,93,124.08,2023-02-25,1
C256,29.0,Female,East,Graduate,Unemployed,490911.04,"₹242,276",Education,736.6,0,68,26.91,2017-05-26,0
C257,53.0,Female,North,Graduate,Unemployed,396445.89,"₹5,112,084",Car,600.8,7,99,85.32,2020-04-18,1
C258,60.0,Female,North,Post-Graduate,Salaried,632772.66,"₹548,563",Other,,7,136,67.59,2026-02-01,1
C259,60.0,Male,North,Secondary,Self-Employed,282797.51,"₹200,603",Home,650.9,0,119,102.59,2022-09-21,0
C260,55.0,Male,West,Secondary,Business,237068.2,"₹231,953",Car,644.6,0,113,26.29,2018-02-13,0
C261,53.0,Male,East,Post-Graduate,Self-Employed,51084.01,"₹156,333",Business,788.1,0,140,36.37,2025-02-03,1
C262,40.0,Male,South,Post-Graduate,Salaried,1005085.31,"₹301,362",Other,632.6,6,82,52.79,2025-10-19,0
C263,23.0,Male,East,Post-Graduate,Salaried,,"₹546,607",Medical,639.9,0,24,41.74,2025-03-08,0
C264,48.0,Female,East,Post-Graduate,Business,370450.24,"₹1,229,401",Business,567.2,1,94,107.37,2021-06-07,1
C265,23.0,Male,North,Graduate,Business,,"₹87,631",Medical,542.8,4,75,32.55,2018-04-03,0
C266,70.0,Male,West,Post-Graduate,Unemployed,263004.07,"₹55,879",Business,592.2,3,70,20.59,2021-10-04,0
C267,65.0,Other,South,Post-Graduate,Unemployed,480012.84,"₹234,628",Education,670.5,2,24,14.72,2021-02-11,0
C268,35.0,Male,North,Graduate,Unemployed,424210.06,"₹953,527",Other,527.9,5,88,16.57,2017-05-01,1
C269,46.0,Male,South,Graduate,Business,1846121.52,"₹622,719",Other,706.2,1,131,54.79,2025-06-22,0
C270,22.0,Female,West,Graduate,Unemployed,1105671.14,"₹54,330",Business,619.2,0,175,8.48,2018-12-28,0
C271,22.0,Female,South,Post-Graduate,Self-Employed,625502.37,"₹227,881",Home,622.2,3,148,39.68,2015-01-08,0
C272,60.0,Male,East,Secondary,Business,1844762.16,"₹1,138,363",Home,735.2,4,21,41.98,2025-10-24,0
C273,54.0,Female,East,Graduate,Business,345048.65,"₹77,149",Education,757.7,4,75,16.29,2019-04-14,0
C274,62.0,Male,North,Graduate,Unemployed,105959.26,"₹150,631",Home,640.1,1,90,42.92,2025-01-28,0
C275,20.0,Male,North,Graduate,Salaried,424156.63,"₹544,360",Car,551.9,1,148,39.46,2016-01-11,1
C276,62.0,Female,South,Primary,Self-Employed,3375574.74,"₹60,611",Car,737.1,3,72,53.82,2016-05-31,0
C277,45.0,Male,West,Graduate,Salaried,2753818.76,"₹224,736",Home,573.6,5,5,117.36,2018-07-16,0
C278,49.0,Male,North,Primary,,,"₹709,738",Medical,748.6,2,133,27.37,2015-11-05,0
C279,29.0,Female,West,Primary,Business,331451.92,"₹112,785",Home,625.5,2,72,38.54,2015-12-20,0
C280,59.0,Male,East,Secondary,Unemployed,205232.31,,Other,625.8,3,98,40.78,2020-04-11,1
C281,46.0,Female,East,Post-Graduate,Self-Employed,,"₹150,326",Business,704.3,2,130,16.71,2018-12-29,0
C282,41.0,Male,West,Secondary,Business,94855.88,"₹277,722",Medical,708.7,0,47,61.28,2018-10-24,1
C283,53.0,Male,North,Post-Graduate,Unemployed,942946.6,"₹282,999",Home,722.0,1,105,90.95,2015-12-29,0
C284,48.0,Female,North,Post-Graduate,Unemployed,434305.53,"₹272,353",Home,860.5,2,1,21.38,2017-01-13,0
C285,48.0,Female,East,Secondary,Unemployed,151008.03,"₹792,653",Education,618.6,5,99,81.22,2015-09-25,1
C286,45.0,Other,East,Secondary,,641277.74,"₹386,295",Medical,656.4,0,120,16.75,2016-07-02,0
C287,63.0,Other,South,Secondary,Business,333602.36,"₹1,508,101",Education,713.1,7,71,53.96,2016-06-03,1
C288,40.0,Female,West,Primary,Unemployed,1223876.4,"₹128,717",Education,730.4,5,1,37.86,2019-01-04,0
C289,22.0,Male,South,Graduate,Salaried,855447.54,"₹326,843",Home,,2,65,51.12,2016-05-30,0
C290,69.0,Male,East,Post-Graduate,Business,1362930.38,"₹517,401",Business,751.2,0,54,13.28,2020-02-01,0
C291,41.0,Male,North,Secondary,,607051.04,"₹165,491",Car,797.6,0,184,46.94,2023-04-17,0
C292,31.0,Female,North,Graduate,Business,208225.3,"₹3,182,731",Education,850.9,3,1,138.78,2026-05-19,1
C293,59.0,Female,East,Post-Graduate,Business,2273779.24,"₹226,603",Home,796.6,4,144,23.72,2022-04-27,0
C294,56.0,Female,South,Secondary,Business,,"₹1,009,268",Education,697.2,1,89,55.77,2024-08-04,1
C295,42.0,Male,North,Graduate,Business,877661.49,"₹579,933",Medical,762.6,2,124,21.36,2025-08-24,0
C296,39.0,Male,West,Primary,,117075.06,"₹403,910",Medical,761.8,4,126,42.79,2021-10-09,1
C297,37.0,Female,West,Secondary,Salaried,801954.56,,Medical,646.8,0,137,30.11,2023-02-11,0
C298,48.0,Female,West,Graduate,,2084727.17,,Home,,2,54,17.26,2022-12-26,0
C299,,Male,North,Secondary,Self-Employed,1236414.66,"₹200,986",Medical,699.6,0,57,32.49,2018-01-26,0
C300,36.0,Male,West,Post-Graduate,Business,229280.74,"₹842,326",Business,755.2,5,37,136.9,2024-05-11,1
C301,22.0,Male,South,Primary,Unemployed,254760.12,"₹990,457",Car,635.5,7,132,55.42,2019-09-16,1
C302,23.0,Male,North,Primary,Salaried,2364113.93,"₹306,711",Medical,,7,114,162.96,2019-08-10,1
C303,30.0,Male,East,Primary,Salaried,241670.49,"₹426,685",Other,737.5,0,67,8.06,2015-02-05,0
C304,24.0,Male,West,Graduate,Self-Employed,70446.68,"₹209,029",Home,478.2,9,165,69.69,2015-11-29,1
C305,38.0,Female,North,Post-Graduate,Business,399670.21,"₹592,338",Other,764.2,2,146,92.06,2015-04-15,1
C306,49.0,Female,North,Post-Graduate,Unemployed,550461.45,"₹176,132",Medical,591.5,4,74,32.61,2019-06-29,0
C307,43.0,Male,South,Post-Graduate,Unemployed,173064.86,"₹56,749",Home,606.4,5,52,12.74,2017-06-04,0
C308,34.0,Female,West,Secondary,Self-Employed,,"₹85,691",Business,732.0,0,42,59.85,2026-01-15,0
C309,30.0,Male,West,Post-Graduate,Business,678792.96,"₹102,964",Car,659.7,3,52,69.52,2024-08-29,0
C310,37.0,Female,West,Post-Graduate,Salaried,601905.55,"₹336,467",Education,562.8,5,100,47.68,2022-11-29,0
C311,38.0,Male,North,Primary,Self-Employed,1017180.63,"₹228,664",Education,633.5,5,90,138.23,2016-06-20,1
C312,25.0,Male,South,Primary,Business,401551.51,"₹742,493",Education,795.6,0,74,15.56,2019-08-14,0
C313,49.0,Female,East,Secondary,Business,358545.21,"₹930,763",Medical,900.0,5,99,19.2,2016-07-05,1
C314,69.0,Female,West,Post-Graduate,Self-Employed,398482.65,"₹303,085",Home,810.3,1,105,42.31,2019-01-19,0
C315,58.0,Female,South,Post-Graduate,Self-Employed,1750919.36,"₹111,520",Car,784.9,0,87,20.49,2020-05-23,0
C316,65.0,Female,East,Post-Graduate,Unemployed,115438.0,"₹137,662",Home,652.2,2,144,35.21,2019-04-22,0
C317,33.0,Male,West,Post-Graduate,Unemployed,160810.21,"₹557,263",Home,665.5,2,92,80.07,2021-09-07,1
C318,44.0,Male,North,Post-Graduate,Self-Employed,214911.14,"₹52,428",Education,653.6,0,82,11.7,2022-01-11,0
C319,55.0,Female,West,Secondary,Unemployed,324185.13,"₹166,570",Car,772.8,4,128,38.43,2021-03-25,0
C320,41.0,Female,East,Graduate,Salaried,,"₹1,886,674",Other,745.5,1,63,27.26,2023-02-20,0
C321,25.0,Female,South,Post-Graduate,Unemployed,,"₹117,792",Education,723.9,0,87,77.41,2024-04-05,0
C322,63.0,Male,North,Secondary,Business,506751.74,"₹1,899,439",Home,712.3,7,108,84.5,2018-01-19,1
C323,43.0,Male,East,Graduate,Salaried,245387.92,"₹974,122",Education,,1,12,23.49,2022-05-07,1
C324,30.0,Male,West,Graduate,Self-Employed,,"₹3,352,126",Other,728.8,1,71,15.97,2020-11-14,1
C325,,Male,West,Post-Graduate,Business,1405144.45,"₹357,738",Business,723.6,0,118,66.81,2026-01-31,0
C326,26.0,Female,South,Secondary,Business,733941.11,"₹271,263",Other,865.0,5,113,34.22,2023-08-08,0
C327,45.0,Female,East,Primary,Salaried,543014.99,"₹279,856",Other,611.2,0,91,40.35,2023-11-08,0
C328,41.0,Male,North,Secondary,Business,204636.74,"₹284,193",Other,672.3,2,124,126.01,2021-04-20,1
C329,41.0,Female,East,Graduate,Business,521074.24,"₹615,649",Business,509.9,0,65,38.33,2025-06-23,0
C330,25.0,Female,North,Post-Graduate,Business,468384.13,"₹130,099",Medical,699.1,5,32,97.11,2019-10-06,0
C331,18.0,Female,South,Post-Graduate,Salaried,249753.02,"₹207,298",Business,,5,117,14.02,2025-10-05,0
C332,58.0,Male,North,Graduate,Salaried,204286.39,"₹1,545,253",Education,723.7,1,62,96.17,2023-12-12,1
C333,29.0,Male,West,Primary,Salaried,890965.59,"₹78,401",Education,747.5,5,101,51.65,2017-02-26,0
C334,50.0,Male,West,Post-Graduate,Unemployed,464334.87,,Other,615.3,2,95,28.07,2020-01-11,1
C335,61.0,Female,South,Post-Graduate,Salaried,300090.34,"₹288,064",Business,805.9,0,86,17.63,2017-02-13,0
C336,60.0,Female,East,Graduate,Business,6645207.72,"₹598,936",Other,704.0,5,101,57.2,2025-03-16,0
C337,46.0,Female,East,Graduate,Self-Employed,325194.21,"₹96,153",Education,759.7,3,65,28.67,2025-12-01,0
C338,57.0,Female,East,Post-Graduate,Business,696471.94,"₹289,941",Car,606.3,5,51,19.26,2017-08-12,0
C339,27.0,Female,West,Post-Graduate,Unemployed,150955.08,"₹50,000",Home,661.3,4,52,39.51,2021-07-10,0
C340,49.0,Male,West,Post-Graduate,Self-Employed,932717.61,"₹221,446",Home,714.5,0,97,89.64,2024-10-13,0
C341,28.0,Male,South,Post-Graduate,Business,420774.47,"₹2,038,444",Car,775.2,0,7,53.26,2025-08-05,1
C342,57.0,Male,East,Primary,Unemployed,264733.3,"₹104,447",Home,775.0,3,102,32.62,2026-04-17,0
C343,69.0,Male,East,Post-Graduate,Salaried,600702.17,"₹170,198",Business,837.0,4,125,42.3,2016-02-18,0
C344,69.0,Female,North,Primary,Salaried,115731.36,"₹168,863",Business,779.6,6,123,31.77,2019-07-12,0
C345,44.0,Other,North,Secondary,Unemployed,322027.41,"₹134,342",Business,656.6,1,64,74.19,2024-03-07,0
C346,,Female,East,Primary,Unemployed,217659.85,"₹974,001",Business,707.2,6,110,85.05,2021-08-19,1
C347,43.0,Female,East,Graduate,Business,807613.53,"₹270,226",Home,707.7,0,143,34.67,2021-10-06,0
C348,20.0,Female,East,Post-Graduate,Self-Employed,531543.53,"₹307,965",Other,589.5,9,102,42.67,2021-10-25,1
C349,45.0,Female,North,Primary,Business,255989.31,"₹2,493,024",Education,648.9,4,34,68.64,2021-09-17,1
C350,60.0,Female,South,Post-Graduate,Self-Employed,163065.22,"₹659,782",Business,617.9,1,99,36.06,2019-10-26,1
C351,22.0,Male,West,Post-Graduate,Business,687367.77,"₹554,110",Business,587.9,2,137,44.85,2025-03-19,0
C352,20.0,Other,South,Graduate,Salaried,632950.87,"₹336,715",Medical,660.8,5,88,36.89,2018-03-10,0
C353,44.0,Male,East,Graduate,Self-Employed,752454.16,"₹324,569",Business,611.6,3,69,23.98,2025-05-03,0
C354,60.0,Female,South,Graduate,Salaried,1704537.56,"₹151,637",Medical,746.3,6,48,147.83,2015-07-23,0
C355,58.0,Other,East,Primary,,165263.39,"₹60,184",Home,511.4,3,113,14.15,2024-12-18,0
C356,69.0,Female,East,Post-Graduate,Salaried,418929.01,"₹321,659",Education,660.3,0,81,7.72,2018-06-17,0
C357,44.0,Female,South,Primary,Business,108826.55,"₹679,596",Education,,2,65,40.84,2017-07-31,1
C358,21.0,Male,West,Post-Graduate,Salaried,482000.22,"₹678,291",Business,646.4,3,140,65.46,2024-02-15,1
C359,23.0,Female,South,Secondary,Business,534499.31,"₹327,881",Other,788.1,1,96,80.31,2020-08-17,0
C360,42.0,Male,South,Graduate,Salaried,184426.33,"₹1,919,552",Education,704.5,3,135,17.85,2022-03-19,1
C361,31.0,,East,Primary,Self-Employed,360597.84,"₹83,397",Business,687.8,0,80,75.01,2022-12-01,0
C362,70.0,Female,East,Post-Graduate,Self-Employed,3209227.11,"₹1,419,078",Car,654.1,4,158,87.7,2019-12-17,0
C363,49.0,Male,North,Graduate,Unemployed,,"₹87,393",Other,578.7,3,34,43.49,2017-11-16,0
C364,22.0,Male,East,Secondary,Business,134465.88,"₹567,786",Business,631.4,0,116,17.12,2025-06-19,1
C365,41.0,Female,North,Secondary,Salaried,295623.58,"₹664,087",Home,662.6,0,117,22.29,2017-03-03,1
C366,48.0,Female,North,Graduate,Business,258635.58,"₹312,181",Home,707.4,1,96,37.17,2016-05-12,0
C367,42.0,Male,North,Secondary,Salaried,1401486.3,"₹369,566",Business,617.7,2,145,17.97,2015-03-28,0
C368,42.0,Female,West,Primary,Business,,"₹319,980",Business,,2,37,16.03,2022-12-21,0
C369,48.0,Female,West,Secondary,Self-Employed,146166.82,"₹432,023",Home,636.6,2,63,128.99,2018-03-30,1
C370,33.0,Female,North,Post-Graduate,Business,296434.87,"₹585,630",Medical,639.9,7,83,24.73,2022-07-12,1
C371,37.0,Male,East,Secondary,Salaried,371334.07,"₹172,122",Education,689.0,7,57,25.92,2015-02-25,0
C372,18.0,Male,East,Primary,Salaried,,"₹811,825",Car,794.5,2,117,28.3,2020-07-07,1
C373,30.0,Male,South,Graduate,Salaried,228823.72,"₹790,552",Education,723.0,0,227,22.05,2023-05-24,1
C374,56.0,Male,South,Primary,,996040.58,,Other,,0,87,38.11,2025-07-22,0
C375,,Male,South,Post-Graduate,Business,498194.37,"₹158,595",Medical,616.8,3,136,33.41,2023-06-17,0
C376,28.0,Male,East,Primary,Self-Employed,816049.5,"₹308,682",Education,629.6,0,124,36.36,2016-09-13,0
C377,23.0,Male,North,Graduate,Self-Employed,268788.25,"₹1,398,823",Business,602.4,0,90,10.32,2024-01-22,1
C378,70.0,Female,North,Post-Graduate,Self-Employed,957150.44,"₹167,203",Business,548.7,0,104,32.45,2019-03-19,0
C379,67.0,Female,West,Secondary,Unemployed,427995.37,"₹344,149",Education,825.6,3,67,58.14,2021-09-20,0
C380,55.0,Male,North,Secondary,Self-Employed,796758.35,"₹361,785",Other,750.5,5,105,38.23,2025-02-15,0
C381,37.0,Male,South,Primary,Self-Employed,,"₹813,971",Home,663.6,2,65,83.27,2018-07-10,1
C382,,Female,West,Post-Graduate,Salaried,102969.53,"₹687,062",Education,674.3,5,133,30.06,2025-04-17,1
C383,30.0,Male,South,Post-Graduate,Salaried,1543694.72,"₹162,470",Business,658.0,3,35,12.42,2021-09-02,0
C384,57.0,Male,West,Secondary,Self-Employed,261259.84,"₹357,263",Other,537.4,4,66,49.7,2016-06-30,1
C385,,Female,South,Post-Graduate,Unemployed,323667.35,"₹305,269",Other,634.5,0,88,35.28,2017-07-28,0
C386,26.0,Male,West,Post-Graduate,Unemployed,134610.92,"₹125,206",Car,522.6,7,121,51.45,2023-01-12,1
C387,31.0,Female,North,Secondary,Unemployed,,"₹646,459",Home,626.9,4,158,32.82,2017-01-18,0
C388,44.0,Male,North,Graduate,Self-Employed,650826.27,"₹751,344",Business,684.0,4,57,60.01,2023-11-11,1
C389,25.0,Male,South,Primary,Business,301616.53,"₹120,817",Education,741.9,0,1,135.85,2018-11-05,0
C390,24.0,Female,East,Post-Graduate,Self-Employed,265730.0,"₹50,000",Medical,680.7,0,56,27.0,2020-03-19,0
C391,55.0,Female,North,Secondary,Salaried,2348616.55,"₹1,362,352",Car,752.1,4,105,300.0,2022-05-16,1
C392,35.0,Male,North,Post-Graduate,Business,781025.84,"₹220,971",Medical,724.1,8,84,54.16,2023-07-23,0
C393,38.0,Male,West,Primary,Salaried,157631.73,"₹181,448",Business,770.6,0,146,17.73,2020-06-29,0
C394,29.0,Female,South,Graduate,Business,295031.94,,Business,740.6,1,99,114.53,2023-07-22,0
C395,23.0,Other,East,Secondary,,268690.53,"₹183,917",Business,738.8,5,92,40.12,2026-01-08,0
C396,44.0,Male,East,Post-Graduate,Unemployed,2237812.18,"₹726,589",Other,691.9,0,117,22.35,2023-02-08,0
C397,,Female,North,Secondary,Business,6706766.89,"₹118,973",Education,701.1,4,80,68.73,2024-07-28,0
C398,62.0,Male,West,Graduate,Unemployed,817956.09,"₹191,068",Medical,603.5,4,90,39.56,2024-05-15,0
C399,,Female,East,Post-Graduate,Self-Employed,289670.82,"₹287,662",Other,629.5,2,89,88.84,2017-06-13,1
C400,28.0,Male,East,Primary,Unemployed,3674586.87,"₹1,006,972",Business,534.4,3,52,75.51,2020-12-17,0
C401,48.0,Other,East,Post-Graduate,Business,99505.86,"₹452,071",Other,635.7,5,30,13.46,2021-04-08,1
C402,66.0,Male,East,Post-Graduate,Unemployed,4248371.51,"₹141,758",Education,713.1,2,30,21.5,2016-10-28,0
C403,45.0,Female,North,Post-Graduate,Business,,"₹298,949",Car,900.0,2,169,38.18,2020-06-16,0
C404,28.0,Other,North,Primary,Unemployed,1198480.08,"₹89,675",Home,559.3,0,38,159.84,2026-01-13,0
C405,68.0,Female,East,Secondary,Salaried,,"₹540,808",Car,534.2,0,93,55.77,2023-04-01,0
C406,38.0,Male,North,Graduate,Salaried,582409.58,"₹179,237",Medical,719.1,6,132,45.19,2015-03-17,0
C407,47.0,Male,South,Graduate,Self-Employed,499789.05,"₹58,553",Education,648.5,0,110,34.35,2026-02-07,0
C408,63.0,Male,North,Graduate,Self-Employed,884184.71,"₹1,485,565",Medical,677.5,4,131,141.36,2015-06-26,1
C409,43.0,Male,West,Post-Graduate,Business,893766.38,"₹99,535",Medical,729.6,0,90,63.61,2018-09-02,0
C410,26.0,Female,West,Graduate,Self-Employed,65275.97,"₹432,642",Home,574.6,4,12,51.83,2016-04-06,1
C411,40.0,Female,South,Primary,Salaried,669805.66,"₹137,188",Education,791.7,1,64,94.19,2023-07-28,0
C412,58.0,Female,West,Graduate,Salaried,478153.91,"₹350,089",Home,546.9,4,131,54.35,2017-10-22,0
C413,38.0,Male,South,Post-Graduate,Salaried,225001.66,"₹315,264",Home,536.5,1,90,49.63,2019-01-14,1
C414,,Female,East,Primary,Salaried,263178.86,"₹574,411",Car,625.5,0,88,43.88,2015-01-01,1
C415,37.0,Male,East,Post-Graduate,Self-Employed,,"₹955,294",Medical,689.1,4,92,9.51,2018-01-04,0
C416,53.0,Male,East,Graduate,Self-Employed,861448.49,"₹104,452",Other,731.5,7,69,15.31,2021-01-15,0
C417,62.0,,South,Graduate,Self-Employed,438955.43,"₹270,042",Education,716.5,3,75,52.09,2022-06-25,0
C418,27.0,Male,East,Primary,Salaried,415091.27,"₹50,000",Medical,671.2,0,93,239.19,2021-01-29,1
C419,24.0,Male,South,Graduate,Unemployed,1587283.84,"₹805,286",Other,673.1,7,77,44.68,2023-04-21,0
C420,67.0,Male,West,Post-Graduate,Self-Employed,,"₹335,871",Other,642.9,2,77,14.46,2017-01-08,0
C421,23.0,Male,South,Primary,Self-Employed,559769.75,"₹98,101",Car,636.2,0,115,32.96,2022-09-27,0
C422,65.0,Female,North,Post-Graduate,Self-Employed,3801795.82,"₹189,581",Education,684.5,6,77,31.73,2017-07-16,0
C423,61.0,Male,North,Graduate,Business,3875965.36,"₹418,965",Home,862.6,0,163,37.38,2017-05-27,0
C424,40.0,Female,South,Post-Graduate,Business,152994.31,"₹467,047",Education,563.8,8,92,22.69,2023-05-25,1
C425,41.0,Male,South,Graduate,Salaried,453885.63,"₹431,388",Education,735.8,5,148,38.97,2017-11-09,0
C426,66.0,Other,West,Post-Graduate,Self-Employed,500002.75,"₹455,899",Medical,,0,103,37.27,2020-07-22,0
C427,27.0,Female,South,Secondary,Business,865695.43,"₹1,487,854",Home,784.9,11,70,31.76,2017-01-14,1
C428,,Male,East,Secondary,Self-Employed,324701.0,"₹412,847",Home,636.8,1,123,31.87,2015-12-01,0
C429,21.0,Female,East,Secondary,Business,328845.11,"₹221,628",Car,781.0,3,57,18.85,2023-05-03,0
C430,59.0,Male,South,Post-Graduate,,,"₹1,891,172",Car,794.8,4,82,43.55,2025-08-20,1
C431,52.0,Female,South,Primary,Self-Employed,195064.46,"₹906,274",Medical,705.4,2,133,52.46,2016-01-08,1
C432,21.0,Female,South,Post-Graduate,Unemployed,3527292.98,"₹50,000",Medical,640.4,1,108,25.46,2019-11-20,0
C433,62.0,Male,West,Graduate,Business,994361.19,"₹140,611",Other,650.3,7,86,26.97,2022-10-17,0
C434,56.0,Male,East,Primary,Business,836937.43,"₹225,107",Other,722.1,4,191,300.0,2017-05-21,1
C435,65.0,Female,West,Graduate,Self-Employed,873547.52,"₹577,999",Car,712.5,4,31,22.04,2019-02-24,0
C436,30.0,Female,West,Secondary,,240935.12,"₹349,010",Car,806.7,2,95,209.91,2015-12-25,1
C437,33.0,Other,North,Graduate,Self-Employed,2248682.57,"₹429,976",Home,717.7,3,147,25.66,2020-06-20,0
C438,52.0,Female,East,Primary,Salaried,821921.82,"₹334,544",Other,588.0,6,96,11.71,2020-01-25,0
C439,42.0,Female,North,Post-Graduate,,1196189.11,"₹200,806",Medical,700.5,3,57,20.56,2021-10-06,0
C440,70.0,Male,East,Primary,Business,5475452.27,"₹427,430",Car,,3,45,11.68,2021-03-31,0
C441,,Male,South,Secondary,Unemployed,335182.81,"₹383,188",Medical,749.3,1,44,42.32,2016-11-15,0
C442,63.0,Male,South,Primary,Self-Employed,,"₹200,324",Car,,5,69,17.93,2024-06-11,0
C443,31.0,Male,North,Secondary,Salaried,420683.91,"₹154,516",Car,816.4,5,127,62.48,2018-05-11,0
C444,48.0,Other,South,Graduate,Unemployed,416282.81,"₹457,806",Other,694.4,7,103,40.16,2024-07-02,1
C445,,Female,East,Graduate,Self-Employed,441585.22,"₹1,349,786",Business,706.4,7,116,62.72,2025-07-04,1
C446,38.0,Female,West,Post-Graduate,Self-Employed,189086.01,"₹201,771",Medical,801.1,1,115,25.42,2019-10-02,0
C447,18.0,Other,East,Secondary,Self-Employed,608434.44,"₹479,582",Other,920.0,9,91,40.02,2023-10-06,0
C448,40.0,Male,North,Graduate,Unemployed,1496396.17,"₹718,917",Car,478.0,5,141,10.34,2020-03-12,0
C449,69.0,Female,South,Secondary,Business,460192.14,"₹434,790",Business,522.3,0,108,7.12,2016-12-15,0
C450,24.0,Female,East,Secondary,Business,262229.86,"₹138,533",Home,,0,95,145.81,2018-02-24,0
C451,54.0,Female,North,Graduate,Business,193229.75,"₹121,414",Other,753.9,2,58,165.59,2016-04-12,1
C452,68.0,Male,North,Secondary,,355423.79,"₹102,114",Car,677.7,0,102,98.18,2016-12-04,0
C453,64.0,Male,West,Post-Graduate,Self-Employed,,"₹368,133",Home,746.3,5,111,18.03,2023-07-13,0
C454,69.0,Male,West,Post-Graduate,Self-Employed,210101.43,"₹98,093",Home,665.7,5,54,52.67,2016-03-16,0
C455,45.0,Male,East,Secondary,Self-Employed,350202.19,"₹424,601",Education,604.8,6,159,45.39,2018-03-30,1
C456,60.0,Female,East,Primary,Self-Employed,499443.85,"₹431,855",Home,688.7,8,62,62.52,2017-03-09,1
C457,,Other,South,Post-Graduate,Self-Employed,596658.12,"₹67,720",Business,627.8,5,64,16.27,2025-03-24,0
C458,44.0,Male,East,Post-Graduate,Business,262647.91,"₹87,562",Home,818.6,5,39,36.02,2017-03-23,0
C459,69.0,Male,North,Primary,Unemployed,726244.44,"₹308,129",Business,,1,71,16.76,2025-05-28,0
C460,70.0,Female,West,Primary,Business,1097823.85,"₹427,315",Education,667.4,2,86,93.65,2022-02-13,0
C461,28.0,,West,Secondary,Unemployed,152677.85,"₹903,147",Medical,535.7,0,129,36.8,2017-10-31,1
C462,25.0,Female,West,Graduate,Self-Employed,185373.22,"₹347,908",Other,625.3,5,108,55.9,2025-03-05,1
C463,58.0,Other,East,Secondary,Self-Employed,654308.84,"₹2,047,611",Home,635.2,4,109,22.33,2019-01-19,1
C464,22.0,Female,East,Secondary,Unemployed,397052.49,"₹138,755",Home,702.2,1,97,67.28,2015-09-15,0
C465,39.0,Male,West,Primary,Self-Employed,520425.1,"₹427,022",Business,683.8,0,97,52.06,2021-02-19,0
C466,30.0,Male,East,Graduate,Unemployed,974597.64,,Car,668.4,4,68,29.36,2021-12-27,0
C467,68.0,,West,Post-Graduate,Unemployed,330558.75,"₹486,397",Education,609.4,1,112,12.72,2024-03-11,0
C468,56.0,Female,East,Post-Graduate,,443884.82,"₹148,997",Car,699.0,7,93,55.7,2022-03-19,0
C469,53.0,Male,West,Graduate,Self-Employed,521295.04,,Business,830.7,5,91,30.56,2026-01-29,1
C470,20.0,Male,West,Primary,Salaried,424974.72,"₹337,410",Other,610.1,3,87,43.55,2022-07-26,0
C471,19.0,Male,West,Primary,Unemployed,762830.78,"₹212,064",Car,619.1,1,15,26.91,2015-08-28,0
C472,21.0,Male,South,Primary,Business,3020811.8,"₹318,003",Education,723.8,3,82,18.33,2020-11-30,0
C473,62.0,,West,Graduate,Self-Employed,2027208.68,,Education,780.1,0,66,22.02,2025-12-28,0
C474,38.0,Other,West,Secondary,Salaried,315454.7,"₹610,608",Education,595.4,3,105,64.06,2017-05-06,1
C475,31.0,Female,East,Graduate,Unemployed,2028296.98,"₹217,270",Car,703.5,5,36,144.23,2017-04-16,0
C476,47.0,Male,North,Secondary,Salaried,972536.77,"₹473,629",Education,,5,111,17.22,2026-05-23,0
C477,21.0,Female,East,Graduate,Salaried,183552.73,"₹167,464",Home,662.3,7,99,28.49,2017-08-01,0
C478,20.0,Female,East,Secondary,Salaried,531377.08,"₹503,265",Education,696.2,5,35,39.72,2019-07-26,0
C479,58.0,Male,East,Primary,Salaried,,"₹425,592",Home,716.0,5,147,36.62,2020-12-01,0
C480,28.0,Female,North,Graduate,Unemployed,624936.67,"₹892,902",Medical,652.2,5,108,67.16,2022-11-13,1
C481,34.0,Female,West,Graduate,Business,359944.88,"₹176,160",Car,782.0,0,83,48.71,2024-03-15,0
C482,60.0,Male,East,Post-Graduate,Salaried,129019.9,"₹128,344",Medical,776.1,0,10,163.84,2025-01-28,1
C483,29.0,Male,East,Graduate,Unemployed,4674872.22,"₹96,312",Business,700.7,1,25,32.54,2015-03-10,0
C484,61.0,Male,West,Secondary,Business,829433.53,"₹586,115",Education,622.3,2,142,18.47,2024-08-26,0
C485,60.0,Male,North,Graduate,Self-Employed,375328.63,"₹905,288",Education,734.5,4,107,21.0,2025-08-12,1
C486,33.0,Female,West,Post-Graduate,,312679.61,"₹407,931",Education,,2,65,14.99,2021-10-02,0
C487,,Male,West,Secondary,Unemployed,155023.25,,Home,625.4,5,4,46.65,2021-07-31,1
C488,66.0,Male,South,Post-Graduate,Salaried,403122.01,"₹67,234",Other,722.5,0,15,13.39,2026-06-16,0
C489,63.0,Male,South,Secondary,Unemployed,627279.61,"₹1,051,130",Education,722.1,3,60,40.46,2017-09-24,1
C490,43.0,Female,South,Secondary,Business,1998155.58,"₹412,588",Business,672.5,4,36,8.66,2019-06-30,0
C491,48.0,Male,East,Primary,Unemployed,388937.74,"₹711,569",Car,719.0,4,49,56.19,2022-12-15,1
C492,47.0,Female,West,Graduate,Salaried,1399768.92,"₹302,289",Business,747.5,7,112,21.23,2022-08-11,0
C493,63.0,Male,East,Graduate,Unemployed,275564.7,"₹55,193",Home,,1,45,72.63,2016-07-07,0
C494,19.0,Female,South,Secondary,Salaried,786592.84,"₹210,500",Medical,624.1,3,71,68.46,2023-05-25,0
C495,58.0,Male,South,Graduate,Salaried,774973.13,"₹345,892",Other,619.3,3,128,63.29,2015-07-18,0
C496,60.0,Male,South,Primary,Self-Employed,1161429.74,"₹324,174",Medical,804.9,6,59,38.92,2025-08-16,0
C497,40.0,Male,South,Primary,Unemployed,426301.83,"₹210,735",Car,622.4,1,174,14.62,2016-07-10,0
C498,36.0,Male,South,Graduate,Unemployed,715670.88,,Other,614.1,6,98,20.57,2022-05-24,1
C499,21.0,Male,West,Primary,Salaried,398191.11,"₹945,472",Home,673.7,1,95,35.36,2020-02-09,1
C500,21.0,Male,South,Post-Graduate,Salaried,539486.58,"₹509,239",Education,753.4,0,122,100.02,2019-05-06,0
C501,45.0,Male,South,Secondary,Salaried,585209.29,"₹148,475",Home,611.6,6,75,38.85,2016-09-21,0
C502,34.0,Female,South,Post-Graduate,Business,447414.04,,Other,,1,135,19.33,2024-03-19,0
C503,57.0,Female,East,Primary,Self-Employed,521163.27,"₹144,471",Business,695.9,2,83,34.7,2023-08-01,0
C504,46.0,Male,South,Secondary,Unemployed,233535.73,"₹155,642",Education,785.7,0,36,99.45,2015-08-13,0
C505,64.0,Female,West,Post-Graduate,Salaried,1285661.16,"₹765,735",Car,598.0,2,93,112.91,2020-05-05,1
C506,18.0,Male,East,Primary,Self-Employed,848476.53,"₹112,413",Education,618.3,0,33,17.18,2022-03-14,0
C507,29.0,Female,West,Primary,Unemployed,292767.27,"₹214,469",Car,760.8,0,61,63.68,2026-02-06,0
C508,32.0,Female,South,Secondary,Salaried,172845.59,"₹305,613",Medical,702.6,4,187,99.67,2016-01-02,1
C509,33.0,Male,North,Primary,Unemployed,194260.54,"₹405,351",Medical,676.3,3,20,85.81,2021-08-05,1
C510,19.0,Male,East,Primary,Business,1186512.25,"₹309,194",Home,847.3,3,80,62.05,2016-10-04,0
C511,32.0,Female,West,Primary,Salaried,769631.27,"₹211,170",Education,740.6,1,118,60.74,2024-03-12,0
C512,23.0,Male,North,Graduate,Unemployed,649803.3,"₹556,613",Education,671.8,3,49,45.01,2020-11-02,0
C513,39.0,Male,North,Primary,Unemployed,664193.09,"₹132,101",Other,,1,34,84.84,2024-01-09,0
C514,53.0,Male,East,Primary,Business,,"₹199,823",Other,731.1,4,61,38.75,2019-02-11,0
C515,67.0,Female,North,Secondary,Salaried,613002.05,"₹215,302",Business,516.2,0,79,84.67,2026-05-26,0
C516,36.0,Male,West,Graduate,Self-Employed,872435.7,"₹705,260",Medical,749.9,2,134,26.83,2020-10-26,0
C517,66.0,Male,South,Graduate,Self-Employed,144959.17,"₹83,990",Other,756.9,0,15,32.16,2024-07-25,0
C518,46.0,Female,South,Post-Graduate,Business,1433416.33,"₹137,915",Medical,690.9,4,27,27.9,2018-07-07,0
C519,39.0,Male,West,Primary,Business,518380.78,"₹1,209,466",Car,638.1,1,109,20.07,2025-11-13,1
C520,64.0,Female,East,Secondary,Self-Employed,612518.46,"₹465,212",Other,639.4,0,49,57.85,2020-04-06,0
C521,40.0,Female,South,Graduate,Self-Employed,2356263.37,"₹494,223",Other,664.2,5,144,33.59,2020-07-19,0
C522,45.0,Male,South,Post-Graduate,Business,700973.78,"₹4,940,525",Education,,4,166,31.16,2022-04-01,1
C523,61.0,Male,West,Post-Graduate,Unemployed,,"₹291,526",Car,763.6,3,125,58.34,2022-05-24,0
C524,56.0,Female,North,Primary,,617069.3,"₹230,017",Home,610.2,4,67,30.9,2020-07-30,0
C525,20.0,,North,Post-Graduate,Unemployed,208174.88,"₹575,333",Home,679.9,0,30,14.33,2024-04-25,1
C526,18.0,Other,South,Primary,,172524.49,"₹1,716,861",Business,766.3,3,119,57.02,2021-07-13,1
C527,23.0,Male,West,Graduate,Unemployed,184720.08,"₹1,242,461",Other,664.1,2,46,20.24,2018-03-23,1
C528,,Male,South,Secondary,Unemployed,575100.33,"₹896,946",Home,709.7,6,106,26.6,2018-05-18,1
C529,38.0,Female,West,Primary,Business,1452913.98,"₹332,368",Car,625.2,7,169,58.68,2015-04-22,0
C530,51.0,Other,North,Secondary,Self-Employed,166666.34,"₹747,345",Medical,485.1,0,109,35.84,2021-01-29,1
C531,38.0,Female,East,Secondary,Self-Employed,200426.58,,Business,625.8,3,87,65.35,2022-02-15,1
C532,29.0,Male,West,Primary,Salaried,363839.58,"₹327,297",Car,413.1,4,120,43.85,2015-04-26,1
C533,35.0,Male,West,Graduate,Business,665772.23,"₹361,297",Education,754.6,6,88,94.9,2023-08-04,0
C534,54.0,Other,East,Post-Graduate,Self-Employed,814353.24,"₹705,255",Home,717.0,0,86,53.68,2026-03-23,0
C535,33.0,Female,West,Post-Graduate,Unemployed,775452.58,"₹220,791",Other,690.8,4,86,34.95,2020-08-14,0
C536,25.0,Female,West,Graduate,Self-Employed,179024.09,"₹788,976",Car,723.8,10,88,33.68,2015-03-29,1
C537,46.0,Male,South,Primary,Business,12604227.15,"₹111,099",Medical,467.8,8,87,43.74,2025-07-23,0
C538,58.0,Female,West,Secondary,Unemployed,1323244.42,"₹113,718",Other,707.1,2,66,63.08,2024-12-11,0
C539,63.0,Male,East,Primary,Business,586236.08,"₹658,777",Home,768.2,0,1,19.54,2016-05-18,0
C540,30.0,Other,South,Graduate,Salaried,806822.4,"₹1,126,611",Medical,660.5,1,82,31.24,2016-12-06,0
C541,47.0,Male,North,Primary,Self-Employed,736178.82,"₹530,339",Education,792.0,5,119,72.59,2017-12-23,0
C542,21.0,Male,East,Secondary,Business,243135.61,"₹147,926",Other,582.1,0,93,24.1,2025-01-31,0
C543,61.0,Male,North,Post-Graduate,Self-Employed,534103.55,"₹85,958",Home,712.8,7,124,23.18,2015-09-15,0
C544,51.0,Female,South,Post-Graduate,Self-Employed,467879.82,"₹3,567,186",Other,555.3,0,156,18.31,2022-07-21,1
C545,24.0,Male,East,Graduate,Self-Employed,472808.59,"₹722,076",Home,605.9,4,89,21.83,2021-09-25,1
C546,32.0,,North,Post-Graduate,Unemployed,434584.96,"₹469,037",Business,757.3,5,83,199.73,2025-04-15,1
C547,28.0,Female,North,Secondary,Self-Employed,1060831.52,"₹179,918",Other,684.0,7,57,28.12,2023-11-03,0
C548,31.0,Female,West,Post-Graduate,Self-Employed,745379.68,"₹479,384",Education,744.7,5,31,34.45,2016-08-10,0
C549,49.0,Female,North,Secondary,Self-Employed,895417.3,"₹1,080,647",Business,779.0,0,100,35.57,2019-01-13,0
C550,27.0,Male,East,Post-Graduate,,,"₹786,991",Other,731.0,7,137,24.0,2023-08-12,1
C551,47.0,Male,West,Post-Graduate,Unemployed,853112.8,"₹505,837",Medical,606.5,3,64,18.77,2024-07-05,0
C552,66.0,Male,North,Secondary,Salaried,583362.06,"₹571,714",Education,765.2,5,122,9.48,2023-04-14,0
C553,45.0,Male,East,Primary,Business,2015147.75,"₹142,589",Education,666.4,3,90,52.96,2021-02-28,0
C554,47.0,Female,South,Post-Graduate,Salaried,197947.68,"₹779,075",Other,713.5,7,60,36.37,2020-10-05,1
C555,59.0,Other,North,Post-Graduate,Salaried,,"₹441,871",Education,671.3,2,110,16.77,2019-03-02,0
C556,50.0,Female,North,Post-Graduate,Self-Employed,699859.28,"₹84,353",Other,862.8,0,26,30.22,2015-05-29,0
C557,38.0,Male,North,Graduate,Unemployed,695732.29,"₹500,000",Education,640.2,5,25,12.67,2023-10-01,0
C558,43.0,Male,North,Post-Graduate,Business,530045.02,"₹260,652",Medical,711.2,0,53,25.96,2021-05-14,0
C559,65.0,Female,South,Post-Graduate,Self-Employed,212609.51,"₹128,745",Other,704.4,0,54,12.58,2017-05-15,0
C560,61.0,Female,East,Post-Graduate,Self-Employed,1326212.53,"₹748,763",Other,656.9,2,137,27.58,2018-11-12,0
C561,24.0,Male,West,Post-Graduate,Unemployed,189571.11,"₹66,386",Medical,788.6,3,47,71.38,2023-09-25,0
C562,50.0,Male,South,Post-Graduate,,747737.26,"₹452,304",Car,593.8,6,100,34.26,2024-12-13,0
C563,68.0,Male,West,Primary,Business,141861.02,"₹1,003,183",Business,590.5,2,110,108.19,2015-07-14,1
C564,48.0,Female,North,Graduate,Unemployed,2575932.09,"₹50,000",Education,483.2,3,71,63.36,2018-10-16,0
C565,44.0,Female,East,Secondary,Self-Employed,835567.37,"₹380,172",Medical,,3,77,126.16,2021-03-05,1
C566,20.0,Other,South,Secondary,Business,678106.06,"₹648,423",Business,763.3,2,69,60.91,2021-07-22,0
C567,34.0,Female,South,Primary,Self-Employed,4574150.78,"₹195,779",Business,589.4,2,146,49.33,2023-05-25,0
C568,49.0,Female,South,Post-Graduate,Self-Employed,482603.09,"₹126,074",Business,660.2,0,49,22.65,2026-03-10,0
C569,54.0,Female,North,Secondary,Self-Employed,411989.13,"₹1,237,241",Education,830.4,1,152,34.97,2020-06-27,1
C570,69.0,Female,South,Secondary,Self-Employed,806811.6,"₹436,982",Car,748.5,3,77,110.26,2016-05-13,0
C571,32.0,Male,West,Post-Graduate,Salaried,630491.43,"₹388,024",Other,725.9,3,100,48.81,2017-07-02,0
C572,46.0,Other,South,Post-Graduate,Salaried,281433.62,"₹405,592",Education,770.2,1,65,42.42,2026-04-14,0
C573,58.0,Female,North,Secondary,Unemployed,513164.65,"₹1,025,962",Medical,727.4,0,101,21.7,2021-11-21,0
C574,,Male,West,Primary,Business,1051153.75,"₹214,233",Other,632.9,5,139,25.94,2025-08-17,0
C575,56.0,Male,East,Secondary,Business,382654.44,"₹131,776",Education,677.4,0,57,67.85,2024-03-02,0
C576,59.0,Male,West,Graduate,Salaried,864867.49,"₹500,000",Business,731.5,0,124,165.03,2026-04-13,0
C577,35.0,Male,North,Secondary,Self-Employed,315541.75,"₹59,880",Home,614.2,0,57,49.1,2017-04-10,0
C578,58.0,Male,East,Graduate,Unemployed,,"₹159,323",Medical,685.3,4,105,57.81,2020-11-05,0
C579,51.0,Male,North,Secondary,Salaried,2714487.3,"₹905,859",Car,679.0,0,95,19.28,2015-07-09,0
C580,25.0,Female,West,Post-Graduate,Unemployed,1461451.17,"₹706,118",Medical,755.1,2,102,43.28,2018-07-20,0
C581,23.0,Female,West,Secondary,Salaried,,"₹159,845",Home,661.8,2,63,144.78,2024-09-12,0
C582,43.0,Female,East,Primary,Unemployed,436901.23,"₹447,634",Car,762.8,3,38,9.3,2018-06-04,0
C583,67.0,Male,South,Graduate,Self-Employed,154571.93,"₹233,340",Business,,1,153,68.46,2016-02-08,0
C584,46.0,Male,South,Secondary,Unemployed,575969.96,"₹307,454",Business,890.0,4,182,62.76,2022-02-08,0
C585,30.0,Male,North,Graduate,,342543.48,"₹101,869",Home,823.5,1,109,53.06,2025-07-28,0
C586,35.0,Female,East,Primary,Self-Employed,7141268.17,"₹310,202",Car,624.7,1,74,60.12,2024-04-21,0
C587,44.0,Male,South,Secondary,Self-Employed,42393.29,"₹236,622",Home,666.1,2,134,55.62,2024-02-22,1
C588,52.0,Male,South,Secondary,Salaried,,"₹983,101",Education,696.1,1,63,27.43,2017-11-16,1
C589,60.0,Female,East,Primary,Unemployed,471595.2,"₹91,222",Car,753.3,6,83,48.09,2020-08-15,0
C590,64.0,Female,East,Graduate,Unemployed,809074.9,,Car,616.2,3,85,88.39,2016-01-29,0
C591,29.0,Male,South,Primary,Self-Employed,252055.93,"₹288,809",Other,722.9,0,102,42.58,2021-04-07,0
C592,67.0,Female,East,Graduate,Self-Employed,87754.25,"₹375,398",Home,788.8,1,88,25.46,2017-10-31,1
C593,32.0,Female,North,Primary,Business,227794.24,"₹1,170,362",Car,730.0,2,126,10.4,2015-05-17,1
C594,64.0,Other,East,Secondary,Salaried,,"₹1,306,965",Medical,617.0,5,138,98.91,2018-05-30,1
C595,57.0,Male,South,Graduate,Salaried,475219.68,"₹339,964",Business,526.6,0,71,207.21,2020-06-09,1
C596,68.0,Male,West,Post-Graduate,Self-Employed,293949.55,"₹172,164",Medical,703.8,3,111,26.79,2017-08-18,0
C597,37.0,Female,North,Post-Graduate,Self-Employed,684441.08,"₹596,542",Other,854.2,2,73,10.83,2017-07-13,0
C598,47.0,Male,South,Post-Graduate,Business,328084.08,"₹446,584",Education,900.0,0,24,104.67,2017-05-11,0
C599,64.0,Female,East,Graduate,Business,254919.85,"₹559,851",Medical,580.5,0,102,62.61,2023-06-06,1
C600,51.0,Female,West,Primary,Salaried,911716.31,"₹342,437",Education,,0,13,34.26,2015-11-23,0
C601,59.0,Female,West,Primary,Unemployed,1588144.52,"₹392,168",Education,871.0,4,153,248.57,2020-09-07,1
C602,70.0,Female,East,Graduate,Self-Employed,121180.15,"₹696,149",Car,611.2,0,61,79.49,2022-10-26,1
C603,,Male,East,Graduate,Self-Employed,347888.03,"₹103,449",Car,593.9,0,118,28.24,2023-02-09,0
C604,28.0,Male,North,Primary,Self-Employed,1714178.12,"₹440,421",Education,607.5,2,64,11.77,2024-01-28,0
C605,27.0,Female,East,Graduate,Unemployed,,"₹988,235",Car,654.5,4,90,13.51,2019-11-29,1
C606,32.0,Female,South,Secondary,Salaried,1292338.48,"₹167,333",Education,726.4,0,50,33.29,2023-03-01,0
C607,45.0,Male,East,Secondary,Business,530933.17,"₹60,827",Medical,,0,191,68.54,2017-05-08,0
C608,32.0,Female,East,Secondary,Unemployed,71906.34,"₹237,272",Other,,6,96,226.21,2025-09-09,1
C609,27.0,Male,East,Primary,Business,3080686.48,"₹573,353",Business,899.2,0,42,54.72,2026-05-24,0
C610,27.0,Other,East,Primary,Salaried,787053.95,"₹355,765",Other,709.5,0,49,24.99,2026-02-06,0
C611,25.0,Male,North,Primary,Unemployed,,"₹187,489",Car,660.1,4,68,39.98,2024-01-02,0
C612,32.0,Male,North,Graduate,Unemployed,1033234.95,"₹101,285",Home,521.5,2,89,34.69,2023-05-29,0
C613,29.0,Male,West,Secondary,,673177.66,"₹122,969",Education,693.1,0,37,59.72,2021-12-28,0
C614,24.0,Male,South,Secondary,Salaried,495951.19,"₹1,296,968",Business,717.7,5,123,29.45,2020-05-15,1
C615,30.0,Male,North,Graduate,Salaried,,"₹328,598",Car,576.9,2,50,23.58,2025-01-17,0
C616,36.0,Female,West,Post-Graduate,Unemployed,359060.24,"₹175,846",Car,742.1,3,57,50.54,2015-12-08,0
C617,23.0,Male,South,Graduate,Salaried,525317.69,"₹313,829",Business,624.8,0,170,52.67,2019-07-26,0
C618,31.0,Female,North,Primary,Unemployed,136416.21,"₹669,414",Other,627.8,4,113,222.12,2024-06-25,1
C619,54.0,Female,East,Secondary,Business,440852.0,"₹89,862",Home,691.2,0,85,57.81,2020-01-01,0
C620,58.0,Male,North,Secondary,Unemployed,138351.55,"₹891,001",Home,658.1,4,65,67.14,2019-07-14,1
C621,53.0,Female,South,Secondary,Salaried,476645.76,"₹563,636",Car,700.7,0,69,45.17,2026-04-18,0
C622,67.0,Male,East,Primary,Salaried,1273247.09,"₹817,277",Other,696.8,1,104,30.63,2019-02-16,0
C623,30.0,Male,West,Primary,Unemployed,228385.82,"₹332,371",Other,793.9,4,35,33.35,2017-04-30,0
C624,32.0,,West,Primary,Salaried,3216185.34,"₹95,538",Other,656.3,0,19,20.26,2025-01-31,0
C625,33.0,Female,West,Graduate,Business,376979.38,"₹638,161",Car,655.5,0,88,66.42,2021-09-22,1
C626,20.0,Female,West,Secondary,Unemployed,126060.69,"₹85,965",Other,727.2,6,76,22.35,2017-12-26,0
C627,51.0,Male,South,Secondary,Self-Employed,3040237.94,"₹597,588",Education,772.0,0,76,36.99,2025-02-22,0
C628,67.0,,West,Primary,,210354.2,"₹207,165",Other,754.9,1,52,52.71,2018-06-30,0
C629,43.0,Female,South,Secondary,Unemployed,358066.98,"₹660,968",Car,688.3,0,107,32.03,2023-01-01,1
C630,65.0,Male,South,Graduate,Salaried,62924.52,"₹787,850",Home,688.0,6,120,70.56,2024-04-24,1
C631,52.0,Female,West,Secondary,Unemployed,732328.36,"₹193,906",Business,710.4,2,123,35.5,2023-02-16,0
C632,55.0,Female,South,Post-Graduate,Salaried,1114109.47,"₹134,084",Education,618.1,8,86,18.97,2016-11-11,0
C633,56.0,Female,North,Post-Graduate,Self-Employed,,"₹101,902",Medical,606.6,0,126,69.5,2022-06-20,0
C634,20.0,Male,North,Primary,Business,89937.73,,Education,678.2,3,50,72.0,2025-12-18,1
C635,35.0,Male,West,Primary,Business,804079.38,"₹62,474",Home,707.0,3,86,21.82,2017-09-26,0
C636,63.0,Male,South,Primary,Self-Employed,213843.17,"₹286,490",Business,607.2,3,120,191.71,2016-05-16,1
C637,29.0,Female,North,Primary,Self-Employed,1209480.94,"₹346,352",Medical,,1,91,18.49,2021-08-27,0
C638,,Female,East,Secondary,Unemployed,296772.2,"₹445,030",Home,622.5,0,93,30.92,2025-01-01,0
C639,65.0,Female,North,Graduate,Business,995957.58,"₹443,798",Medical,588.3,7,75,49.65,2020-02-12,0
C640,28.0,Male,East,Post-Graduate,Unemployed,1081881.03,"₹949,247",Business,768.1,5,143,13.35,2018-05-08,0
C641,41.0,Male,West,Secondary,Self-Employed,584584.23,"₹246,249",Business,759.1,3,138,21.16,2026-03-12,0
C642,45.0,Male,West,Primary,Business,314550.07,"₹6,697,947",Medical,651.9,5,137,58.91,2017-09-25,1
C643,26.0,Female,East,Graduate,Business,169055.79,,Other,728.0,1,159,46.76,2022-06-05,0
C644,30.0,Male,East,Secondary,Self-Employed,886487.27,"₹722,065",Home,655.8,4,118,42.7,2020-12-19,0
C645,46.0,Male,South,Graduate,Self-Employed,,"₹167,064",Other,722.1,0,57,47.85,2016-05-11,0
C646,30.0,Female,East,Secondary,Unemployed,,"₹1,949,307",Business,832.5,3,73,25.08,2018-04-24,0
C647,58.0,Male,South,Post-Graduate,Business,238304.83,"₹537,235",Medical,818.3,8,124,31.78,2023-05-31,1
C648,19.0,Female,West,Graduate,,159564.52,"₹416,471",Car,605.1,0,85,66.6,2016-07-10,1
C649,,Male,South,Secondary,Salaried,342560.37,"₹292,416",Car,629.5,0,122,37.3,2020-11-06,0
C650,33.0,Male,North,Primary,Self-Employed,484965.91,"₹131,862",Home,548.3,0,119,62.16,2016-07-10,0
C651,30.0,Female,North,Secondary,Self-Employed,560584.07,"₹366,181",Business,708.4,4,146,22.14,2026-06-17,0
C652,28.0,Male,East,Graduate,Self-Employed,362751.32,"₹474,195",Car,612.9,3,100,165.89,2019-08-12,1
C653,66.0,Female,East,Secondary,Business,408619.37,"₹732,488",Business,611.3,2,105,39.93,2022-05-05,1
C654,,Female,South,Post-Graduate,Unemployed,561956.96,,Other,745.4,5,45,83.97,2023-07-22,1
C655,54.0,,North,Primary,,308515.95,"₹263,345",Business,,1,165,62.97,2015-09-06,0
C656,29.0,Male,North,Primary,Self-Employed,291115.25,,Business,608.9,0,113,15.02,2025-06-12,0
C657,29.0,Male,North,Primary,Business,1393133.52,"₹100,570",Car,726.4,7,102,68.01,2025-12-16,0
C658,63.0,Other,North,Graduate,Business,204757.02,"₹334,833",Education,679.4,0,81,53.04,2024-01-05,1
C659,47.0,Male,East,Secondary,Unemployed,751322.5,"₹127,584",Medical,782.6,1,31,81.59,2018-04-03,0
C660,39.0,Female,South,Secondary,Self-Employed,1046068.03,"₹345,563",Business,650.5,0,60,99.47,2022-07-06,0
C661,25.0,Male,East,Post-Graduate,,276003.42,"₹463,337",Business,534.7,4,90,81.49,2017-06-02,1
C662,27.0,Male,East,Secondary,,355118.39,"₹103,867",Other,682.6,2,76,37.5,2023-01-07,0
C663,43.0,Male,East,Graduate,Unemployed,390736.75,"₹1,771,532",Business,585.3,0,71,34.19,2017-03-13,1
C664,62.0,Female,East,Post-Graduate,Salaried,737995.97,"₹130,203",Home,729.4,5,111,24.44,2025-07-11,0
C665,38.0,Male,West,Secondary,Unemployed,742066.38,"₹303,148",Car,,6,27,28.59,2026-01-06,0
C666,46.0,Male,South,Primary,Business,636951.38,"₹289,187",Education,651.5,1,69,32.35,2020-01-05,0
C667,61.0,Female,West,Secondary,,266142.9,"₹69,698",Medical,566.4,5,56,36.15,2024-10-14,0
C668,62.0,Male,North,Primary,Salaried,360777.79,"₹149,234",Other,753.8,0,134,32.54,2016-07-01,0
C669,,Female,West,Primary,Salaried,324932.39,"₹50,106",Business,844.6,3,159,62.47,2025-08-25,0
C670,48.0,Male,North,Secondary,Unemployed,,"₹572,659",Other,604.1,4,89,13.59,2024-04-10,0
C671,41.0,Male,East,Post-Graduate,Salaried,332832.67,"₹524,335",Car,709.5,1,1,40.78,2018-07-12,0
C672,56.0,Female,East,Post-Graduate,Salaried,,"₹65,218",Education,705.3,0,106,82.11,2022-05-03,0
C673,48.0,Female,West,Post-Graduate,Self-Employed,477373.79,"₹181,277",Education,679.4,5,78,123.43,2022-10-26,0
C674,30.0,Male,West,Graduate,Business,,"₹680,526",Business,773.2,4,146,70.81,2019-08-02,0
C675,55.0,Female,South,Primary,Business,635294.53,"₹560,156",Education,619.9,3,83,42.16,2016-08-13,0
C676,,Male,West,Primary,Salaried,1467679.53,"₹358,633",Car,782.8,6,103,38.19,2017-09-05,0
C677,29.0,Male,East,Primary,Salaried,966760.85,"₹57,363",Education,659.0,1,84,23.8,2021-03-20,0
C678,45.0,Male,South,Secondary,Business,1240096.91,"₹489,261",Business,675.4,2,88,15.45,2021-01-18,0
C679,25.0,Male,South,Post-Graduate,Self-Employed,201884.89,"₹7,341,290",Other,639.4,0,115,32.83,2018-05-16,1
C680,42.0,Female,West,Primary,Business,144872.18,"₹7,237,443",Medical,609.5,0,117,26.45,2016-09-25,1
C681,62.0,Female,West,Secondary,Unemployed,278246.87,"₹173,629",Business,607.2,1,117,61.69,2015-06-29,0
C682,54.0,Male,East,Post-Graduate,Salaried,478001.86,,Home,656.3,6,89,61.76,2019-05-23,0
C683,42.0,Male,North,Secondary,Salaried,700981.61,"₹334,482",Medical,678.5,4,15,21.12,2018-09-27,0
C684,22.0,Male,North,Primary,Self-Employed,288879.99,"₹57,941",Car,743.5,0,77,17.5,2019-03-11,0
C685,68.0,Male,East,Secondary,Business,509368.48,"₹1,007,217",Car,681.3,4,90,55.51,2023-06-19,1
C686,18.0,Male,West,Post-Graduate,Unemployed,,"₹259,210",Car,794.4,0,54,34.36,2024-02-22,0
C687,50.0,Female,South,Primary,Self-Employed,,"₹2,315,864",Other,547.2,3,100,34.54,2018-02-19,1
C688,68.0,Male,West,Secondary,Self-Employed,424773.68,"₹189,999",Business,548.4,9,120,30.86,2025-06-07,0
C689,59.0,Female,North,Graduate,Business,1335951.46,"₹110,558",Home,,2,88,13.62,2023-04-30,0
C690,46.0,Male,East,Post-Graduate,Business,631642.44,"₹309,116",Home,577.3,3,79,137.69,2026-05-07,1
C691,27.0,Male,East,Post-Graduate,Business,168481.33,"₹256,592",Other,,0,117,62.19,2018-09-18,0
C692,49.0,Male,North,Post-Graduate,Business,235681.83,,Car,676.7,0,23,56.18,2020-07-02,1
C693,70.0,Male,West,Post-Graduate,Business,309337.15,"₹536,720",Business,630.4,8,107,40.48,2023-12-20,1
C694,54.0,Male,East,Primary,Self-Employed,204730.41,"₹113,043",Home,725.6,3,68,38.69,2023-04-23,0
C695,37.0,Male,West,Post-Graduate,Unemployed,613189.09,"₹128,661",Other,718.5,5,104,44.01,2017-01-26,0
C696,59.0,Male,North,Primary,Unemployed,300046.07,"₹155,923",Medical,696.5,2,84,80.9,2015-11-16,0
C697,23.0,,North,Secondary,Self-Employed,491052.38,"₹367,181",Education,708.1,1,43,25.17,2023-10-28,0
C698,60.0,Male,West,Post-Graduate,Business,1222180.31,"₹691,204",Home,671.2,5,41,20.98,2018-06-25,0
C699,23.0,Male,North,Secondary,Salaried,765633.57,"₹208,171",Other,524.4,6,59,17.7,2025-08-12,0
C700,20.0,Male,South,Post-Graduate,Self-Employed,399840.72,"₹646,608",Other,566.0,8,75,88.23,2022-05-02,1
C701,63.0,Male,East,Secondary,Salaried,916712.57,"₹229,783",Education,586.7,2,97,31.01,2023-05-14,0
C702,18.0,Male,West,Secondary,Self-Employed,110214.67,"₹503,916",Business,728.2,0,40,8.22,2015-11-19,1
C703,64.0,Female,East,Post-Graduate,Salaried,404598.65,"₹1,270,448",Education,690.6,5,134,64.71,2023-11-09,1
C704,18.0,Female,South,Primary,Self-Employed,1542214.99,"₹50,000",Medical,562.0,4,43,32.73,2021-11-13,0
C705,60.0,Male,West,Secondary,Business,1300746.53,"₹704,351",Business,615.5,4,71,22.81,2020-10-07,0
C706,28.0,Male,South,Secondary,Business,282405.25,,Business,,5,118,74.94,2017-09-27,1
C707,60.0,Female,East,Primary,Business,923217.82,"₹135,808",Home,660.5,1,91,29.21,2024-09-12,0
C708,69.0,Female,West,Secondary,Self-Employed,154706.43,"₹452,009",Education,605.6,0,16,38.84,2023-09-08,1
C709,59.0,Male,South,Primary,Salaried,468594.84,"₹444,365",Business,836.3,1,119,43.48,2018-01-17,0
C710,49.0,Female,East,Primary,Salaried,1479844.82,"₹331,446",Medical,590.3,7,67,6.93,2016-09-01,0
C711,41.0,Male,West,Graduate,Business,438501.78,"₹175,412",Car,573.1,2,172,64.13,2017-10-10,0
C712,54.0,Male,North,Secondary,Salaried,72232.66,,Home,821.8,0,61,23.22,2021-09-03,1
C713,43.0,Other,North,Graduate,Unemployed,216320.55,"₹670,650",Business,782.8,8,90,52.34,2015-05-18,1
C714,31.0,Female,South,Secondary,Self-Employed,522173.05,"₹507,141",Car,752.1,4,147,18.3,2022-09-21,0
C715,,Female,West,Graduate,Business,205632.73,"₹255,219",Other,702.1,5,112,9.99,2017-12-21,0
C716,20.0,Male,South,Primary,Salaried,669122.42,"₹687,420",Education,784.9,4,106,8.5,2017-10-06,0
C717,38.0,Male,West,Graduate,Unemployed,2412574.27,"₹243,015",Car,736.4,2,88,15.06,2021-06-26,0
C718,44.0,Male,East,Secondary,Business,2359694.85,"₹766,238",Business,,0,55,54.67,2025-09-11,0
C719,35.0,Male,West,Secondary,Unemployed,246072.12,"₹1,231,723",Home,778.6,6,78,103.21,2024-01-21,1
C720,22.0,Female,North,Secondary,Business,318747.62,"₹1,372,166",Medical,620.8,3,89,90.71,2024-05-31,1
C721,39.0,Male,West,Secondary,Self-Employed,230431.06,"₹50,000",Education,597.8,0,55,27.24,2020-06-29,0
C722,20.0,Male,East,Post-Graduate,,545974.39,"₹409,311",Home,650.1,3,169,21.89,2016-08-17,0
C723,61.0,Female,West,Secondary,Self-Employed,759451.33,"₹2,225,207",Home,831.0,6,115,63.72,2020-05-29,1
C724,48.0,Female,East,Secondary,Salaried,1572758.0,"₹86,460",Other,713.7,7,90,43.37,2017-03-09,0
C725,54.0,Male,East,Secondary,Self-Employed,890920.59,"₹154,719",Other,574.5,4,80,20.72,2021-09-20,0
C726,45.0,Male,North,Secondary,Unemployed,408579.48,"₹262,281",Business,553.1,0,111,53.33,2022-05-27,0
C727,28.0,Female,South,Post-Graduate,Unemployed,447845.38,"₹571,646",Medical,,0,27,73.63,2017-07-16,0
C728,,Male,South,Primary,Self-Employed,536104.25,"₹1,080,565",Education,610.1,3,140,26.34,2020-10-28,1
C729,39.0,Female,South,Secondary,Salaried,257806.18,"₹546,585",Other,568.7,2,80,60.94,2018-09-10,1
C730,35.0,Male,North,Primary,Salaried,2765880.8,"₹2,269,093",Medical,581.0,2,33,35.53,2024-11-05,0
C731,59.0,Male,North,Primary,Self-Employed,1326197.05,"₹750,804",Car,667.7,4,125,42.79,2016-09-19,0
C732,29.0,Other,East,Primary,Business,420815.06,"₹164,649",Business,775.2,0,85,30.82,2020-04-15,0
C733,27.0,Male,South,Graduate,Business,709061.76,"₹607,012",Home,655.1,0,100,105.29,2022-12-18,0
C734,67.0,Female,South,Secondary,Salaried,243470.83,,Business,759.3,0,76,73.5,2019-05-08,0
C735,63.0,Other,South,Primary,,342933.78,"₹665,692",Other,729.7,6,85,23.28,2024-05-31,1
C736,26.0,Male,West,Secondary,Salaried,153835.17,"₹230,515",Education,598.7,3,81,34.41,2023-04-12,1
C737,52.0,Female,South,Graduate,Self-Employed,375607.94,"₹140,020",Education,501.2,2,85,45.78,2019-01-01,0
C738,39.0,Female,South,Post-Graduate,Salaried,717461.75,"₹200,096",Business,603.9,3,66,43.17,2017-09-27,0
C739,64.0,Male,South,Primary,Salaried,124471.33,"₹1,495,754",Car,638.2,1,71,22.58,2022-03-31,1
C740,20.0,Male,North,Primary,Salaried,2193230.78,"₹542,930",Home,,0,89,63.62,2015-03-10,0
C741,29.0,Male,North,Primary,Salaried,339181.1,"₹8,965,257",Home,652.8,0,25,104.51,2024-04-26,1
C742,57.0,Female,South,Post-Graduate,Business,629439.99,"₹57,565",Business,682.2,0,49,20.6,2020-03-10,0
C743,51.0,Female,East,Primary,Self-Employed,905577.5,,Car,611.1,3,167,207.08,2021-08-05,1
C744,,Female,West,Primary,Business,1120242.61,"₹294,214",Home,782.1,7,107,22.29,2016-12-25,0
C745,42.0,Male,West,Primary,Business,,"₹521,983",Medical,760.3,4,72,53.72,2018-03-14,0
C746,31.0,Female,East,Graduate,Salaried,234408.39,"₹579,389",Car,695.0,7,55,42.39,2019-10-03,1
C747,59.0,Male,North,Primary,Salaried,759420.2,"₹356,056",Medical,564.7,1,84,7.7,2024-06-08,0
C748,54.0,Male,East,Post-Graduate,Salaried,1067161.05,"₹214,501",Medical,729.4,2,106,12.66,2021-12-11,0
C749,57.0,,South,Secondary,Salaried,,"₹207,300",Other,595.5,5,38,122.17,2023-12-05,1
C750,25.0,Female,West,Primary,Unemployed,282548.69,"₹383,062",Education,747.9,0,20,42.93,2015-05-24,0
C751,70.0,Male,East,Post-Graduate,Salaried,587181.95,"₹2,648,463",Business,688.3,0,80,46.12,2022-09-24,1
C752,58.0,Male,South,Primary,Unemployed,799911.38,"₹598,820",Car,650.0,7,142,69.58,2018-05-05,1
C753,55.0,Other,East,Graduate,Salaried,,"₹511,061",Other,,1,172,33.75,2016-10-27,0
C754,30.0,Female,East,Primary,Salaried,1329856.96,"₹384,779",Medical,829.5,2,76,34.96,2019-05-24,0
C755,46.0,Female,West,Secondary,Salaried,749585.43,"₹68,424",Medical,670.6,4,69,17.12,2017-12-01,0
C756,,Male,North,Primary,Unemployed,2949114.26,"₹1,339,274",Car,693.8,9,103,53.16,2019-05-19,0
C757,30.0,Female,South,Primary,Self-Employed,1240834.4,"₹138,262",Home,757.8,5,167,70.98,2017-04-12,0
C758,56.0,Male,North,Post-Graduate,Salaried,256518.89,"₹888,053",Education,690.4,5,84,20.41,2021-08-27,1
C759,34.0,Female,North,Secondary,Business,372117.35,"₹258,573",Car,564.4,4,50,71.31,2018-10-27,1
C760,22.0,Male,South,Primary,Unemployed,1865212.54,"₹140,134",Car,738.9,4,134,69.59,2024-10-27,0
C761,66.0,Male,South,Secondary,Salaried,893554.42,"₹224,762",Business,680.3,0,101,63.41,2017-09-01,0
C762,48.0,Female,North,Post-Graduate,Unemployed,271908.5,"₹321,269",Education,576.0,1,64,75.14,2015-05-02,1
C763,52.0,Female,North,Graduate,Unemployed,713953.36,"₹497,090",Car,746.7,5,93,46.4,2021-01-08,0
C764,45.0,Female,East,Primary,Self-Employed,360644.59,,Business,480.9,0,57,24.45,2026-05-20,0
C765,69.0,Other,North,Post-Graduate,Salaried,393643.78,,Business,694.0,0,66,123.26,2026-01-17,0
C766,52.0,Male,West,Post-Graduate,Self-Employed,850634.47,"₹166,298",Other,637.4,1,69,19.15,2015-09-02,0
C767,41.0,Other,West,Post-Graduate,Business,903173.24,"₹134,250",Car,693.0,0,89,29.17,2019-05-26,0
C768,,Female,East,Secondary,Self-Employed,618110.57,"₹352,296",Education,866.6,4,70,88.21,2018-09-08,0
C769,23.0,Female,East,Secondary,Business,143131.48,"₹510,436",Home,801.2,0,80,67.27,2022-04-11,1
C770,57.0,Male,West,Graduate,Business,312594.29,"₹50,000",Car,605.5,4,81,38.29,2016-01-20,0
C771,51.0,Female,East,Secondary,Business,776849.68,"₹250,933",Business,797.1,6,95,48.01,2024-05-29,0
C772,64.0,Female,North,Secondary,Unemployed,,"₹575,571",Other,728.3,3,65,29.67,2017-09-26,0
C773,55.0,Female,West,Primary,Self-Employed,389635.85,"₹440,012",Business,,0,149,5.0,2026-05-11,0
C774,68.0,Other,West,Post-Graduate,Business,358753.66,"₹205,635",Car,608.0,0,80,67.4,2021-06-17,0
C775,50.0,Male,East,Primary,Salaried,1058221.86,"₹630,134",Other,645.0,1,145,32.78,2019-07-30,0
C776,58.0,Male,South,Primary,Business,81531.87,"₹193,879",Other,800.3,0,90,33.79,2024-11-22,1
C777,36.0,Female,West,Secondary,Salaried,1121723.65,"₹128,190",Other,641.7,0,140,12.78,2015-02-28,0
C778,37.0,Female,North,Primary,Unemployed,523531.38,"₹107,965",Car,793.4,3,49,83.79,2018-12-20,0
C779,40.0,Female,West,Graduate,Business,851121.34,"₹288,182",Other,746.3,2,21,58.09,2020-05-29,0
C780,24.0,Male,North,Secondary,Unemployed,,"₹219,650",Other,670.5,1,77,25.45,2019-10-20,0
C781,44.0,Male,North,Post-Graduate,Business,841219.27,"₹121,218",Education,738.3,6,91,72.49,2021-11-28,0
C782,44.0,Male,West,Post-Graduate,Unemployed,66854.53,"₹1,471,946",Business,785.0,4,25,65.01,2019-01-18,1
C783,56.0,Female,West,Primary,Self-Employed,595119.12,"₹137,190",Car,690.8,0,103,62.26,2020-06-13,0
C784,27.0,Male,North,Secondary,Business,254792.09,"₹328,123",Education,802.4,0,71,41.85,2024-10-31,0
C785,61.0,Male,East,Graduate,Self-Employed,,"₹248,429",Home,699.3,0,43,130.82,2017-02-05,1
C786,67.0,Male,South,Graduate,Salaried,248762.95,"₹959,262",Car,813.0,6,62,62.64,2017-08-01,1
C787,43.0,Male,South,Secondary,,317041.07,"₹532,264",Car,665.8,2,89,18.36,2017-11-26,0
C788,,Male,North,Post-Graduate,Self-Employed,1235614.42,"₹87,082",Business,645.4,0,71,26.25,2019-01-05,0
C789,59.0,Female,East,Primary,Self-Employed,828777.1,"₹61,574",Other,648.9,1,149,29.81,2019-05-06,0
C790,41.0,Male,West,Primary,Salaried,852536.32,"₹355,726",Medical,686.5,4,91,25.05,2023-01-20,0
C791,38.0,Female,East,Post-Graduate,Business,756705.15,"₹200,765",Education,704.5,4,109,52.06,2026-02-05,0
C792,21.0,Male,North,Post-Graduate,Salaried,252340.83,"₹185,558",Car,693.6,5,68,139.25,2015-03-04,1
C793,62.0,Female,East,Primary,Self-Employed,69139.36,"₹460,964",Business,555.4,5,53,66.8,2021-05-24,1
C794,29.0,Male,East,Post-Graduate,Salaried,474358.55,"₹494,160",Home,757.5,2,48,22.19,2021-03-12,0
C795,49.0,Male,West,Primary,Salaried,,,Home,639.2,0,64,14.65,2020-07-12,0
C796,47.0,Female,South,Graduate,Salaried,1704315.76,"₹252,284",Business,692.0,0,104,151.79,2025-01-08,0
C797,,Male,East,Post-Graduate,Salaried,198433.28,"₹890,644",Medical,749.5,0,134,36.59,2022-12-03,1
C798,22.0,Female,South,Secondary,Unemployed,288828.57,"₹102,835",Medical,537.2,3,84,60.01,2020-04-16,0
C799,67.0,Female,North,Graduate,Salaried,232925.09,"₹213,123",Other,662.8,2,57,38.34,2026-01-20,0
C800,32.0,Female,North,Secondary,Unemployed,741225.7,"₹199,082",Business,594.0,1,102,24.81,2016-02-07,0
C801,48.0,Female,East,Secondary,Self-Employed,3375830.98,"₹71,467",Other,624.4,1,131,67.71,2024-08-30,0
C802,26.0,Male,South,Post-Graduate,Salaried,562960.46,"₹390,056",Medical,752.1,8,142,63.99,2026-04-25,0
C803,46.0,Male,North,Primary,Unemployed,573759.01,"₹1,149,281",Medical,806.3,0,116,24.55,2022-12-26,0
C804,50.0,Female,South,Post-Graduate,,458547.49,"₹574,814",Home,638.0,1,92,34.18,2024-01-17,0
C805,66.0,Female,North,Secondary,Unemployed,896773.18,"₹392,025",Education,755.4,6,145,139.01,2016-02-14,1
C806,20.0,Female,East,Secondary,Salaried,102901.04,"₹249,841",Other,638.4,1,70,67.21,2022-06-23,1
C807,42.0,Male,North,Post-Graduate,Unemployed,,"₹127,134",Car,680.5,5,133,31.44,2015-04-06,0
C808,53.0,Male,North,Post-Graduate,Self-Employed,578056.54,"₹1,395,098",Car,694.1,8,72,25.03,2026-04-03,1
C809,57.0,Male,West,Secondary,Business,422044.62,"₹333,393",Other,829.9,3,220,48.91,2019-08-03,0
C810,44.0,Male,South,Secondary,Unemployed,215883.62,"₹117,409",Education,810.6,6,165,27.32,2018-03-30,0
C811,25.0,Female,North,Post-Graduate,Business,2538181.75,"₹57,817",Medical,730.7,0,163,13.61,2020-10-20,0
C812,52.0,Female,North,Primary,Unemployed,444778.46,"₹123,175",Education,568.0,4,15,246.74,2023-06-12,1
C813,52.0,Male,South,Post-Graduate,Unemployed,296034.22,"₹2,670,024",Home,491.1,0,109,13.39,2019-01-19,1
C814,61.0,Other,West,Graduate,Self-Employed,774110.35,"₹234,334",Car,692.6,8,118,48.79,2023-11-09,0
C815,44.0,Male,South,Post-Graduate,Self-Employed,135617.42,"₹3,841,928",Business,795.5,3,101,122.97,2024-09-03,1
C816,44.0,Male,East,Post-Graduate,Business,,"₹291,821",Business,616.9,0,120,18.92,2015-08-25,0
C817,26.0,Male,East,Graduate,Unemployed,907523.62,"₹416,234",Home,624.8,6,148,51.39,2019-03-10,0
C818,29.0,Male,East,Secondary,Unemployed,217861.83,"₹280,509",Home,720.8,1,101,10.54,2017-03-29,0
C819,41.0,Female,East,Post-Graduate,Salaried,529179.63,"₹1,259,129",Education,630.7,2,16,29.2,2024-02-29,1
C820,28.0,Female,West,Primary,Self-Employed,136203.31,"₹647,458",Education,602.2,0,69,300.0,2018-10-14,1
C821,34.0,Female,South,Graduate,Self-Employed,155495.25,"₹313,513",Education,683.0,0,70,27.65,2025-06-24,1
C822,65.0,Male,South,Primary,Salaried,,"₹383,368",Car,604.3,7,66,115.07,2023-12-06,1
C823,33.0,Female,East,Secondary,Unemployed,285394.76,"₹363,029",Home,739.8,1,20,14.26,2019-05-12,0
C824,42.0,Female,South,Graduate,Self-Employed,370043.04,"₹698,096",Business,641.7,5,59,40.51,2016-07-02,1
C825,40.0,Male,East,Graduate,Business,,"₹114,616",Car,779.5,4,75,186.31,2022-03-10,1
C826,59.0,Female,North,Secondary,Unemployed,1827241.02,"₹330,801",Education,582.7,6,86,88.25,2021-11-12,0
C827,48.0,Female,South,Post-Graduate,Salaried,284822.95,"₹246,273",Car,665.7,0,67,124.28,2025-01-30,1
C828,51.0,Male,South,Primary,Self-Employed,774694.55,"₹316,754",Business,721.4,4,78,58.19,2024-09-25,0
C829,25.0,Male,North,Post-Graduate,Unemployed,158638.74,"₹137,760",Education,798.9,4,81,62.08,2025-10-28,0
C830,44.0,Other,South,Secondary,Business,70569.17,,Other,748.0,5,2,36.89,2015-06-10,1
C831,20.0,Female,West,Post-Graduate,Unemployed,354895.29,"₹230,700",Medical,648.2,0,200,28.14,2021-01-11,0
C832,48.0,Male,North,Graduate,Self-Employed,404090.95,"₹91,195",Medical,597.0,5,136,82.57,2024-09-20,0
C833,53.0,Female,North,Post-Graduate,Unemployed,758499.64,"₹680,164",Business,737.8,0,143,65.57,2019-03-11,0
C834,18.0,Male,North,Primary,Business,920296.67,"₹291,412",Education,695.7,0,92,51.24,2018-03-31,0
C835,23.0,Female,West,Secondary,Unemployed,340867.37,"₹279,402",Medical,798.4,4,137,5.89,2017-05-12,0
C836,40.0,Female,East,Graduate,Unemployed,3340475.6,"₹344,325",Business,594.8,6,90,49.02,2022-09-04,0
C837,35.0,Male,West,Secondary,Self-Employed,931790.8,"₹1,586,200",Other,728.8,1,32,111.46,2018-08-11,1
C838,34.0,Female,West,Secondary,Salaried,211526.97,"₹620,166",Medical,690.6,0,131,12.63,2015-01-09,1
C839,29.0,Female,North,Primary,Business,64779.2,,Medical,710.0,3,87,83.67,2016-12-10,0
C840,54.0,Male,East,Graduate,Self-Employed,821367.49,"₹266,026",Medical,692.7,1,101,68.95,2016-12-22,0
C841,68.0,Female,South,Post-Graduate,Self-Employed,697446.13,"₹101,592",Education,636.5,1,57,65.15,2020-06-05,0
C842,27.0,Male,North,Post-Graduate,Business,1602039.54,,Car,693.3,2,123,42.58,2021-10-23,0
C843,38.0,Male,West,Graduate,Unemployed,1725552.19,"₹222,581",Other,858.5,6,30,32.1,2021-12-10,0
C844,19.0,Female,North,Secondary,Salaried,450637.52,"₹493,548",Car,629.0,2,48,26.14,2018-12-22,0
C845,58.0,Male,West,Graduate,Self-Employed,2523775.44,"₹784,475",Education,838.3,3,85,28.84,2019-02-08,0
C846,69.0,Female,East,Post-Graduate,Business,204257.83,"₹285,225",Car,655.5,0,101,47.43,2015-08-18,0
C847,60.0,Other,North,Primary,Salaried,1267223.16,"₹159,849",Medical,729.4,9,86,88.35,2016-08-12,0
C848,37.0,Female,North,Secondary,Business,1952074.62,"₹333,981",Home,720.9,1,56,16.4,2015-09-30,0
C849,44.0,Female,North,Primary,Unemployed,2768049.13,"₹324,716",Other,622.0,3,195,40.15,2017-10-23,0
C850,31.0,Female,South,Graduate,Business,,"₹293,220",Business,517.2,2,114,101.4,2016-08-20,0
C851,31.0,Male,East,Graduate,Self-Employed,977626.74,"₹321,894",Home,755.0,9,131,8.05,2016-07-25,0
C852,65.0,Male,North,Post-Graduate,Salaried,1102033.33,"₹306,454",Education,793.9,5,111,27.1,2015-02-23,0
C853,61.0,Male,West,Graduate,Unemployed,286084.77,"₹50,000",Other,649.7,5,113,62.41,2015-03-11,0
C854,27.0,Female,East,Graduate,Self-Employed,170296.65,"₹114,479",Other,610.5,1,82,5.78,2017-03-21,0
C855,68.0,Female,South,Primary,Business,,"₹3,738,398",Other,656.3,3,122,42.64,2016-10-30,1
C856,55.0,Male,West,Post-Graduate,Self-Employed,681068.94,"₹948,745",Medical,735.5,4,39,18.82,2023-06-03,0
C857,27.0,Female,West,Secondary,Business,70528.82,"₹50,000",Home,730.0,3,84,79.87,2017-06-17,0
C858,,Male,South,Primary,Self-Employed,1693247.89,"₹89,859",Other,720.2,5,121,51.97,2023-05-14,0
C859,30.0,Male,South,Primary,Unemployed,394512.81,"₹68,855",Medical,600.6,7,110,6.7,2017-02-25,0
C860,52.0,Male,South,Primary,,,"₹5,264,350",Home,602.1,5,95,135.23,2021-03-10,1
C861,57.0,Male,West,Secondary,Self-Employed,797217.61,"₹95,199",Business,611.6,5,131,99.06,2015-11-29,0
C862,32.0,Female,West,Secondary,,818532.04,"₹59,337",Other,551.0,2,100,100.2,2019-05-28,0
C863,37.0,Female,South,Secondary,Unemployed,367723.79,"₹159,133",Other,615.9,5,179,10.17,2018-01-30,0
C864,39.0,Female,East,Graduate,Self-Employed,161974.01,"₹477,428",Education,,0,121,83.98,2023-07-13,1
C865,32.0,Male,East,Secondary,Self-Employed,286838.29,"₹1,818,320",Other,685.3,5,100,51.19,2023-03-16,1
C866,51.0,Female,West,Primary,Business,307869.83,"₹298,594",Education,673.3,1,1,84.86,2019-06-22,0
C867,33.0,Female,East,Post-Graduate,Business,,"₹336,285",Medical,696.7,5,68,63.65,2022-06-13,1
C868,37.0,,North,Graduate,Self-Employed,1210935.02,"₹1,487,383",Car,744.1,5,161,22.57,2021-03-12,0
C869,33.0,,North,Graduate,Self-Employed,47019.69,"₹524,440",Business,832.0,0,79,17.71,2016-04-02,1
C870,54.0,Male,South,Post-Graduate,Self-Employed,1050664.71,"₹323,024",Education,746.3,7,120,18.63,2021-04-19,0
C871,28.0,Male,East,Graduate,Self-Employed,188147.12,"₹50,000",Other,669.1,2,75,105.09,2015-07-27,0
C872,51.0,Male,East,Secondary,Self-Employed,1406877.27,"₹213,540",Car,642.6,5,90,158.48,2023-01-04,1
C873,70.0,Female,North,Primary,Business,303844.77,"₹277,339",Medical,727.1,3,105,31.9,2020-02-01,0
C874,62.0,Male,South,Post-Graduate,Salaried,495403.22,"₹117,263",Car,636.8,0,85,60.27,2025-11-14,0
C875,40.0,Male,East,Graduate,,,"₹100,044",Car,640.6,1,126,23.86,2017-11-24,0
C876,45.0,Male,North,Graduate,Salaried,477512.57,"₹87,830",Home,582.1,1,89,79.43,2017-03-19,0
C877,49.0,Male,South,Post-Graduate,Salaried,137159.49,"₹650,121",Medical,489.9,0,135,103.85,2020-11-17,1
C878,34.0,Other,West,Post-Graduate,Self-Employed,187811.88,"₹72,883",Education,658.9,6,66,77.3,2021-07-20,0
C879,27.0,Male,South,Secondary,Self-Employed,822274.87,"₹946,305",Medical,755.7,3,47,71.4,2017-07-28,0
C880,21.0,Male,West,Post-Graduate,,245654.88,"₹50,000",Other,583.7,1,60,23.13,2024-01-01,0
C881,21.0,Female,East,Post-Graduate,,707894.41,"₹232,184",Business,605.1,3,112,47.06,2016-12-09,0
C882,64.0,Male,North,Primary,Business,362924.59,"₹558,403",Business,701.8,0,66,39.18,2016-05-08,0
C883,69.0,Male,South,Primary,Business,639607.04,"₹297,933",Medical,698.4,3,92,144.42,2025-05-18,1
C884,54.0,Female,West,Post-Graduate,Salaried,605301.51,"₹108,682",Business,806.9,0,48,11.23,2015-08-20,0
C885,39.0,Female,West,Post-Graduate,Business,184940.82,"₹480,997",Other,661.1,1,63,31.56,2026-06-30,1
C886,64.0,Female,East,Secondary,Self-Employed,485097.9,"₹358,789",Education,622.8,2,88,32.21,2023-11-16,0
C887,37.0,Female,West,Post-Graduate,Unemployed,302445.99,"₹256,910",Business,461.1,7,85,25.55,2019-12-13,1
C888,30.0,Male,West,Graduate,Unemployed,,"₹392,441",Education,695.1,4,149,59.67,2019-01-08,0
C889,40.0,Male,South,Secondary,Unemployed,430551.92,"₹2,452,360",Education,583.3,1,19,33.32,2021-09-11,1
C890,66.0,Male,East,Secondary,Business,1905457.8,"₹213,100",Car,792.3,3,144,20.11,2021-05-24,0
C891,54.0,Male,West,Graduate,Salaried,557802.42,"₹335,199",Home,640.6,5,1,47.58,2021-01-17,0
C892,33.0,Male,North,Primary,Unemployed,96135.27,"₹289,880",Education,706.9,1,86,82.64,2023-04-24,1
C893,48.0,Female,South,Secondary,Salaried,292289.53,"₹445,400",Education,762.5,6,102,67.38,2023-10-29,1
C894,51.0,Female,West,Secondary,Business,677511.95,"₹1,501,918",Medical,709.9,6,64,82.36,2023-02-01,1
C895,37.0,,East,Graduate,Unemployed,422636.65,"₹332,611",Education,665.3,4,122,20.36,2019-02-09,0
C896,44.0,Male,North,Primary,Business,255932.27,"₹306,769",Car,779.7,5,22,44.89,2016-02-15,0
C897,69.0,Female,North,Post-Graduate,Unemployed,90135.16,"₹50,000",Other,,2,64,34.08,2022-07-21,0
C898,66.0,Other,South,Secondary,Self-Employed,623911.55,"₹116,874",Business,638.8,4,69,25.47,2025-07-04,0
C899,22.0,Female,North,Post-Graduate,Unemployed,183155.11,"₹181,257",Car,595.7,7,89,49.63,2016-10-02,1
C900,32.0,Female,East,Post-Graduate,Self-Employed,314262.67,"₹132,404",Education,630.6,0,57,30.49,2024-04-11,0
C901,60.0,Female,West,Primary,Unemployed,940230.59,"₹198,369",Car,551.6,0,125,44.56,2024-11-19,0
C902,68.0,Female,West,Secondary,,561146.16,"₹223,381",Other,703.4,1,123,46.06,2026-05-17,0
C903,65.0,Male,South,Post-Graduate,Self-Employed,687324.74,"₹134,267",Other,701.3,3,101,55.59,2016-02-14,0
C904,22.0,Female,North,Post-Graduate,Business,1862097.2,"₹379,215",Business,675.0,2,127,62.44,2017-06-15,0
C905,24.0,Male,South,Secondary,Unemployed,230079.88,"₹163,033",Education,627.6,0,118,42.43,2021-07-02,0
C906,37.0,Female,North,Graduate,Unemployed,514211.35,"₹397,889",Education,625.9,0,37,12.39,2026-02-22,0
C907,57.0,Female,South,Post-Graduate,Unemployed,631634.55,"₹374,115",Home,751.7,9,96,32.73,2024-05-20,0
C908,43.0,Male,North,Secondary,Self-Employed,179058.31,"₹81,993",Education,,7,20,35.76,2022-02-15,0
C909,66.0,Female,West,Secondary,Unemployed,173584.29,"₹393,738",Other,640.7,7,75,67.33,2015-08-10,1
C910,60.0,Female,East,Primary,Self-Employed,317628.78,"₹141,131",Medical,693.3,6,151,68.61,2021-08-22,0
C911,60.0,Male,East,Secondary,Unemployed,568519.4,"₹473,854",Business,653.9,2,82,61.5,2026-04-09,0
C912,46.0,Female,West,Secondary,Business,,,Other,720.3,3,70,36.59,2021-08-23,0
C913,29.0,Male,South,Post-Graduate,Self-Employed,2316959.96,"₹408,054",Home,679.0,5,80,44.69,2017-07-05,0
C914,48.0,Female,West,Secondary,Unemployed,673545.18,"₹383,645",Other,770.5,4,151,34.83,2018-10-09,0
C915,18.0,Male,North,Graduate,Self-Employed,1046589.17,"₹847,836",Medical,631.9,1,91,13.36,2022-12-20,0
C916,62.0,Male,West,Secondary,Salaried,183187.76,,Other,778.2,3,166,125.57,2023-08-23,0
C917,68.0,Male,South,Post-Graduate,Unemployed,387960.07,"₹424,193",Other,614.1,4,58,40.33,2020-01-23,0
C918,56.0,Male,North,Secondary,Business,1376692.18,"₹962,597",Business,707.5,2,28,13.57,2026-01-21,0
C919,24.0,Female,North,Post-Graduate,Business,854877.01,"₹1,222,445",Medical,703.3,0,128,25.86,2020-07-16,0
C920,62.0,Male,East,Post-Graduate,Self-Employed,1512073.63,"₹160,544",Education,758.5,3,35,14.3,2018-02-07,0
C921,46.0,Male,East,Secondary,Business,274404.73,"₹265,438",Home,691.0,2,22,30.91,2021-10-30,0
C922,66.0,Female,West,Post-Graduate,Salaried,605715.34,"₹118,317",Car,701.1,0,54,35.39,2026-06-02,0
C923,69.0,Female,East,Primary,Unemployed,464677.69,"₹851,608",Home,553.2,0,39,42.27,2022-02-01,1
C924,68.0,Female,South,Post-Graduate,Salaried,375285.41,"₹107,304",Education,774.3,2,81,65.76,2020-08-31,0
C925,51.0,Male,South,Primary,Self-Employed,357313.0,"₹368,943",Home,668.3,8,50,100.78,2023-04-24,1
C926,21.0,Male,South,Primary,Business,1759234.23,"₹892,299",Medical,652.7,10,101,31.4,2020-11-08,0
C927,30.0,Female,East,Post-Graduate,Unemployed,605675.02,,Business,666.7,2,90,13.4,2015-12-21,0
C928,48.0,Male,East,Post-Graduate,Unemployed,1005388.2,"₹487,843",Car,595.5,0,107,27.2,2018-12-31,0
C929,29.0,Male,North,Graduate,Self-Employed,171418.48,"₹272,507",Car,601.2,3,75,53.6,2022-04-26,1
C930,24.0,Male,South,Graduate,Salaried,491918.84,"₹202,055",Home,614.9,5,48,23.11,2017-01-18,0
C931,63.0,Other,West,Secondary,Self-Employed,703103.47,"₹742,739",Car,681.7,5,66,15.46,2021-11-05,0
C932,61.0,Male,South,Graduate,Salaried,343878.1,,Education,589.4,5,100,16.49,2021-11-22,0
C933,48.0,Male,East,Secondary,Business,851312.42,"₹3,433,488",Education,,0,35,116.19,2020-10-30,1
C934,56.0,,North,Graduate,Self-Employed,483096.54,"₹143,055",Business,619.6,2,62,300.0,2019-02-01,1
C935,20.0,Female,West,Secondary,Salaried,391394.7,"₹155,672",Education,729.0,7,134,20.83,2019-10-09,0
C936,64.0,Male,West,Primary,Salaried,563447.84,"₹426,926",Education,765.2,5,113,48.1,2016-06-18,0
C937,32.0,Male,West,Secondary,Business,2106454.87,"₹906,528",Medical,554.1,0,127,45.32,2015-05-19,0
C938,32.0,Female,East,Secondary,Salaried,920078.89,"₹428,775",Medical,743.9,1,182,64.17,2025-04-08,0
C939,41.0,Female,South,Graduate,Unemployed,222179.92,"₹526,887",Car,694.3,2,40,81.38,2016-08-29,1
C940,37.0,Female,South,Post-Graduate,Salaried,247131.97,"₹512,056",Medical,718.3,4,108,97.44,2018-08-02,1
C941,43.0,Female,North,Primary,,1178903.27,"₹305,232",Medical,704.9,3,136,42.65,2022-07-20,0
C942,18.0,Male,South,Primary,Unemployed,477488.38,"₹352,726",Medical,671.9,4,55,62.62,2026-04-26,0
C943,66.0,Male,West,Primary,Business,1111335.94,"₹461,055",Education,670.0,2,13,92.7,2022-01-25,0
C944,25.0,Male,West,Primary,Salaried,737206.96,"₹87,028",Home,648.1,4,98,21.06,2023-12-25,0
C945,39.0,Female,West,Secondary,Unemployed,754090.11,"₹153,393",Business,631.2,4,94,16.45,2022-03-20,0
C946,23.0,Male,East,Post-Graduate,Self-Employed,212932.21,"₹188,879",Other,653.1,3,70,33.03,2015-12-15,0
C947,26.0,Female,South,Post-Graduate,Unemployed,157351.11,"₹444,360",Home,680.2,4,100,132.9,2016-09-19,1
C948,24.0,Female,West,Graduate,Self-Employed,84796.35,"₹50,000",Car,,4,108,39.42,2020-12-03,0
C949,49.0,Male,South,Post-Graduate,Self-Employed,1680649.28,"₹567,958",Business,576.5,2,115,49.49,2016-01-03,0
C950,,Male,East,Primary,Self-Employed,189917.01,"₹1,191,578",Medical,,3,52,70.02,2022-05-16,1
C951,65.0,Female,South,Post-Graduate,Salaried,282480.08,"₹1,887,905",Medical,739.5,0,123,19.74,2016-06-16,1
C952,49.0,Male,West,Post-Graduate,Business,270817.39,"₹189,959",Education,694.9,0,55,25.97,2017-12-27,0
C953,34.0,Male,North,Graduate,Salaried,646367.58,"₹1,436,841",Home,920.0,5,102,83.44,2021-02-07,1
C954,54.0,Male,South,Graduate,Business,539185.67,"₹484,758",Other,691.0,4,115,74.76,2018-05-22,0
C955,42.0,Male,West,Secondary,Self-Employed,496110.84,"₹192,833",Car,646.2,1,148,31.21,2023-07-23,0
C956,21.0,Female,North,Secondary,Unemployed,408150.05,"₹101,126",Medical,774.2,4,29,17.84,2024-03-06,0
C957,55.0,Male,North,Graduate,Unemployed,476399.44,"₹297,294",Car,668.4,2,99,7.42,2025-02-15,0
C958,28.0,Male,North,Secondary,Unemployed,,"₹102,491",Other,767.0,3,61,185.18,2021-04-07,0
C959,44.0,Male,West,Primary,Self-Employed,457212.64,"₹163,560",Home,718.6,2,123,23.73,2021-01-19,0
C960,27.0,Female,North,Graduate,Business,,"₹7,742,786",Business,724.3,0,116,30.07,2017-12-05,1
C961,44.0,Male,West,Graduate,Salaried,309036.13,"₹366,635",Business,705.7,4,50,74.16,2018-10-30,1
C962,52.0,Male,East,Post-Graduate,Business,475397.99,"₹102,497",Business,847.2,0,89,37.9,2020-03-05,0
C963,70.0,Female,North,Primary,Salaried,483489.62,"₹120,190",Car,564.0,0,127,102.27,2017-11-13,0
C964,68.0,Male,South,Graduate,Business,509361.86,"₹247,834",Other,528.5,4,90,8.39,2026-01-10,0
C965,65.0,Male,North,Graduate,Business,307238.43,,Car,776.4,3,116,22.81,2018-06-01,0
C966,26.0,Female,West,Secondary,Unemployed,1107273.4,"₹1,405,666",Medical,380.6,0,122,59.67,2016-11-04,1
C967,45.0,Female,East,Post-Graduate,Self-Employed,1153237.26,"₹193,159",Other,778.9,0,3,41.25,2017-01-27,0
C968,56.0,Female,East,Graduate,Business,503571.0,"₹156,856",Business,741.7,1,116,23.46,2015-09-03,0
C969,38.0,Male,East,Graduate,Business,1202513.37,"₹1,809,643",Home,646.0,2,141,41.62,2021-06-25,1
C970,27.0,Male,South,Primary,Business,500588.52,,Medical,624.4,1,70,17.59,2018-07-30,0
C971,,Other,South,Graduate,Salaried,619547.08,"₹758,282",Car,671.4,3,105,13.99,2018-11-17,0
C972,21.0,Male,West,Post-Graduate,Salaried,330884.41,"₹658,852",Education,655.3,7,86,35.65,2020-10-19,1
C973,42.0,Female,North,Graduate,Self-Employed,433653.62,"₹157,965",Home,748.6,0,61,25.65,2024-06-17,0
C974,49.0,Male,South,Secondary,Business,2041877.61,"₹78,263",Other,824.0,0,85,59.62,2022-11-16,0
C975,,Male,South,Secondary,,673953.63,"₹795,197",Home,666.3,7,118,51.89,2023-02-10,1
C976,20.0,Male,North,Graduate,,236595.22,"₹713,703",Car,576.6,0,138,113.53,2022-12-28,1
C977,40.0,Male,South,Primary,Unemployed,677179.26,"₹2,460,485",Car,657.0,0,43,38.28,2024-08-15,1
C978,37.0,Male,East,Graduate,Self-Employed,959389.57,"₹819,278",Home,649.3,3,84,20.66,2021-04-04,0
C979,,Female,South,Secondary,Salaried,208467.17,"₹6,662,553",Medical,768.4,1,79,52.23,2025-01-07,1
C980,70.0,Female,North,Primary,Salaried,,"₹744,052",Other,519.0,6,45,69.07,2022-12-16,1
C981,63.0,Female,North,Graduate,Salaried,585030.48,"₹269,256",Home,779.1,0,125,31.67,2017-09-04,0
C982,48.0,Male,West,Primary,Unemployed,196320.06,"₹559,961",Car,661.0,7,100,11.87,2018-06-20,1
C983,30.0,Female,West,Graduate,Unemployed,492572.36,"₹217,464",Education,540.5,5,161,47.56,2023-03-21,0
C984,47.0,Female,North,Primary,Self-Employed,,"₹511,008",Medical,686.3,5,153,34.9,2023-08-16,0
C985,60.0,Other,West,Graduate,Unemployed,1487761.93,"₹1,294,111",Home,567.0,4,141,20.96,2018-03-09,0
C986,38.0,Male,North,Post-Graduate,Business,8265657.96,"₹697,756",Medical,536.3,7,73,88.85,2019-12-25,1
C987,26.0,Male,East,Primary,Self-Employed,196102.69,"₹163,536",Other,837.4,3,160,23.62,2023-09-15,0
C988,36.0,Male,South,Secondary,Business,221272.51,"₹67,253",Home,784.4,0,90,101.1,2024-07-09,0
C989,38.0,Female,South,Graduate,Business,154340.43,"₹256,901",Other,751.4,5,71,32.89,2016-01-09,1
C990,69.0,Female,West,Secondary,Self-Employed,336317.56,"₹694,436",Business,680.5,2,92,38.04,2026-03-20,1
C991,25.0,Male,West,Graduate,Unemployed,564153.74,"₹393,254",Medical,588.0,10,103,30.73,2021-10-07,1
C992,38.0,Female,West,Secondary,Unemployed,121751.73,"₹598,036",Business,514.7,4,74,41.13,2016-01-10,1
C993,,Male,East,Secondary,Salaried,248980.46,"₹1,988,690",Other,706.2,6,29,32.92,2024-09-02,1
C994,50.0,Female,North,Post-Graduate,Salaried,,"₹193,953",Business,698.5,3,94,120.99,2018-04-01,0
C995,30.0,Female,West,Primary,Business,635452.01,"₹559,124",Education,673.7,0,36,34.36,2022-09-21,0
C996,28.0,Female,North,Primary,Self-Employed,1306952.81,"₹160,797",Business,697.7,1,97,57.12,2017-09-15,0
C997,24.0,Male,South,Primary,Business,390509.47,"₹215,371",Car,696.8,4,65,67.38,2015-08-31,0
C998,65.0,Male,North,Primary,Business,243629.82,"₹969,710",Business,654.2,0,108,108.34,2019-05-09,1
C999,67.0,Male,East,Primary,Salaried,349737.0,"₹565,401",Medical,,4,98,24.81,2020-06-02,1
C1000,18.0,Female,South,Primary,Unemployed,841897.45,,Business,635.9,0,145,17.03,2017-11-08,0
C1001,62.0,Male,West,Secondary,Salaried,167849.21,"₹87,403",Business,700.7,0,120,34.06,2018-11-07,0
C1002,28.0,Female,East,Graduate,Self-Employed,589387.75,,Medical,568.5,0,80,53.34,2018-11-08,0
C1003,20.0,Male,South,Primary,Business,,"₹125,676",Other,706.6,9,99,33.47,2023-05-24,0
C1004,69.0,Male,East,Primary,Salaried,,"₹58,256",Car,730.9,5,48,12.14,2019-05-06,0
C1005,30.0,Male,East,Secondary,Unemployed,2048413.48,"₹439,843",Education,685.1,4,86,15.21,2024-12-18,0
C1006,66.0,Female,West,Graduate,Self-Employed,248008.6,"₹287,609",Medical,,5,68,94.55,2017-01-31,1
C1007,31.0,Female,East,Primary,Self-Employed,226648.41,"₹112,108",Education,738.2,5,67,125.63,2023-12-10,0
C1008,42.0,Male,South,Primary,Unemployed,727929.17,"₹743,440",Education,,3,106,31.84,2022-06-11,0
C1009,18.0,Male,North,Graduate,Self-Employed,709948.62,"₹134,803",Other,594.2,2,68,8.46,2023-05-25,0
C1010,65.0,Male,South,Secondary,Salaried,501546.34,"₹552,236",Business,690.6,4,106,75.19,2015-12-06,1
C1011,49.0,Female,West,Secondary,Self-Employed,449627.37,"₹268,601",Other,654.9,3,44,27.98,2019-04-23,0
C1012,52.0,Male,East,Post-Graduate,,130357.73,"₹74,554",Medical,573.8,4,158,11.85,2018-10-14,0
C1013,28.0,Male,South,Graduate,,1058286.1,"₹164,845",Car,,4,95,48.51,2018-10-20,0
C1014,33.0,Male,North,Graduate,Self-Employed,919150.88,"₹445,538",Home,515.4,5,120,7.38,2022-09-08,0
C1015,55.0,Male,West,Secondary,Self-Employed,614146.91,"₹131,834",Home,713.8,6,76,11.86,2023-07-29,0
C1016,62.0,Male,West,Primary,Self-Employed,428047.7,"₹205,091",Car,765.3,4,51,36.62,2021-04-24,0
C1017,63.0,,East,Primary,Salaried,,"₹203,533",Other,594.6,0,112,21.63,2015-04-12,0
C1018,68.0,Female,East,Graduate,Salaried,1243710.64,"₹517,087",Medical,834.6,6,134,36.55,2023-09-17,0
C1019,41.0,Female,West,Primary,Unemployed,931166.92,"₹127,959",Business,665.5,6,72,41.01,2016-12-09,0
C1020,57.0,Female,South,Secondary,Business,663191.02,"₹354,886",Car,744.4,3,65,24.6,2022-07-09,0
C1021,50.0,Male,East,Post-Graduate,Salaried,,,Medical,798.0,4,25,17.82,2015-01-27,0
C1022,39.0,Male,East,Graduate,Unemployed,786921.2,"₹473,340",Education,667.2,3,81,76.25,2016-09-28,0
C1023,61.0,Male,North,Graduate,Unemployed,1840018.21,"₹167,068",Business,616.4,2,59,43.87,2022-11-18,0
C1024,34.0,Male,West,Secondary,Unemployed,899622.02,"₹224,379",Business,727.1,5,29,160.38,2018-05-06,1
C1025,48.0,Female,South,Primary,Salaried,866243.76,"₹192,573",Business,,4,90,32.66,2020-07-24,0
C1026,35.0,Male,South,Secondary,Salaried,,"₹86,921",Business,595.4,8,153,25.1,2024-03-15,0
C1027,54.0,Female,East,Primary,Salaried,986043.93,"₹261,743",Other,615.0,0,63,34.52,2018-10-17,0
C1028,50.0,Female,West,Post-Graduate,Salaried,811742.85,"₹437,835",Medical,689.9,2,76,59.95,2016-09-28,0
C1029,,Female,West,Primary,Unemployed,415811.34,"₹7,196,077",Business,732.0,3,30,41.14,2018-08-01,1
C1030,,,South,Post-Graduate,Business,814562.01,"₹402,771",Home,613.2,0,108,56.79,2020-04-04,0
C1031,,Other,South,Graduate,Business,1019750.16,"₹118,133",Home,766.6,2,78,26.37,2019-04-05,0
C1032,41.0,Male,South,Graduate,Self-Employed,,"₹415,073",Business,663.1,6,46,68.67,2017-07-03,0
C1033,48.0,Female,North,Post-Graduate,Unemployed,,"₹410,592",Education,712.8,2,88,161.05,2017-02-02,0
C1034,18.0,Male,West,Primary,Salaried,296331.22,"₹247,331",Medical,817.6,7,100,36.49,2018-09-18,0
C1035,44.0,,South,Graduate,Business,1004423.36,"₹99,263",Medical,625.3,6,58,13.2,2024-06-27,0
C1036,61.0,Male,West,Primary,Self-Employed,999722.84,"₹362,392",Car,693.3,3,99,58.19,2024-06-13,0
C1037,61.0,Male,East,Graduate,Self-Employed,277380.69,"₹156,073",Education,611.0,0,95,190.61,2018-03-14,1
C1038,28.0,Female,East,Secondary,Unemployed,688654.42,"₹151,531",Car,980.0,6,62,21.5,2016-04-26,0
C1039,57.0,Male,West,Primary,Self-Employed,1127018.39,"₹407,293",Other,653.2,0,133,35.67,2021-03-30,0
C1040,19.0,Male,West,Graduate,Self-Employed,289398.06,"₹250,078",Education,727.1,0,107,101.49,2024-02-23,0
C1041,55.0,Male,South,Graduate,Business,597574.41,"₹115,894",Car,721.5,5,131,15.64,2024-02-26,0
C1042,30.0,Male,West,Secondary,Self-Employed,103802.22,"₹767,519",Home,685.8,1,97,96.74,2021-10-02,1
C1043,33.0,Male,South,Primary,Business,249835.77,"₹50,000",Education,761.1,2,116,13.22,2016-07-05,0
C1044,65.0,Female,South,Primary,Business,1034899.05,"₹143,039",Other,640.0,5,136,42.49,2024-10-01,0
C1045,38.0,Female,West,Graduate,Self-Employed,1357686.72,"₹570,869",Medical,622.1,2,181,112.7,2017-04-18,0
C1046,34.0,Female,West,Secondary,Salaried,2096496.17,"₹281,539",Car,980.0,1,100,43.05,2025-10-09,0
C1047,66.0,Other,East,Primary,Business,492836.53,"₹189,972",Business,642.8,0,136,39.45,2016-08-23,0
C1048,40.0,Male,South,Post-Graduate,Salaried,2205256.71,"₹2,243,471",Education,687.5,0,63,20.24,2019-04-05,0
C1049,64.0,Male,East,Graduate,Business,974042.19,"₹7,036,588",Business,679.9,0,95,35.75,2016-08-07,1
C1050,58.0,Male,East,Primary,Unemployed,185551.02,"₹167,787",Education,611.2,4,42,19.56,2017-02-20,0
C1051,,Male,East,Post-Graduate,Business,177945.03,"₹75,711",Car,691.5,3,93,21.19,2015-05-31,0
C1052,56.0,Female,South,Secondary,Salaried,261840.66,"₹1,452,129",Other,668.8,6,64,5.0,2015-06-22,1
C1053,,Female,North,Secondary,Unemployed,267795.51,,Medical,666.2,1,95,8.06,2026-04-14,1
C1054,21.0,Other,West,Post-Graduate,Salaried,,"₹688,878",Home,807.4,2,29,76.26,2019-12-27,0
C1055,23.0,Male,South,Post-Graduate,Unemployed,219044.05,"₹230,933",Car,638.5,4,56,25.48,2018-07-25,0
C1056,19.0,Male,South,Post-Graduate,Salaried,,,Home,634.7,5,44,51.32,2019-05-31,0
C1057,46.0,Other,North,Graduate,Unemployed,3360674.07,"₹691,958",Home,718.3,0,117,14.44,2023-06-07,0
C1058,41.0,Male,North,Secondary,Unemployed,1137732.96,,Business,920.0,2,88,23.68,2020-05-09,0
C1059,18.0,Male,North,Secondary,Salaried,711829.73,"₹4,770,540",Education,685.0,3,126,33.88,2020-11-18,1
C1060,28.0,Female,South,Post-Graduate,Business,,"₹1,097,543",Education,,7,104,41.71,2025-05-24,1
C1061,70.0,Female,East,Graduate,Business,577435.61,"₹187,126",Medical,638.9,2,30,47.67,2022-11-10,0
C1062,31.0,Male,East,Graduate,Unemployed,408563.28,"₹235,437",Education,632.3,1,100,42.12,2015-03-27,0
C1063,46.0,Female,South,Post-Graduate,Unemployed,502806.7,"₹226,039",Car,759.1,4,57,37.04,2017-11-22,0
C1064,34.0,Male,North,Secondary,Self-Employed,598511.04,"₹100,263",Other,714.2,4,148,133.47,2022-02-28,0
C1065,47.0,Male,North,Post-Graduate,,1114198.49,"₹50,000",Education,704.0,5,84,35.98,2015-02-26,0
C1066,61.0,Female,North,Secondary,Self-Employed,231884.73,"₹506,939",Car,798.8,0,125,9.31,2025-09-29,0
C1067,68.0,Female,South,Secondary,Unemployed,369859.73,"₹783,683",Business,754.8,0,36,45.94,2018-09-16,1
C1068,48.0,Male,South,Secondary,Business,622049.36,"₹94,557",Education,707.4,6,112,7.91,2021-04-03,0
C1069,26.0,Male,East,Post-Graduate,Salaried,676645.17,"₹204,457",Car,747.4,0,21,35.39,2016-07-22,0
C1070,53.0,Male,North,Primary,Salaried,816206.32,"₹90,216",Business,794.0,7,87,24.72,2025-01-29,0
C1071,47.0,Male,South,Primary,Unemployed,1464755.99,"₹970,703",Medical,499.4,3,100,8.46,2022-07-07,0
C1072,38.0,Male,East,Secondary,Business,1256854.18,"₹100,581",Medical,753.1,3,42,34.46,2023-04-30,0
C1073,18.0,Female,South,Primary,Salaried,277783.36,"₹442,986",Education,709.7,0,86,11.95,2020-12-29,0
C1074,56.0,Female,South,Primary,Self-Employed,603584.84,,Education,762.1,2,178,40.3,2022-01-24,0
C1075,18.0,Male,South,Secondary,Unemployed,977101.33,"₹144,408",Other,,2,79,122.48,2016-09-03,0
C1076,24.0,Male,East,Graduate,,375050.3,"₹470,912",Other,575.9,6,53,20.46,2026-04-21,1
C1077,49.0,Male,South,Secondary,Self-Employed,412971.8,"₹838,431",Business,797.8,4,109,46.2,2021-11-11,1
C1078,65.0,Female,East,Post-Graduate,Salaried,836110.38,"₹266,420",Business,802.0,5,56,86.78,2019-07-08,0
C1079,69.0,Male,North,Primary,Self-Employed,415728.84,"₹120,257",Business,666.6,0,81,16.96,2023-01-15,0
C1080,40.0,Male,South,Graduate,Unemployed,454547.2,"₹317,094",Business,772.7,1,85,56.34,2024-04-20,0
C1081,40.0,Male,East,Primary,Self-Employed,274450.78,"₹76,586",Home,687.3,2,103,31.43,2024-07-20,0
C1082,50.0,Other,South,Graduate,Unemployed,105064.29,"₹576,644",Medical,633.5,1,103,68.31,2016-02-02,1
C1083,57.0,Female,South,Primary,Business,768629.9,"₹1,004,142",Medical,526.3,3,48,74.12,2018-06-06,1
C1084,35.0,Male,South,Graduate,Unemployed,686608.49,"₹989,788",Medical,637.6,3,43,16.92,2019-12-30,0
C1085,34.0,Female,North,Graduate,Salaried,334915.1,,Home,723.4,2,27,31.4,2018-06-12,1
C1086,32.0,Male,West,Post-Graduate,Unemployed,296609.05,"₹388,526",Medical,576.4,7,87,55.82,2026-03-27,1
C1087,66.0,Female,South,Graduate,Unemployed,2004974.33,"₹341,495",Car,720.2,10,86,49.15,2021-04-12,0
C1088,,Male,West,Graduate,Self-Employed,213387.62,"₹497,683",Business,604.6,4,7,45.53,2015-07-11,1
C1089,27.0,Male,South,Post-Graduate,Self-Employed,240939.07,"₹302,862",Education,722.9,1,80,194.8,2024-08-10,1
C1090,70.0,Male,West,Primary,Business,,"₹651,683",Business,670.4,0,71,108.54,2015-11-22,0
C1091,65.0,Male,West,Primary,Business,591462.91,,Business,582.0,0,48,40.6,2024-12-10,0
C1092,31.0,Female,North,Secondary,Salaried,763068.4,"₹472,272",Medical,736.8,3,37,50.75,2016-12-23,0
C1093,69.0,Female,North,Secondary,Unemployed,311447.22,"₹964,364",Education,631.7,1,71,72.93,2020-01-09,1
C1094,63.0,Female,West,Graduate,Unemployed,1072833.23,"₹250,051",Business,,0,82,21.36,2015-04-19,0
C1095,46.0,Male,North,Secondary,Self-Employed,220622.0,"₹1,000,981",Other,742.3,1,35,89.73,2021-02-21,1
C1096,70.0,Male,East,Primary,Business,345356.65,"₹864,131",Other,662.8,9,118,22.77,2020-02-02,1
C1097,68.0,Male,North,Secondary,Unemployed,546130.68,,Car,574.1,0,14,54.34,2018-03-10,1
C1098,58.0,Male,East,Graduate,Unemployed,511665.44,"₹353,044",Business,741.8,4,51,27.04,2022-02-28,0
C1099,31.0,Other,West,Secondary,Salaried,267315.97,"₹416,219",Other,814.0,1,140,13.05,2021-10-28,0
C1100,28.0,Male,South,Secondary,Business,708440.67,"₹665,988",Business,704.2,6,96,24.35,2023-08-15,0
C1101,63.0,Male,West,Secondary,Salaried,280804.41,"₹208,390",Business,659.4,9,100,24.58,2017-02-09,0
C1102,54.0,Female,North,Graduate,Salaried,103306.17,"₹457,494",Home,699.2,2,141,137.08,2021-06-15,1
C1103,65.0,Male,South,Post-Graduate,Business,668979.8,"₹524,057",Car,604.3,4,87,5.0,2015-01-13,0
C1104,38.0,Other,West,Secondary,Business,854482.88,,Home,437.4,7,85,100.14,2015-05-13,1
C1105,48.0,Female,North,Graduate,Self-Employed,646648.81,"₹150,927",Car,742.9,3,37,61.07,2023-08-10,0
C1106,49.0,Other,South,Post-Graduate,Self-Employed,119400.61,"₹828,787",Business,807.0,0,142,55.39,2024-11-02,1
C1107,34.0,Male,East,Primary,Salaried,825219.25,"₹462,540",Medical,816.4,1,88,38.91,2020-02-17,0
C1108,18.0,Male,West,Secondary,Self-Employed,159305.65,"₹205,913",Medical,780.9,2,105,71.0,2025-06-19,0
C1109,70.0,Male,South,Primary,Self-Employed,186872.91,"₹296,369",Home,722.5,7,75,71.25,2020-06-15,1
C1110,37.0,Male,North,Graduate,Salaried,1115288.55,"₹320,120",Other,679.6,0,94,42.68,2024-02-03,0
C1111,51.0,Male,West,Graduate,Self-Employed,326642.76,"₹5,637,688",Business,777.4,0,92,8.93,2015-04-11,1
C1112,20.0,Male,South,Secondary,Salaried,209811.66,"₹130,085",Home,825.4,4,115,20.2,2018-06-10,0
C1113,43.0,Male,West,Primary,Salaried,355445.62,"₹333,046",Home,542.1,6,88,24.1,2015-11-03,1
C1114,38.0,Male,South,Secondary,Self-Employed,184168.94,"₹50,000",Medical,636.0,7,120,26.21,2020-01-06,0
C1115,24.0,Male,South,Secondary,Business,247394.71,"₹516,916",Education,676.0,8,85,24.98,2021-09-10,1
C1116,57.0,Female,West,Primary,Self-Employed,257257.77,"₹73,292",Education,720.7,1,123,33.81,2020-06-09,0
C1117,60.0,Female,East,Secondary,Unemployed,1011210.67,"₹135,495",Medical,764.6,4,127,17.18,2016-05-11,0
C1118,44.0,Male,East,Primary,Business,261805.07,,Education,661.1,2,157,35.63,2020-03-26,0
C1119,31.0,,West,Secondary,Business,747601.61,"₹50,000",Education,752.3,5,34,76.58,2020-01-14,0
C1120,35.0,Male,East,Post-Graduate,Business,500254.06,"₹209,952",Business,710.3,0,47,140.38,2016-09-24,0
C1121,24.0,Male,South,Primary,Salaried,256282.41,"₹417,146",Education,,3,147,171.65,2017-02-20,1
C1122,52.0,Female,West,Post-Graduate,Salaried,546678.07,"₹341,387",Business,724.4,1,105,176.47,2024-11-30,1
C1123,29.0,Male,East,Secondary,Self-Employed,299060.92,"₹51,507",Other,713.9,4,124,29.81,2026-05-05,0
C1124,23.0,Female,North,Secondary,Unemployed,784674.71,"₹255,123",Home,598.1,0,134,24.42,2017-06-27,0
C1125,24.0,Male,North,Secondary,Business,1245981.19,"₹528,356",Other,677.5,2,99,94.87,2025-10-23,0
C1126,69.0,Male,East,Primary,Business,119864.35,"₹79,022",Home,734.6,0,91,20.2,2017-01-16,0
C1127,43.0,Male,East,Primary,Salaried,202891.52,"₹87,563",Home,790.2,0,80,47.08,2018-03-28,0
C1128,67.0,Male,East,Graduate,Business,964206.68,"₹171,562",Car,674.3,0,66,30.13,2017-03-27,0
C1129,,Male,North,Primary,Business,774352.11,,Education,762.6,6,61,45.39,2016-12-24,0
C1130,23.0,Male,South,Post-Graduate,Business,1057441.55,"₹704,433",Other,824.5,3,104,242.97,2015-11-04,1
C1131,49.0,Male,North,Post-Graduate,Salaried,141031.45,"₹211,335",Education,742.9,4,39,12.65,2022-09-22,0
C1132,,Male,South,Post-Graduate,Business,644953.14,"₹413,564",Home,742.7,5,70,33.3,2019-12-15,0
C1133,19.0,Male,North,Graduate,Unemployed,167357.34,"₹147,724",Business,798.2,0,79,20.0,2023-02-10,0
C1134,41.0,Male,East,Post-Graduate,Salaried,454158.5,"₹1,488,382",Car,654.0,8,92,51.4,2024-06-10,1
C1135,34.0,Male,West,Primary,Salaried,1033856.79,"₹505,641",Car,737.3,5,70,16.89,2018-08-14,0
C1136,32.0,Male,South,Secondary,Self-Employed,556719.72,"₹214,714",Other,679.6,0,56,18.46,2015-11-16,0
C1137,,Female,East,Post-Graduate,Salaried,,"₹818,532",Other,696.1,0,94,74.47,2017-08-21,1
C1138,62.0,Female,East,Post-Graduate,Salaried,644027.95,"₹85,858",Car,582.1,1,143,29.84,2022-06-20,0
C1139,68.0,Other,North,Graduate,Business,465789.62,"₹789,947",Medical,731.8,6,115,22.77,2026-03-01,1
C1140,59.0,Female,North,Secondary,Unemployed,711461.62,"₹2,124,326",Education,654.6,7,47,30.35,2022-02-25,1
C1141,53.0,Male,East,Post-Graduate,Business,600200.68,"₹330,126",Medical,667.2,0,38,57.05,2018-06-09,0
C1142,56.0,Female,West,Primary,Unemployed,325952.65,"₹562,722",Education,728.6,1,129,21.34,2016-07-20,0
C1143,55.0,Female,North,Secondary,Business,280370.29,"₹488,807",Medical,660.8,5,2,7.17,2015-03-16,1
C1144,36.0,Female,South,Secondary,Self-Employed,973494.81,"₹103,905",Medical,681.2,1,101,42.5,2021-04-27,0
C1145,19.0,Male,South,Post-Graduate,Unemployed,412790.25,,Medical,623.2,6,160,25.2,2018-02-15,0
C1146,42.0,Male,North,Graduate,Salaried,448294.05,"₹366,074",Home,614.7,6,73,15.86,2018-12-19,0
C1147,40.0,Female,South,Secondary,Unemployed,407653.03,"₹705,155",Home,736.4,0,110,73.55,2023-01-14,1
C1148,29.0,Male,North,Post-Graduate,Salaried,,"₹396,954",Business,719.9,0,94,16.14,2022-08-30,0
C1149,24.0,Male,South,Secondary,Business,274251.14,"₹292,683",Education,747.6,2,41,74.28,2021-05-29,0
C1150,64.0,Male,South,Secondary,Salaried,299854.15,"₹112,537",Education,626.7,4,53,58.76,2021-08-19,0
C1151,30.0,Female,North,Primary,Unemployed,1558994.52,"₹266,597",Business,512.5,4,139,57.01,2016-03-26,0
C1152,60.0,Male,North,Secondary,Self-Employed,170893.89,"₹550,903",Car,779.0,4,39,24.98,2018-05-23,1
C1153,,Female,North,Graduate,Self-Employed,1236372.11,"₹310,152",Medical,736.8,4,86,36.77,2020-07-05,0
C1154,66.0,Female,South,Secondary,,290554.07,"₹490,796",Other,,5,122,9.89,2019-07-11,1
C1155,49.0,Male,East,Primary,Business,1580148.95,"₹229,540",Education,640.1,4,97,23.72,2021-04-09,0
C1156,40.0,Male,South,Post-Graduate,,706274.9,"₹154,632",Home,625.6,5,153,55.08,2017-09-12,0
C1157,37.0,Male,South,Graduate,Salaried,1519444.65,"₹55,836",Education,693.3,0,83,75.01,2019-11-01,0
C1158,61.0,Male,South,Primary,Self-Employed,579945.86,"₹3,460,442",Education,631.2,2,134,60.93,2015-02-21,1
C1159,40.0,Female,West,Secondary,Business,166977.26,"₹102,815",Other,653.1,6,181,60.15,2018-07-02,0
C1160,,Female,East,Graduate,Salaried,819232.72,"₹84,729",Car,612.8,4,18,36.6,2016-07-05,0
C1161,68.0,Male,North,Primary,Business,503180.27,"₹326,202",Other,602.4,4,159,43.39,2016-12-03,0
C1162,31.0,Male,North,Graduate,Business,613697.37,"₹349,519",Home,700.3,3,73,24.07,2023-04-16,0
C1163,54.0,Male,East,Primary,Salaried,362713.17,"₹1,647,223",Home,867.7,5,30,59.41,2016-07-12,1
C1164,36.0,Male,East,Secondary,Salaried,356631.41,"₹130,458",Education,617.3,1,63,55.91,2025-04-10,0
C1165,40.0,Female,North,Secondary,Salaried,594372.25,"₹311,287",Business,798.2,6,88,54.91,2019-07-31,0
C1166,62.0,Male,West,Primary,Salaried,40000.0,"₹75,008",Car,714.9,0,109,55.1,2019-06-20,1
C1167,44.0,Male,West,Primary,Business,1059040.71,"₹171,792",Car,576.7,2,68,31.26,2020-05-15,0
C1168,55.0,Female,South,Graduate,Self-Employed,318243.74,"₹229,921",Home,696.9,2,131,46.29,2019-09-01,0
C1169,70.0,Other,South,Primary,Self-Employed,912155.32,"₹553,456",Car,587.2,4,89,22.11,2016-05-16,0
C1170,38.0,Male,East,Graduate,Unemployed,246007.06,"₹281,763",Medical,710.4,0,72,81.48,2020-01-08,0
C1171,63.0,Male,West,Post-Graduate,Unemployed,393616.39,"₹187,407",Business,586.0,3,144,21.69,2021-07-05,0
C1172,31.0,Female,North,Graduate,Unemployed,2362246.79,"₹247,309",Home,680.7,8,36,66.72,2025-08-25,0
C1173,42.0,Male,West,Graduate,Unemployed,391235.09,"₹545,960",Car,712.2,1,144,33.05,2021-04-25,0
C1174,61.0,Male,East,Secondary,Unemployed,787939.26,"₹3,641,072",Home,691.1,0,94,39.05,2017-07-25,1
C1175,,Male,North,Primary,Salaried,218899.65,"₹126,155",Education,695.9,5,67,63.54,2019-12-13,0
C1176,36.0,,South,Graduate,Unemployed,1935921.47,"₹368,634",Education,755.6,3,175,40.44,2023-09-09,0
C1177,61.0,Male,South,Primary,Self-Employed,495917.75,"₹261,136",Home,643.1,6,156,132.95,2018-03-03,1
C1178,52.0,Male,North,Primary,Business,5772833.91,"₹530,264",Education,569.3,8,155,75.42,2020-04-04,0
C1179,44.0,Female,South,Post-Graduate,Self-Employed,,"₹692,194",Car,631.6,1,26,68.54,2016-01-03,0
C1180,51.0,Female,South,Graduate,Business,134894.74,"₹860,726",Home,663.0,5,99,21.89,2024-07-11,1
C1181,33.0,Other,West,Post-Graduate,Self-Employed,569293.44,"₹524,233",Business,616.0,0,157,25.84,2020-10-01,0
C1182,18.0,Male,South,Primary,Salaried,188169.97,"₹50,000",Car,666.5,0,127,55.62,2021-07-05,0
C1183,24.0,Female,North,Graduate,Self-Employed,895914.29,"₹106,188",Car,,1,35,15.38,2023-12-06,0
C1184,60.0,Female,South,Post-Graduate,Self-Employed,411173.59,"₹235,722",Business,734.1,3,66,19.62,2024-10-03,0
C1185,50.0,Female,North,Secondary,,,"₹540,669",Medical,603.9,0,91,21.92,2022-02-17,0
C1186,52.0,Male,South,Graduate,Business,690940.58,"₹150,483",Education,679.4,1,82,217.92,2015-07-21,1
C1187,19.0,Male,East,Primary,Unemployed,370976.85,"₹3,222,237",Education,833.8,1,79,41.75,2017-07-24,1
C1188,51.0,Male,North,Primary,Business,606070.19,"₹469,778",Home,708.4,0,93,85.3,2019-05-27,0
C1189,25.0,Male,South,Graduate,Salaried,148397.65,"₹111,675",Other,,2,16,34.78,2017-09-02,0
C1190,53.0,Male,West,Secondary,Salaried,607374.12,"₹192,284",Other,897.7,5,137,46.01,2025-07-13,0
C1191,58.0,Male,North,Graduate,Unemployed,2744349.03,"₹537,707",Car,754.3,2,97,16.71,2026-01-21,0
C1192,41.0,Female,East,Graduate,Business,281035.22,"₹217,334",Medical,587.7,4,56,70.06,2021-01-01,1
C1193,30.0,Male,South,Graduate,Unemployed,1706386.84,"₹862,243",Medical,796.0,3,60,29.67,2024-02-29,0
C1194,53.0,Male,East,Graduate,Self-Employed,131967.66,"₹697,223",Other,747.8,5,154,46.69,2016-01-10,1
C1195,47.0,Female,South,Post-Graduate,,1585597.91,"₹592,374",Home,656.6,0,110,44.62,2022-12-12,0
C1196,61.0,Male,North,Graduate,Business,566159.06,"₹598,178",Medical,696.9,1,35,26.45,2026-01-09,0
C1197,66.0,Male,South,Primary,Salaried,248212.46,"₹134,648",Medical,698.6,1,50,70.05,2016-02-23,0
C1198,41.0,Female,South,Secondary,Business,364541.12,"₹429,230",Other,524.6,4,81,28.05,2025-09-09,1
C1199,37.0,Male,East,Graduate,Self-Employed,1180142.84,"₹235,751",Business,748.8,5,89,131.29,2023-05-27,0
C1200,64.0,Female,South,Post-Graduate,Business,944607.66,"₹313,678",Medical,715.8,1,98,197.29,2024-07-04,1
C1201,32.0,Male,West,Secondary,Salaried,841313.15,"₹228,253",Other,744.3,2,63,45.39,2017-10-21,0
C1202,63.0,Female,West,Post-Graduate,Self-Employed,654614.13,"₹524,739",Other,777.0,6,66,13.14,2017-01-10,0
C1203,36.0,Female,South,Primary,Self-Employed,188707.22,"₹69,350",Car,737.6,7,88,71.04,2025-06-19,0
C1204,56.0,Female,North,Primary,Business,335952.67,"₹335,733",Education,770.3,5,64,39.13,2017-05-28,0
C1205,19.0,Male,South,Primary,Unemployed,633132.77,"₹230,292",Car,739.6,0,124,118.77,2025-12-21,0
C1206,70.0,Female,South,Secondary,Salaried,593008.62,"₹114,063",Business,765.6,3,70,41.23,2015-01-09,0
C1207,59.0,Male,East,Primary,Business,360671.84,"₹169,183",Medical,675.4,0,80,159.99,2018-10-25,0
C1208,38.0,Female,West,Post-Graduate,Unemployed,3098654.74,"₹508,541",Home,672.9,0,75,23.27,2026-04-29,0
C1209,20.0,Male,South,Secondary,Unemployed,,"₹242,189",Other,701.6,4,53,43.12,2016-09-21,0
C1210,42.0,Female,North,Post-Graduate,Self-Employed,444679.38,"₹704,236",Medical,658.0,7,86,50.11,2026-06-12,1
C1211,63.0,Male,West,Post-Graduate,Unemployed,401821.53,"₹288,043",Car,685.5,6,147,44.26,2017-05-03,0
C1212,,Female,North,Graduate,Salaried,566906.84,"₹423,575",Medical,700.1,0,99,29.44,2017-07-30,0
C1213,,Female,West,Post-Graduate,Salaried,260145.01,"₹300,814",Education,585.3,4,116,36.51,2015-07-26,1
C1214,41.0,Female,South,Post-Graduate,Salaried,571987.06,"₹84,616",Car,740.6,0,1,13.06,2023-07-21,0
C1215,49.0,Male,South,Secondary,Salaried,209228.55,"₹222,236",Education,734.7,6,81,57.29,2024-04-28,0
C1216,,Male,East,Post-Graduate,,364737.57,"₹91,653",Business,735.0,5,90,13.85,2020-02-10,0
C1217,64.0,Male,North,Graduate,Self-Employed,,"₹404,654",Education,599.7,5,120,42.58,2018-07-09,0
C1218,48.0,Male,South,Primary,,547313.1,"₹1,056,665",Medical,697.0,1,127,76.27,2020-08-26,1
C1219,48.0,Male,West,Primary,Business,63016.22,"₹966,113",Business,586.5,1,187,34.11,2022-01-11,1
C1220,33.0,Male,West,Secondary,Salaried,214792.97,"₹761,825",Medical,603.4,0,111,26.89,2025-12-11,1
C1221,50.0,Male,North,Secondary,Salaried,11019873.3,"₹95,345",Medical,722.5,4,120,64.58,2025-07-18,0
C1222,51.0,Male,East,Primary,Salaried,260076.55,"₹287,120",Other,849.4,0,86,13.55,2020-04-04,0
C1223,56.0,Female,North,Secondary,Unemployed,174501.69,"₹194,382",Business,742.3,0,13,107.61,2020-09-12,0
C1224,44.0,Male,North,Secondary,Self-Employed,437176.33,"₹205,631",Education,621.8,5,32,44.06,2017-02-07,0
C1225,42.0,Male,North,Secondary,Salaried,,"₹922,450",Medical,573.9,4,101,21.83,2015-09-21,1
C1226,65.0,Female,South,Primary,Unemployed,451718.2,"₹793,139",Business,583.4,8,122,16.23,2019-04-23,1
C1227,46.0,Male,West,Secondary,Salaried,481563.57,"₹127,132",Business,661.8,0,28,67.9,2016-05-17,0
C1228,,Male,South,Secondary,Unemployed,147283.65,"₹200,895",Other,569.8,4,67,73.84,2018-07-12,1
C1229,35.0,Male,East,Primary,Business,439688.81,"₹320,623",Car,624.6,4,73,39.7,2016-06-16,0
C1230,47.0,Male,East,Graduate,Self-Employed,333038.71,"₹373,151",Medical,662.9,5,44,51.46,2022-03-02,1
C1231,35.0,Male,South,Primary,Self-Employed,281782.11,"₹2,264,938",Other,702.5,4,94,43.81,2016-06-19,1
C1232,70.0,Female,South,Primary,Self-Employed,875470.01,"₹3,804,161",Other,758.2,5,149,28.43,2021-09-22,1
C1233,51.0,Female,South,Secondary,Business,,"₹542,730",Business,679.4,3,116,23.81,2018-12-17,1
C1234,57.0,Male,East,Graduate,Salaried,458507.46,"₹775,927",Car,543.5,1,112,122.64,2015-03-09,1
C1235,54.0,Male,West,Graduate,,184129.64,"₹280,223",Business,,5,142,46.32,2026-05-29,1
C1236,31.0,Male,East,Post-Graduate,Unemployed,520200.99,"₹346,040",Medical,705.1,6,128,44.68,2020-11-06,0
C1237,46.0,Male,North,Primary,Self-Employed,870091.32,"₹109,330",Business,920.0,5,147,36.37,2017-02-24,0
C1238,49.0,Female,East,Graduate,Self-Employed,132634.86,"₹50,000",Business,739.7,0,163,28.61,2020-02-22,0
C1239,39.0,Male,North,Secondary,Business,421922.37,"₹1,156,537",Other,823.5,8,35,53.38,2022-04-05,1
C1240,49.0,Male,South,Post-Graduate,Business,548386.81,"₹512,752",Car,876.2,3,49,43.12,2023-08-23,0
C1241,38.0,Female,East,Secondary,Salaried,695460.07,"₹563,053",Education,628.3,4,68,95.55,2026-04-19,1
C1242,27.0,Female,West,Post-Graduate,Business,,"₹156,373",Business,,2,62,28.83,2020-10-15,0
C1243,50.0,Other,West,Secondary,Self-Employed,287455.31,"₹1,084,351",Other,793.1,0,64,26.51,2018-11-18,1
C1244,44.0,Male,West,Secondary,Unemployed,447511.32,"₹2,106,490",Medical,832.2,3,61,39.12,2023-05-25,1
C1245,35.0,,East,Secondary,Business,2531075.01,"₹227,163",Education,718.0,0,158,37.92,2025-08-29,0
C1246,19.0,Male,South,Primary,Unemployed,422895.86,"₹269,877",Medical,647.1,0,94,66.1,2016-01-17,0
C1247,35.0,Female,North,Post-Graduate,Business,300636.28,"₹1,170,812",Other,480.7,1,68,31.73,2019-06-29,1
C1248,26.0,Male,West,Primary,Salaried,363471.04,"₹170,078",Medical,616.3,3,75,66.74,2026-04-04,0
C1249,55.0,Female,West,Graduate,Salaried,1452741.85,"₹96,229",Business,794.8,5,74,65.11,2026-06-19,0
C1250,60.0,Male,East,Post-Graduate,Unemployed,337331.65,"₹62,323",Education,696.0,1,105,44.44,2016-07-09,0
C1251,63.0,Male,South,Secondary,Salaried,1049436.78,"₹2,538,959",Home,663.8,6,65,22.99,2022-12-14,1
C1252,31.0,Male,West,Post-Graduate,Salaried,341971.66,"₹101,671",Car,669.2,2,53,26.56,2021-10-13,0
C1253,18.0,Male,East,Graduate,,1402231.79,"₹127,702",Business,811.2,0,89,83.51,2026-02-22,0
C1254,37.0,Male,South,Primary,Self-Employed,364133.36,"₹976,801",Business,555.9,0,169,32.9,2017-09-01,1
C1255,53.0,Female,East,Graduate,Salaried,1214775.5,"₹342,820",Home,514.1,2,63,48.12,2019-08-11,0
C1256,55.0,Male,East,Primary,Salaried,,,Medical,731.5,7,1,54.8,2016-06-02,0
C1257,38.0,Male,West,Secondary,Business,700175.67,"₹145,837",Home,795.0,0,103,37.01,2017-03-28,0
C1258,57.0,Female,West,Graduate,Business,693294.06,"₹1,074,893",Medical,686.8,0,164,14.22,2019-02-14,0
C1259,55.0,Male,South,Post-Graduate,Business,397036.09,"₹55,362",Home,746.6,4,76,68.99,2017-02-03,0
C1260,21.0,Other,South,Secondary,Business,429213.42,"₹162,205",Other,606.1,4,45,33.86,2019-05-05,0
C1261,35.0,Female,North,Primary,Salaried,379429.23,"₹4,340,264",Other,654.9,4,81,26.28,2016-01-17,1
C1262,60.0,Female,East,Graduate,Unemployed,770485.18,"₹281,140",Other,661.8,0,164,69.97,2026-06-24,0
C1263,19.0,Female,South,Post-Graduate,Salaried,545471.08,"₹674,402",Other,500.0,7,140,29.1,2026-04-10,1
C1264,55.0,Female,East,Post-Graduate,Unemployed,1179329.28,"₹754,333",Business,707.3,5,125,39.24,2026-06-13,0
C1265,64.0,Male,East,Post-Graduate,Self-Employed,191968.83,"₹258,857",Business,689.6,2,142,22.05,2021-04-08,0
C1266,55.0,Male,West,Primary,Salaried,,"₹947,779",Home,754.2,2,39,140.66,2021-11-28,1
C1267,55.0,Female,North,Graduate,Unemployed,2418595.38,"₹143,735",Car,539.3,0,66,11.77,2019-12-16,0
C1268,,Female,West,Post-Graduate,Salaried,882120.32,"₹345,845",Education,710.2,4,59,52.21,2018-09-28,0
C1269,67.0,Female,South,Secondary,Self-Employed,747029.19,"₹182,461",Medical,606.8,2,61,14.74,2026-02-08,0
C1270,19.0,Female,West,Graduate,Business,849513.46,"₹701,472",Education,862.3,4,113,47.79,2025-09-17,0
C1271,40.0,,East,Secondary,Unemployed,172943.53,"₹469,624",Business,588.0,0,26,128.83,2026-01-21,1
C1272,,Male,South,Graduate,,373861.37,"₹643,144",Medical,,0,109,12.84,2016-02-13,0
C1273,,Male,South,Primary,Salaried,419069.14,"₹543,106",Other,648.4,1,112,48.63,2021-11-06,0
C1274,56.0,Male,West,Post-Graduate,Unemployed,592185.97,"₹99,817",Car,726.3,0,54,42.87,2022-06-26,0
C1275,46.0,Other,South,Graduate,Unemployed,291125.55,"₹217,408",Other,739.7,3,46,23.75,2024-01-14,0
C1276,62.0,Male,West,Secondary,Salaried,1014080.34,"₹1,304,530",Business,748.9,1,76,292.74,2024-03-02,1
C1277,,,South,Graduate,Salaried,1128741.39,"₹584,968",Education,773.1,3,80,89.96,2024-05-07,0
C1278,31.0,Female,East,Post-Graduate,Unemployed,,"₹286,553",Education,719.6,0,1,45.9,2025-11-02,0
C1279,41.0,Male,South,Graduate,Business,224682.36,"₹140,575",Education,664.0,6,76,66.46,2025-09-03,0
C1280,46.0,Female,West,Graduate,Unemployed,1255307.26,"₹99,594",Medical,627.0,3,63,67.15,2024-09-08,0
C1281,48.0,Female,West,Primary,Business,2378998.69,"₹518,270",Business,756.9,4,94,29.95,2025-05-27,0
C1282,25.0,Male,North,Primary,Salaried,346741.04,"₹381,354",Business,839.9,0,38,39.07,2023-03-12,0
C1283,50.0,Male,West,Graduate,Salaried,,"₹404,614",Education,625.0,6,64,27.68,2023-03-24,1
C1284,40.0,Female,North,Graduate,Unemployed,812029.19,"₹258,894",Car,632.6,3,59,85.05,2024-03-17,0
C1285,33.0,Male,East,Post-Graduate,Salaried,299775.92,"₹221,894",Other,798.0,2,117,26.0,2022-11-01,0
C1286,38.0,Female,East,Primary,Self-Employed,,"₹2,526,641",Other,541.9,2,95,35.31,2015-09-13,1
C1287,,Other,North,Post-Graduate,Salaried,1530271.79,"₹374,505",Other,611.7,2,109,64.1,2020-04-20,0
C1288,53.0,Other,West,Post-Graduate,Unemployed,,"₹160,622",Education,653.5,0,115,37.56,2019-10-23,0
C1289,67.0,Male,South,Secondary,Business,2969627.61,"₹133,351",Education,738.4,1,69,23.16,2020-01-18,0
C1290,48.0,Female,West,Post-Graduate,Salaried,,"₹50,000",Other,782.8,0,13,52.4,2023-03-03,0
C1291,45.0,Male,South,Post-Graduate,Salaried,1037606.0,"₹66,985",Home,798.3,1,119,67.23,2017-04-29,0
C1292,69.0,Male,South,Secondary,Self-Employed,105055.56,"₹286,390",Business,753.8,6,29,82.5,2022-02-21,1
C1293,34.0,Female,East,Post-Graduate,Business,699110.94,"₹201,923",Business,538.3,2,55,51.76,2023-07-27,0
C1294,30.0,Female,North,Graduate,Self-Employed,,"₹365,912",Business,,2,42,82.77,2021-04-08,1
C1295,23.0,Male,West,Secondary,Self-Employed,670757.16,"₹204,619",Education,699.4,4,69,43.36,2023-11-09,0
C1296,47.0,Female,North,Primary,Unemployed,767546.45,,Other,713.9,0,122,72.56,2016-06-22,0
C1297,44.0,Male,North,Post-Graduate,Self-Employed,125298.41,"₹252,864",Medical,533.3,2,101,99.16,2020-10-03,1
C1298,45.0,Female,East,Primary,Salaried,409323.98,"₹8,143,110",Car,828.2,2,161,65.31,2015-05-07,1
C1299,37.0,Male,East,Primary,Unemployed,665544.35,"₹1,069,548",Car,599.9,5,84,29.54,2022-06-13,1
C1300,22.0,Female,South,Post-Graduate,Self-Employed,,"₹510,489",Medical,682.6,3,86,63.26,2021-03-13,0
C1301,,Male,South,Secondary,Business,644873.31,"₹226,753",Home,734.4,0,88,121.25,2017-09-27,0
C1302,28.0,,North,Graduate,,175030.94,"₹357,097",Home,784.5,0,95,87.63,2025-03-06,1
C1303,,Female,North,Post-Graduate,Salaried,262270.44,"₹211,699",Car,677.5,2,51,16.57,2022-03-12,0
C1304,33.0,Female,West,Graduate,Salaried,951166.36,"₹184,077",Home,742.6,1,108,77.31,2020-03-25,0
C1305,58.0,Other,West,Secondary,Salaried,,"₹146,122",Medical,612.9,7,218,16.76,2021-10-11,0
C1306,35.0,Female,North,Graduate,Unemployed,742279.4,"₹1,149,597",Medical,647.7,2,134,31.31,2023-01-27,1
C1307,63.0,Male,West,Post-Graduate,Salaried,,"₹754,585",Education,636.6,5,49,11.3,2019-09-18,0
C1308,50.0,Male,East,Primary,Self-Employed,661957.48,"₹550,269",Home,644.8,4,57,52.34,2024-02-23,0
C1309,31.0,Female,South,Post-Graduate,Unemployed,434585.73,"₹396,634",Home,708.7,6,107,38.19,2024-12-16,0
C1310,60.0,Male,North,Post-Graduate,Self-Employed,567944.17,"₹643,175",Home,724.7,3,113,14.42,2020-06-04,0
C1311,68.0,Male,South,Secondary,Business,313986.39,"₹8,174,297",Home,591.1,0,13,31.24,2021-11-07,1
C1312,26.0,Female,East,Secondary,Unemployed,682197.63,"₹641,003",Home,742.9,1,132,66.59,2017-05-23,0
C1313,,,North,Graduate,Self-Employed,13013762.0,"₹148,822",Medical,666.2,4,140,106.82,2025-01-06,0
C1314,43.0,Male,South,Primary,Self-Employed,272936.2,"₹220,796",Medical,699.0,6,60,61.03,2025-08-02,0
C1315,51.0,Other,West,Secondary,Unemployed,66739.63,"₹501,100",Medical,717.3,0,63,35.68,2019-02-06,1
C1316,53.0,Female,North,Post-Graduate,Salaried,132099.76,"₹4,196,579",Home,722.3,2,31,39.26,2021-02-02,1
C1317,43.0,Male,West,Secondary,Salaried,430831.95,"₹379,923",Education,737.5,6,89,31.6,2022-08-30,0
C1318,65.0,Female,South,Secondary,Salaried,,"₹145,183",Car,729.0,2,84,23.77,2018-06-11,0
C1319,26.0,Male,West,Primary,Business,1014522.2,"₹553,664",Car,595.3,6,1,14.07,2022-11-30,0
C1320,33.0,Male,South,Post-Graduate,Salaried,,"₹772,556",Education,685.2,5,119,111.43,2016-11-13,0
C1321,56.0,Male,North,Post-Graduate,Business,,"₹209,361",Other,622.2,3,62,28.51,2021-09-26,0
C1322,54.0,Female,West,Secondary,Unemployed,849820.58,,Car,728.6,7,36,52.61,2026-02-10,0
C1323,56.0,Male,East,Post-Graduate,Salaried,343513.82,"₹1,494,730",Education,,0,103,65.44,2017-10-23,1
C1324,48.0,Female,West,Primary,Salaried,8066855.64,"₹285,232",Home,861.5,0,124,21.77,2018-06-13,0
C1325,32.0,Male,South,Primary,Salaried,752394.53,"₹414,827",Business,716.9,2,107,77.89,2022-05-13,0
C1326,54.0,Male,North,Primary,,133857.26,"₹523,034",Other,607.2,6,1,51.95,2024-05-11,1
C1327,44.0,Female,West,Post-Graduate,Salaried,930063.68,"₹493,035",Other,672.1,0,115,45.47,2015-11-07,0
C1328,58.0,Male,West,Graduate,Unemployed,193878.78,"₹171,366",Car,694.3,2,56,48.91,2021-05-16,0
C1329,59.0,Male,North,Post-Graduate,Unemployed,816938.7,"₹574,921",Education,806.1,0,123,57.81,2015-06-07,0
C1330,38.0,Male,South,Graduate,Self-Employed,521213.77,"₹274,462",Car,868.7,4,71,78.91,2022-08-20,0
C1331,58.0,Female,South,Primary,Self-Employed,1587973.11,"₹148,714",Home,677.5,7,116,23.25,2022-10-12,0
C1332,,Male,West,Primary,Self-Employed,335956.66,"₹217,327",Education,817.8,5,1,34.84,2018-07-04,0
C1333,70.0,Male,North,Secondary,Business,79221.65,"₹287,162",Medical,763.2,0,155,19.78,2021-12-15,1
C1334,34.0,,North,Post-Graduate,Salaried,317112.35,"₹816,651",Business,566.4,0,84,106.33,2015-05-23,1
C1335,,Other,West,Secondary,Salaried,3167233.58,"₹188,118",Medical,765.6,3,112,24.04,2023-08-24,0
C1336,69.0,Male,West,Post-Graduate,,1054420.0,,Home,691.9,2,36,13.95,2017-02-25,0
C1337,64.0,Male,South,Post-Graduate,Salaried,533944.62,"₹996,754",Business,774.2,1,134,42.73,2022-12-03,0
C1338,56.0,Male,East,Primary,Unemployed,342031.73,"₹571,422",Other,661.3,1,93,36.92,2017-07-08,1
C1339,60.0,Male,West,Secondary,Self-Employed,457560.88,,Home,719.3,0,96,124.15,2023-04-30,0
C1340,59.0,Male,East,Graduate,,163218.66,"₹280,273",Business,571.9,0,86,12.5,2022-07-28,1
C1341,,Male,West,Graduate,Business,432205.64,"₹211,933",Business,680.9,7,140,13.39,2022-10-06,0
C1342,39.0,Other,South,Secondary,Unemployed,857400.39,"₹406,363",Medical,621.2,7,133,63.18,2021-05-08,0
C1343,48.0,Female,South,Primary,Salaried,116204.6,"₹103,808",Medical,707.3,3,81,64.72,2019-09-07,0
C1344,49.0,Male,West,Secondary,,223657.73,"₹524,612",Medical,669.2,6,99,27.76,2021-11-21,1
C1345,32.0,Male,West,Graduate,Salaried,410168.91,"₹241,113",Other,627.4,3,59,24.16,2022-05-05,0
C1346,43.0,Male,North,Secondary,Self-Employed,337005.9,"₹177,648",Education,632.0,7,9,27.88,2015-12-23,0
C1347,,Female,South,Primary,Business,185969.35,"₹322,950",Car,598.7,1,96,55.61,2023-07-24,1
C1348,44.0,Male,East,Secondary,Unemployed,400802.59,"₹209,189",Car,588.5,2,140,20.76,2023-10-24,0
C1349,64.0,Male,South,Post-Graduate,Self-Employed,464113.81,"₹634,940",Medical,803.5,0,90,55.02,2017-04-15,0
C1350,69.0,Female,South,Graduate,Unemployed,,"₹397,285",Medical,784.5,5,98,28.81,2016-07-25,0
C1351,24.0,Male,North,Graduate,Salaried,1274575.79,"₹435,715",Home,920.0,4,45,31.42,2021-03-01,0
C1352,69.0,Male,West,Primary,Business,779252.45,"₹130,910",Business,709.0,3,50,31.02,2018-06-03,0
C1353,38.0,Female,West,Graduate,Salaried,459554.6,"₹116,220",Home,120.0,1,90,10.99,2021-06-24,1
C1354,29.0,Female,West,Graduate,Salaried,165318.55,"₹165,747",Home,718.0,1,41,34.91,2015-10-24,0
C1355,19.0,Female,West,Graduate,Business,434258.2,"₹230,814",Medical,759.9,4,46,82.85,2021-02-03,0
C1356,34.0,Female,North,Post-Graduate,Salaried,1032579.57,"₹185,905",Business,743.6,0,170,72.91,2015-10-30,0
C1357,,Male,North,Primary,Unemployed,447334.37,"₹372,332",Car,672.3,4,41,35.18,2020-03-18,0
C1358,60.0,Female,East,Post-Graduate,,406813.48,"₹1,743,310",Other,,6,108,94.19,2023-08-18,1
C1359,43.0,Male,South,Post-Graduate,Salaried,725755.06,"₹50,000",Medical,690.3,0,26,32.04,2020-06-18,0
C1360,27.0,Female,West,Post-Graduate,Salaried,350170.91,"₹116,871",Education,674.8,0,96,37.14,2015-02-18,0
C1361,41.0,Female,North,Post-Graduate,Self-Employed,1145772.94,"₹628,209",Home,750.6,1,81,57.51,2025-01-16,0
C1362,24.0,Male,East,Graduate,Unemployed,,"₹236,714",Car,731.8,0,150,44.99,2022-03-24,0
C1363,56.0,Female,North,Graduate,Salaried,,"₹2,576,998",Education,683.5,1,53,86.32,2020-10-13,1
C1364,67.0,Other,North,Secondary,Salaried,852461.3,"₹714,726",Business,718.0,5,41,110.07,2024-01-30,1
C1365,26.0,Male,South,Primary,Salaried,322121.04,"₹260,728",Medical,533.2,6,72,46.27,2016-08-11,1
C1366,53.0,Male,South,Primary,Unemployed,325773.85,"₹240,323",Other,756.1,0,11,24.14,2017-08-11,0
C1367,58.0,Female,South,Post-Graduate,Self-Employed,255483.74,"₹234,224",Car,703.4,1,58,91.15,2022-09-13,0
C1368,68.0,Female,South,Post-Graduate,Unemployed,991292.16,"₹114,685",Education,570.6,0,161,85.76,2024-04-18,0
C1369,34.0,Male,East,Secondary,Unemployed,1936629.27,"₹127,226",Education,695.4,6,87,46.14,2022-06-28,0
C1370,62.0,Male,North,Post-Graduate,Self-Employed,1133815.9,"₹4,394,721",Other,662.8,10,62,38.3,2019-01-02,1
C1371,43.0,Male,North,Secondary,Self-Employed,210468.22,,Medical,621.6,0,61,20.98,2019-05-22,1
C1372,40.0,Female,East,Graduate,Salaried,640494.2,"₹477,388",Other,691.3,0,1,111.21,2019-11-25,0
C1373,51.0,Male,South,Graduate,Unemployed,1611240.66,"₹114,416",Other,674.2,1,104,70.56,2018-09-22,0
C1374,34.0,Female,South,Post-Graduate,Self-Employed,301072.88,"₹541,511",Home,584.1,0,112,27.18,2019-02-15,1
C1375,48.0,Male,North,Primary,Unemployed,1433141.9,"₹228,512",Medical,660.4,1,14,50.36,2018-07-10,0
C1376,64.0,Female,East,Graduate,Business,176994.82,,Home,751.4,2,69,70.86,2016-01-26,1
C1377,31.0,Male,North,Post-Graduate,Self-Employed,235888.96,"₹408,844",Medical,,5,103,26.8,2024-10-01,1
C1378,27.0,Female,North,Primary,Unemployed,723203.45,"₹879,924",Home,621.9,2,56,26.57,2020-09-01,0
C1379,19.0,Male,North,Post-Graduate,Unemployed,273072.54,"₹331,999",Medical,645.3,2,123,64.49,2015-01-30,1
C1380,26.0,Male,North,Primary,Business,371903.41,"₹148,616",Education,726.0,4,115,12.12,2016-01-29,0
C1381,50.0,Female,South,Post-Graduate,Unemployed,638121.09,"₹654,825",Car,713.4,5,102,57.17,2022-05-24,0
C1382,70.0,Male,East,Post-Graduate,Self-Employed,421160.91,"₹93,869",Other,752.2,3,120,48.83,2015-02-27,0
C1383,66.0,Female,West,Primary,Unemployed,136970.71,"₹151,193",Business,693.4,0,98,62.02,2024-02-15,0
C1384,38.0,Female,West,Primary,Salaried,1585940.92,"₹542,011",Home,663.3,0,111,36.46,2017-05-02,0
C1385,42.0,Male,East,Post-Graduate,Salaried,791259.29,"₹142,376",Car,542.7,2,112,34.22,2016-07-30,0
C1386,60.0,Female,South,Primary,Unemployed,1849562.46,"₹473,075",Car,,3,72,28.47,2016-02-03,0
C1387,31.0,Female,West,Graduate,Self-Employed,535675.45,"₹382,814",Other,621.9,0,107,35.16,2016-02-24,0
C1388,54.0,Male,North,Post-Graduate,Self-Employed,496598.43,"₹664,155",Education,471.8,3,56,74.22,2020-08-31,1
C1389,35.0,Male,North,Post-Graduate,Unemployed,959526.47,"₹62,750",Car,667.4,5,151,18.51,2020-10-23,0
C1390,39.0,Female,South,Graduate,Salaried,438108.18,"₹929,961",Business,457.7,3,1,39.74,2016-08-13,1
C1391,48.0,Female,East,Secondary,Business,804578.05,"₹389,237",Business,483.7,4,140,13.64,2015-01-22,0
C1392,50.0,Female,South,Post-Graduate,Self-Employed,274175.09,"₹862,093",Home,625.9,5,79,129.37,2020-01-11,1
C1393,66.0,Male,West,Graduate,Self-Employed,270384.71,"₹1,648,590",Education,620.6,3,129,22.18,2016-09-05,1
C1394,45.0,Female,East,Primary,Self-Employed,761612.1,"₹186,304",Home,874.9,5,74,23.97,2023-10-14,0
C1395,67.0,Male,North,Secondary,Salaried,10817369.14,"₹263,503",Education,716.8,4,131,13.45,2015-08-05,0
C1396,42.0,Male,East,Post-Graduate,Business,294348.46,"₹207,200",Car,624.6,2,49,39.97,2021-12-27,0
C1397,32.0,Female,South,Post-Graduate,Unemployed,917960.39,"₹260,428",Car,676.9,0,69,11.05,2015-05-23,0
C1398,61.0,,South,Primary,,385603.57,"₹418,367",Car,455.4,3,123,14.79,2025-09-01,1
C1399,25.0,Male,South,Primary,Self-Employed,1415726.77,"₹435,689",Car,677.2,1,101,21.15,2018-07-31,0
C1400,44.0,Male,North,Secondary,Self-Employed,522001.97,"₹160,913",Medical,572.7,0,72,62.69,2018-09-26,0
C1401,,Male,West,Secondary,Self-Employed,126003.69,"₹225,180",Home,,6,54,59.45,2024-02-28,1
C1402,54.0,Male,North,Post-Graduate,,381704.3,"₹631,013",Home,678.5,0,70,36.87,2020-11-07,0
C1403,46.0,Male,East,Post-Graduate,Business,473561.59,"₹1,085,633",Business,724.2,2,78,51.02,2018-04-16,1
C1404,61.0,Female,North,Post-Graduate,Business,99093.83,"₹313,107",Business,,0,118,58.64,2024-01-02,1
C1405,37.0,Female,East,Primary,Self-Employed,453616.23,"₹436,225",Medical,666.9,1,142,10.92,2020-11-13,0
C1406,19.0,Female,West,Primary,Salaried,439914.88,"₹523,140",Car,691.8,6,101,38.12,2021-05-23,0
C1407,32.0,Male,East,Post-Graduate,Unemployed,463400.23,,Medical,699.5,3,101,32.7,2026-02-18,0
C1408,65.0,Male,North,Secondary,Salaried,406929.13,"₹338,455",Education,668.2,1,36,69.46,2025-07-22,0
C1409,57.0,Female,West,Graduate,Unemployed,998677.88,"₹214,953",Other,610.4,8,89,64.51,2023-08-09,0
C1410,61.0,Female,East,Secondary,Salaried,,"₹517,506",Business,618.7,4,14,20.01,2020-02-26,1
C1411,68.0,Male,West,Post-Graduate,Unemployed,598408.51,"₹322,079",Home,711.7,0,126,16.65,2026-06-02,0
C1412,35.0,Male,North,Primary,Self-Employed,502751.91,"₹486,242",Education,,0,55,24.97,2020-06-17,0
C1413,,Female,North,Primary,,1611924.09,"₹90,789",Home,588.3,0,29,18.13,2024-03-29,0
C1414,50.0,Female,South,Primary,Unemployed,732781.84,,Other,595.8,5,138,35.63,2026-02-09,1
C1415,26.0,Male,East,Graduate,Business,539793.31,"₹1,265,707",Business,517.8,0,105,70.17,2021-04-13,1
C1416,37.0,Male,North,Graduate,Self-Employed,,"₹281,911",Business,595.0,3,65,29.34,2019-02-09,0
C1417,39.0,Female,North,Graduate,Business,1487108.52,"₹126,120",Education,610.9,0,1,66.02,2022-06-01,0
C1418,35.0,Male,East,Post-Graduate,Business,1558176.6,,Medical,,7,114,22.82,2020-08-03,0
C1419,56.0,Male,North,Secondary,Business,1349537.7,"₹287,149",Other,640.2,0,124,44.62,2017-12-19,0
C1420,33.0,Male,West,Primary,Unemployed,369542.39,,Business,712.1,5,131,29.04,2019-10-13,0
C1421,61.0,Male,West,Primary,Unemployed,,"₹728,381",Business,813.9,5,134,50.61,2023-11-11,0
C1422,,Male,East,Graduate,Business,515198.7,"₹59,882",Home,726.3,5,157,52.05,2018-02-16,0
C1423,28.0,Female,West,Post-Graduate,Salaried,1141445.95,"₹127,548",Home,612.0,2,188,37.54,2018-06-16,0
C1424,33.0,Male,South,Secondary,Unemployed,942153.78,"₹1,265,082",Medical,518.8,0,118,38.5,2024-08-02,1
C1425,62.0,Female,East,Secondary,Unemployed,201386.88,"₹282,704",Other,649.8,3,40,26.27,2022-10-13,0
C1426,63.0,Male,West,Secondary,Business,956589.59,"₹854,620",Car,745.5,2,117,45.35,2025-07-15,0
C1427,21.0,Male,West,Secondary,Self-Employed,250698.68,"₹121,316",Medical,711.8,4,125,5.0,2020-01-01,0
C1428,68.0,Female,West,Primary,Business,197411.94,"₹1,063,915",Medical,667.0,0,29,28.5,2020-03-22,1
C1429,,Male,West,Primary,Business,1208449.13,"₹197,472",Other,653.3,0,77,48.35,2025-06-08,0
C1430,46.0,Male,North,Post-Graduate,Self-Employed,197324.71,"₹410,474",Car,619.3,2,94,29.97,2022-03-31,1
C1431,21.0,Male,South,Primary,Self-Employed,960989.99,"₹445,057",Medical,519.3,3,60,31.4,2022-03-10,0
C1432,67.0,Male,North,Primary,Salaried,395145.62,"₹574,613",Education,663.4,0,57,18.77,2023-07-18,0
C1433,56.0,Female,East,Post-Graduate,Business,335837.83,"₹394,520",Home,734.9,1,75,49.14,2024-12-08,0
C1434,37.0,Female,East,Graduate,Salaried,620586.22,"₹420,222",Car,,7,162,101.0,2026-03-25,1
C1435,67.0,Other,North,Post-Graduate,Business,621470.05,"₹1,034,266",Business,668.1,3,104,37.99,2020-11-16,1
C1436,30.0,Male,South,Graduate,,,"₹71,021",Medical,565.3,9,85,15.05,2018-11-17,0
C1437,30.0,Other,West,Secondary,Business,1306712.87,"₹187,972",Other,756.0,0,101,38.5,2016-05-15,0
C1438,19.0,,West,Graduate,Salaried,326191.71,"₹518,119",Car,638.0,5,85,40.18,2016-07-16,1
C1439,31.0,Female,West,Secondary,Unemployed,421690.56,"₹50,000",Home,,3,142,27.13,2020-01-08,0
C1440,23.0,Male,East,Primary,Self-Employed,128945.65,"₹102,906",Medical,743.7,3,106,52.29,2015-10-23,0
C1441,27.0,Male,South,Secondary,Business,357186.62,"₹133,271",Home,690.8,0,1,51.49,2025-11-11,0
C1442,18.0,Female,South,Primary,Salaried,485368.5,"₹174,863",Home,697.0,2,160,48.6,2026-01-22,0
C1443,34.0,Female,West,Post-Graduate,Business,387507.08,"₹755,245",Other,749.3,4,96,19.34,2026-04-20,1
C1444,22.0,Male,North,Graduate,Unemployed,587985.04,"₹96,992",Other,692.4,0,71,101.59,2020-07-04,0
C1445,26.0,Other,South,Secondary,Unemployed,151593.7,"₹63,778",Car,539.3,0,61,25.66,2021-09-09,0
C1446,19.0,Other,West,Graduate,Unemployed,564202.49,"₹603,528",Medical,594.9,6,91,18.12,2022-04-16,1
C1447,62.0,Male,East,Graduate,Business,123296.36,"₹3,674,824",Medical,695.2,5,95,39.52,2019-08-17,1
C1448,63.0,Female,South,Post-Graduate,Self-Employed,2107406.69,"₹184,069",Other,622.3,1,128,84.27,2025-10-03,0
C1449,35.0,Male,West,Secondary,Unemployed,761655.68,"₹120,428",Education,598.4,1,86,60.26,2016-10-13,0
C1450,46.0,Male,North,Graduate,Self-Employed,140112.63,"₹77,518",Education,775.8,5,94,23.76,2023-07-03,0
C1451,34.0,Male,West,Secondary,Unemployed,506080.38,"₹140,768",Business,698.6,1,64,76.34,2024-03-14,0
C1452,19.0,Male,South,Primary,Salaried,628312.34,"₹149,929",Business,578.7,0,95,23.85,2019-08-29,0
C1453,69.0,Female,South,Graduate,Salaried,1228679.12,"₹358,453",Home,653.3,2,98,22.57,2020-10-27,0
C1454,33.0,Male,East,Graduate,Self-Employed,686437.06,"₹437,886",Medical,668.5,6,141,47.65,2021-05-24,0
C1455,65.0,Male,West,Graduate,Business,1493830.01,"₹481,644",Education,120.0,3,169,55.2,2021-01-28,1
C1456,47.0,Female,East,Graduate,Self-Employed,,"₹620,849",Home,815.4,6,64,39.29,2016-01-14,1
C1457,23.0,Female,North,Post-Graduate,Salaried,211040.82,"₹793,532",Car,630.5,0,74,74.34,2022-11-12,1
C1458,68.0,Female,South,Secondary,Unemployed,188272.17,"₹208,134",Business,570.5,4,109,94.34,2022-04-22,1
C1459,35.0,Female,West,Post-Graduate,Salaried,990533.23,"₹72,963",Business,658.3,3,98,38.62,2017-08-08,0
C1460,25.0,Male,East,Post-Graduate,Business,154902.09,"₹69,117",Business,617.6,0,72,16.61,2021-10-09,0
C1461,31.0,Female,East,Secondary,Self-Employed,492760.82,"₹111,993",Home,672.2,3,71,22.86,2022-07-01,0
C1462,28.0,Male,North,Secondary,Self-Employed,370160.53,"₹509,207",Medical,664.9,0,80,55.64,2019-10-28,0
C1463,59.0,Male,West,Primary,Unemployed,167779.27,"₹2,136,369",Medical,770.4,2,89,21.18,2016-05-12,1
C1464,58.0,Female,West,Post-Graduate,Self-Employed,199401.2,"₹131,178",Other,526.1,1,46,26.3,2024-03-07,0
C1465,,Female,West,Graduate,Salaried,,"₹216,416",Business,638.9,4,42,34.28,2026-03-06,0
C1466,54.0,Male,North,Primary,Self-Employed,162515.18,"₹89,918",Car,674.2,4,87,300.0,2022-09-29,1
C1467,41.0,,South,Secondary,Salaried,857772.09,"₹95,038",Other,613.2,4,84,38.85,2022-09-07,0
C1468,53.0,Male,West,Primary,Salaried,800540.46,"₹59,448",Car,760.1,3,110,36.18,2020-10-13,0
C1469,27.0,,East,Post-Graduate,Self-Employed,2568616.45,"₹605,116",Home,732.0,7,161,177.21,2016-03-11,1
C1470,52.0,Female,East,Secondary,Self-Employed,240484.73,"₹175,783",Car,712.1,0,85,25.85,2016-11-06,0
C1471,41.0,Female,West,Primary,Business,458615.33,"₹1,097,375",Education,790.5,1,38,63.09,2023-08-30,1
C1472,41.0,Female,East,Graduate,Business,1376611.94,"₹284,337",Medical,735.9,1,52,107.04,2023-02-18,0
C1473,31.0,Male,South,Secondary,Salaried,247040.37,"₹168,575",Education,758.2,0,69,14.82,2024-06-07,0
C1474,69.0,Male,North,Primary,Self-Employed,341018.85,"₹1,836,717",Business,722.4,7,103,24.92,2024-05-13,1
C1475,23.0,Male,West,Secondary,Self-Employed,567878.24,"₹316,190",Car,632.2,3,49,15.33,2021-08-13,0
C1476,54.0,Female,West,Secondary,Business,3349388.56,"₹104,364",Business,788.0,0,111,54.47,2016-09-02,0
C1477,21.0,Female,West,Secondary,Salaried,94930.06,"₹223,020",Education,753.3,2,97,54.08,2019-08-03,1
C1478,50.0,,East,Secondary,Salaried,423229.69,"₹3,410,341",Other,628.0,0,116,118.03,2019-08-30,1
C1479,27.0,Male,East,Graduate,Unemployed,1168245.12,"₹721,989",Home,594.9,0,47,66.77,2026-02-12,0
C1480,44.0,Male,East,Primary,Salaried,153180.21,"₹532,009",Other,688.3,2,136,22.59,2016-04-11,1
C1481,67.0,Female,East,Secondary,Salaried,,"₹192,953",Education,646.9,3,91,87.95,2020-12-02,0
C1482,20.0,Female,West,Graduate,Self-Employed,503830.51,"₹122,199",Education,585.5,0,57,10.55,2018-09-16,0
C1483,32.0,Male,South,Graduate,Business,550474.18,"₹479,995",Business,651.0,2,124,21.9,2023-07-25,0
C1484,18.0,Male,North,Secondary,Unemployed,393375.38,"₹714,996",Other,700.0,1,101,19.92,2020-05-01,0
C1485,54.0,Female,West,Graduate,Business,563165.64,"₹392,771",Home,699.4,1,94,15.14,2023-12-30,0
C1486,24.0,Male,East,Graduate,Salaried,867300.03,"₹76,513",Car,735.0,0,148,100.44,2017-08-07,0
C1487,43.0,Female,East,Primary,Business,,"₹744,964",Medical,592.5,1,36,17.07,2018-04-24,1
C1488,,Female,South,Graduate,Salaried,430608.18,"₹260,476",Home,728.0,6,142,26.56,2018-01-09,0
C1489,54.0,Other,East,Primary,Salaried,455482.34,"₹279,755",Medical,584.6,6,130,28.32,2023-09-17,0
C1490,41.0,Male,West,Graduate,Unemployed,665982.23,"₹160,351",Other,683.5,6,134,180.62,2020-02-28,1
C1491,57.0,Female,South,Secondary,Salaried,253639.6,"₹307,403",Other,735.8,5,114,65.2,2026-04-29,1
C1492,56.0,Male,North,Post-Graduate,,588520.27,"₹924,188",Business,,3,99,22.22,2017-09-30,0
C1493,68.0,Male,North,Primary,Business,96071.73,"₹64,359",Education,546.5,0,106,23.05,2022-04-21,0
C1494,35.0,Female,East,Primary,Unemployed,,"₹301,190",Medical,584.5,2,130,46.24,2022-10-24,0
C1495,59.0,Male,West,Graduate,Self-Employed,613730.19,"₹632,210",Business,563.2,8,50,30.45,2021-06-14,1
C1496,43.0,,West,Primary,Business,314847.59,"₹1,252,889",Medical,709.8,9,174,55.71,2022-03-07,1
C1497,18.0,Male,West,Secondary,Unemployed,891964.33,"₹334,808",Business,645.1,6,166,54.42,2024-04-06,0
C1498,59.0,Male,North,Post-Graduate,Business,177241.45,"₹606,846",Car,621.0,4,47,86.89,2021-02-18,1
C1499,30.0,,South,Graduate,Unemployed,110883.23,"₹184,880",Education,712.4,5,77,207.72,2020-02-09,1
C1500,30.0,Other,North,Secondary,,516687.7,"₹392,303",Other,718.6,2,27,27.6,2020-01-28,0
C1501,24.0,Male,North,Graduate,Salaried,1246881.09,"₹307,657",Home,756.0,0,122,57.95,2021-10-24,0
C1502,66.0,Male,North,Primary,Unemployed,166356.3,,Education,,4,41,21.76,2024-02-28,1
C1503,47.0,Female,West,Secondary,Business,348597.82,"₹792,600",Education,649.6,6,112,39.23,2022-01-20,1
C1504,36.0,Other,South,Secondary,Business,314975.34,"₹730,214",Business,806.8,2,128,45.88,2026-06-16,1
C1505,28.0,Male,East,Post-Graduate,Unemployed,470813.5,"₹345,298",Other,648.8,0,83,38.38,2019-10-29,0
C1506,42.0,Female,East,Secondary,Salaried,246792.18,"₹56,411",Home,656.7,1,1,15.89,2017-09-24,0
C1507,69.0,Male,North,Graduate,Business,307900.71,"₹230,718",Car,609.8,9,44,34.97,2023-02-16,1
C1508,32.0,Male,East,Post-Graduate,Self-Employed,1445557.48,"₹1,864,210",Medical,618.0,0,62,74.91,2022-12-25,1
C1509,63.0,Male,North,Primary,Unemployed,508582.64,"₹74,804",Car,636.2,1,131,39.4,2016-01-04,0
C1510,31.0,Male,South,Secondary,Self-Employed,196431.28,"₹76,530",Medical,632.7,2,8,104.06,2023-11-21,0
C1511,47.0,Male,West,Post-Graduate,Unemployed,269121.76,"₹84,676",Other,672.3,3,1,42.92,2019-01-22,0
C1512,59.0,Female,South,Primary,Self-Employed,1347576.73,"₹335,075",Home,744.2,4,113,95.39,2019-06-07,0
C1513,37.0,Female,East,Post-Graduate,Self-Employed,630034.09,"₹452,082",Home,449.5,0,107,43.88,2017-01-20,0
C1514,51.0,Female,East,Post-Graduate,Business,409567.16,"₹470,600",Education,791.3,1,86,34.02,2022-11-04,0
C1515,65.0,Female,East,Graduate,Self-Employed,229769.86,"₹178,038",Business,531.8,6,67,32.41,2026-01-16,1
C1516,49.0,Male,South,Graduate,Unemployed,300071.48,"₹109,462",Business,657.0,6,97,43.16,2024-09-11,0
C1517,26.0,Male,South,Primary,Unemployed,859736.38,"₹186,211",Education,747.2,2,123,39.97,2016-09-03,0
C1518,55.0,Female,North,Primary,Salaried,1429950.5,"₹637,063",Car,882.8,5,34,43.91,2025-10-17,0
C1519,51.0,Female,North,Post-Graduate,Unemployed,718750.81,"₹140,643",Home,610.8,1,100,23.05,2018-11-21,0
C1520,41.0,Female,West,Post-Graduate,Self-Employed,682598.36,"₹554,362",Other,727.7,4,154,39.47,2017-08-05,0
C1521,39.0,Male,North,Post-Graduate,Unemployed,32877378.64,"₹1,047,360",Car,,2,73,43.65,2025-08-21,0
C1522,40.0,Female,West,Post-Graduate,Business,422592.15,"₹158,038",Education,,0,20,65.32,2023-10-31,0
C1523,65.0,Male,West,Post-Graduate,Unemployed,1234469.21,"₹68,534",Education,691.2,8,127,53.96,2015-07-12,0
C1524,33.0,Female,West,Secondary,Salaried,559067.34,"₹319,237",Education,592.6,2,171,7.94,2022-11-02,0
C1525,,Male,West,Primary,Business,311458.65,"₹215,394",Home,672.8,1,10,44.14,2021-03-16,0
C1526,48.0,Male,West,Secondary,Salaried,974300.14,"₹2,158,896",Other,829.8,2,67,32.2,2025-02-19,1
C1527,55.0,Female,South,Secondary,,1492624.6,"₹50,000",Home,673.4,5,183,65.89,2016-07-25,0
C1528,23.0,Male,South,Post-Graduate,Unemployed,339099.17,"₹270,870",Education,745.9,3,165,35.52,2019-10-27,0
C1529,46.0,Female,East,Graduate,Unemployed,525030.46,"₹924,228",Home,636.7,4,78,37.57,2025-07-20,1
C1530,48.0,Male,North,Secondary,Self-Employed,139997.61,"₹1,103,284",Business,522.9,2,144,57.22,2020-07-28,1
C1531,44.0,Female,West,Primary,Business,1587477.58,"₹294,729",Business,,0,97,36.52,2015-10-21,0
C1532,51.0,Male,East,Post-Graduate,Business,4084834.03,"₹50,000",Education,693.4,5,74,17.91,2021-07-12,0
C1533,57.0,Male,West,Secondary,Salaried,606760.08,"₹476,056",Other,638.7,0,92,28.53,2022-04-21,0
C1534,57.0,Female,East,Graduate,Business,1639966.75,"₹344,602",Medical,874.6,7,101,59.04,2024-06-29,0
C1535,,Other,North,Primary,Business,3780336.17,"₹448,105",Home,719.3,10,105,80.5,2020-12-08,0
C1536,33.0,Male,West,Primary,Business,111117.19,"₹119,567",Home,,7,176,47.28,2022-04-27,0
C1537,19.0,Male,South,Secondary,Salaried,809257.53,"₹1,097,825",Education,535.6,2,69,68.31,2016-04-03,1
C1538,37.0,Female,East,Post-Graduate,Self-Employed,1216223.2,"₹288,026",Car,672.7,4,81,72.37,2022-05-06,0
C1539,51.0,Male,East,Primary,Self-Employed,436148.94,"₹308,292",Other,743.6,0,119,80.66,2025-06-22,0
C1540,44.0,Other,North,Graduate,Business,590574.2,"₹109,628",Other,722.5,1,119,68.04,2017-04-26,0
C1541,69.0,Male,North,Graduate,Business,570639.48,"₹227,157",Education,642.7,0,176,8.93,2022-10-10,0
C1542,56.0,Female,South,Graduate,Business,506217.01,"₹474,083",Education,725.6,1,128,118.33,2026-01-22,0
C1543,41.0,Female,South,Graduate,Business,247485.38,"₹2,100,251",Medical,588.9,0,120,29.07,2021-05-17,1
C1544,37.0,Female,West,Post-Graduate,Business,194573.56,"₹476,976",Business,704.9,4,121,35.74,2015-06-20,1
C1545,37.0,Male,South,Secondary,Unemployed,196275.61,"₹436,162",Education,774.8,0,36,30.88,2021-07-01,1
C1546,40.0,,East,Graduate,Unemployed,394800.24,"₹148,591",Home,852.3,1,14,32.46,2022-12-27,0
C1547,37.0,Other,North,Primary,Unemployed,,"₹182,365",Home,740.9,6,65,72.58,2020-06-10,0
C1548,60.0,Female,West,Primary,Business,614203.08,"₹114,103",Other,651.7,5,111,35.52,2019-04-05,0
C1549,61.0,Female,South,Secondary,Unemployed,212652.72,"₹118,751",Medical,736.5,6,38,41.94,2025-02-01,0
C1550,24.0,Other,West,Post-Graduate,Unemployed,296877.82,"₹5,537,295",Business,,1,88,15.28,2024-01-29,1
C1551,,Female,East,Secondary,Unemployed,87266.36,"₹398,538",Other,726.9,6,54,66.52,2017-01-31,1
C1552,62.0,Female,West,Post-Graduate,Business,243422.56,"₹338,779",Education,727.9,0,126,55.36,2022-05-03,0
C1553,69.0,Female,West,Graduate,Self-Employed,280281.7,"₹768,659",Home,,3,41,47.68,2016-06-07,1
C1554,60.0,Female,South,Secondary,Self-Employed,106359.98,,Home,776.3,3,102,38.03,2021-01-19,1
C1555,42.0,,North,Secondary,Unemployed,492151.77,"₹314,677",Other,739.6,3,37,83.5,2025-01-29,0
C1556,43.0,Female,East,Post-Graduate,Unemployed,1113718.85,"₹117,109",Car,618.6,2,120,46.73,2024-04-16,0
C1557,28.0,Female,North,Graduate,,91655.56,"₹308,520",Other,742.1,4,64,16.75,2023-05-23,1
C1558,24.0,Male,South,Graduate,Business,335108.0,"₹98,946",Education,780.5,0,119,78.07,2016-01-26,0
C1559,26.0,Male,South,Primary,Salaried,93230.57,"₹398,287",Medical,,3,50,6.55,2021-08-17,1
C1560,67.0,Male,East,Primary,Business,1235274.48,"₹163,874",Home,620.8,2,123,117.54,2023-03-20,0
C1561,32.0,Male,West,Primary,Salaried,583540.77,"₹118,508",Home,646.3,8,58,6.01,2018-06-23,0
C1562,36.0,Male,North,Secondary,Unemployed,112147.59,"₹250,940",Home,696.3,3,106,34.06,2026-06-11,1
C1563,44.0,Other,South,Graduate,Unemployed,348414.99,"₹471,826",Business,679.3,1,93,123.74,2015-12-08,1
C1564,55.0,Male,East,Post-Graduate,Salaried,150898.41,"₹238,471",Home,686.5,3,161,27.35,2022-03-03,0
C1565,,Male,West,Primary,Unemployed,574053.85,"₹452,993",Medical,734.0,7,54,86.37,2017-06-23,1
C1566,19.0,Male,North,Graduate,Salaried,2040900.21,"₹611,385",Car,667.2,5,98,12.68,2020-07-23,0
C1567,44.0,Male,South,Primary,Business,448588.22,"₹61,773",Business,591.9,1,1,16.22,2021-01-17,0
C1568,,Male,South,Graduate,Self-Employed,624367.7,"₹472,032",Medical,817.0,5,48,34.06,2023-06-29,0
C1569,46.0,Male,North,Graduate,Salaried,483373.16,"₹523,296",Car,704.9,3,41,17.91,2019-03-30,0
C1570,63.0,Female,North,Post-Graduate,Self-Employed,1484752.45,"₹1,748,624",Business,793.3,2,34,31.15,2023-04-08,0
C1571,19.0,Female,West,Post-Graduate,Business,579822.03,"₹698,354",Home,550.9,0,97,127.37,2016-06-15,1
C1572,53.0,Female,North,Primary,,8060571.11,"₹526,169",Medical,980.0,6,108,9.75,2018-10-08,0
C1573,19.0,Male,West,Post-Graduate,Unemployed,424900.04,"₹355,645",Business,663.8,0,135,23.68,2023-02-13,0
C1574,62.0,Female,North,Secondary,Self-Employed,254069.42,"₹682,114",Home,696.4,2,138,51.24,2016-01-03,1
C1575,49.0,Male,North,Post-Graduate,Unemployed,843450.94,"₹235,904",Medical,777.7,6,1,39.89,2023-05-21,0
C1576,57.0,Female,East,Graduate,Self-Employed,542223.87,"₹525,874",Business,750.3,4,93,12.19,2020-09-13,0
C1577,58.0,Female,North,Secondary,Unemployed,807111.84,"₹222,919",Other,597.8,6,150,38.7,2022-03-14,0
C1578,43.0,Female,South,Post-Graduate,Business,288993.15,"₹260,145",Car,742.8,4,1,22.02,2017-07-20,0
C1579,53.0,Male,West,Secondary,Business,734541.47,"₹146,229",Education,597.6,3,119,71.22,2024-11-08,0
C1580,66.0,Female,North,Graduate,Business,493346.32,"₹118,398",Other,683.0,2,122,28.65,2026-04-12,0
C1581,22.0,Male,East,Post-Graduate,Business,1380176.04,"₹613,790",Medical,599.7,6,111,16.94,2024-02-16,0
C1582,,Female,North,Graduate,Business,125417.93,"₹719,527",Education,781.4,5,103,46.52,2019-04-30,1
C1583,35.0,Female,South,Primary,Salaried,160704.55,"₹365,028",Business,767.6,0,155,114.59,2023-04-17,1
C1584,38.0,Male,East,Primary,Salaried,454573.99,"₹479,645",Education,,5,72,25.73,2020-03-03,0
C1585,63.0,Male,West,Secondary,Self-Employed,6739753.59,"₹232,388",Other,547.4,7,118,68.65,2016-02-11,0
C1586,60.0,Male,West,Primary,Self-Employed,1715913.47,"₹58,113",Other,506.9,3,109,11.87,2016-11-30,0
C1587,29.0,Male,South,Secondary,Business,,"₹248,451",Business,571.2,4,80,28.41,2019-06-03,0
C1588,43.0,Male,North,Secondary,Business,1182526.68,"₹539,941",Other,506.6,5,112,38.49,2016-05-02,0
C1589,39.0,Male,East,Secondary,Self-Employed,127059.95,"₹680,872",Other,585.1,0,81,58.77,2023-02-12,1
C1590,63.0,Male,South,Primary,Business,1144598.51,"₹149,148",Medical,743.4,0,88,21.81,2026-04-15,0
C1591,51.0,Male,West,Graduate,Business,607276.4,,Education,,0,119,18.79,2017-10-10,0
C1592,30.0,Male,North,Primary,,372302.05,"₹87,659",Other,644.1,3,115,13.98,2015-04-12,0
C1593,,Male,East,Post-Graduate,Self-Employed,1596189.96,"₹500,000",Business,718.6,4,91,23.35,2015-11-19,0
C1594,48.0,Male,North,Graduate,Self-Employed,919493.49,"₹553,622",Education,618.9,0,22,34.58,2025-07-15,0
C1595,21.0,Female,West,Post-Graduate,Self-Employed,173549.77,"₹120,523",Car,818.1,4,149,99.23,2026-01-22,0
C1596,36.0,Female,South,Graduate,Business,256903.11,"₹179,205",Medical,694.0,3,114,119.04,2020-03-31,1
C1597,53.0,Male,South,Secondary,Salaried,827475.69,"₹1,081,730",Education,790.3,2,33,41.5,2015-11-22,0
C1598,29.0,Female,South,Graduate,Unemployed,814280.2,"₹436,157",Other,709.3,0,113,24.4,2025-06-27,0
C1599,21.0,Male,North,Post-Graduate,Salaried,495212.49,"₹426,949",Other,658.7,6,112,29.74,2024-05-02,0
C1600,44.0,Male,North,Secondary,Salaried,303441.04,"₹409,541",Other,,6,58,31.34,2019-03-28,1
C1601,20.0,Other,East,Primary,Business,254421.03,,Education,,2,53,76.23,2024-01-06,1
C1602,64.0,Female,North,Graduate,Salaried,255979.34,"₹187,762",Home,681.0,0,88,15.28,2024-11-24,0
C1603,68.0,Female,South,Graduate,Business,,"₹217,298",Home,722.8,3,129,74.05,2019-11-17,0
C1604,23.0,Male,South,Secondary,Salaried,503177.83,"₹1,856,934",Education,653.1,6,51,64.52,2024-05-13,1
C1605,53.0,Male,North,Primary,Salaried,180297.72,"₹815,229",Home,620.1,0,96,61.72,2025-09-22,1
C1606,31.0,Female,South,Primary,Business,268325.75,"₹171,835",Education,629.7,2,97,24.96,2023-03-21,0
C1607,65.0,Female,East,Secondary,Salaried,1765369.15,"₹415,989",Other,761.3,2,82,17.96,2016-09-20,0
C1608,51.0,Other,West,Post-Graduate,Unemployed,336196.11,"₹616,302",Medical,640.4,4,110,44.0,2020-01-03,1
C1609,47.0,Female,South,Primary,Business,505947.45,"₹135,920",Home,495.8,2,146,33.06,2021-04-17,0
C1610,52.0,Female,North,Post-Graduate,Unemployed,2041006.83,"₹778,434",Car,746.2,1,122,17.0,2022-04-18,0
C1611,60.0,Male,South,Primary,Business,906653.04,"₹234,528",Medical,760.7,3,138,18.12,2025-04-15,0
C1612,60.0,Male,South,Primary,Business,288196.32,"₹1,006,511",Business,540.6,4,54,118.94,2024-04-07,1
C1613,47.0,Female,South,Secondary,Salaried,133077.23,"₹226,133",Home,693.5,0,34,41.87,2021-04-08,0
C1614,19.0,Female,East,Post-Graduate,Unemployed,476840.09,"₹132,683",Home,721.3,5,101,44.66,2017-07-30,0
C1615,25.0,Female,West,Post-Graduate,Salaried,322641.38,"₹112,755",Other,684.3,2,76,32.87,2025-10-30,0
C1616,34.0,Female,North,Secondary,Salaried,510355.36,,Education,752.6,4,121,45.25,2015-07-02,1
C1617,,Male,North,Secondary,Salaried,189058.34,"₹177,812",Business,788.0,0,147,21.22,2016-10-22,0
C1618,21.0,Male,South,Graduate,Self-Employed,1395131.15,"₹680,890",Car,760.5,0,192,202.04,2022-06-01,1
C1619,42.0,Male,East,Primary,Self-Employed,323302.96,"₹17,729,234",Education,730.7,5,90,44.44,2015-09-28,1
C1620,26.0,Male,North,Graduate,Business,1000497.11,"₹60,245",Home,,1,59,36.06,2024-03-07,0
C1621,61.0,Male,East,Graduate,Self-Employed,,,Home,702.4,0,129,11.49,2023-04-09,0
C1622,52.0,Male,East,Graduate,Salaried,291912.4,"₹369,858",Medical,665.4,0,1,86.02,2018-11-05,1
C1623,51.0,Male,East,Primary,Unemployed,68722.35,"₹309,637",Education,620.2,0,85,30.11,2019-01-21,1
C1624,,Female,West,Post-Graduate,,483406.48,"₹344,218",Business,821.1,0,122,76.61,2018-01-16,0
C1625,37.0,Female,West,Secondary,Unemployed,372785.37,"₹278,403",Education,754.5,2,71,22.97,2023-01-31,0
C1626,69.0,Male,South,Post-Graduate,Salaried,,"₹527,873",Other,819.9,6,99,34.67,2017-05-03,1
C1627,48.0,Male,South,Primary,Unemployed,808337.82,"₹404,708",Business,642.5,0,58,81.85,2018-06-20,0
C1628,53.0,Female,East,Secondary,Self-Employed,313594.23,"₹1,308,724",Business,608.6,4,38,63.5,2022-12-10,1
C1629,64.0,Female,North,Secondary,Unemployed,1541996.91,"₹1,834,749",Car,707.1,0,100,82.18,2015-07-13,0
C1630,31.0,Female,South,Post-Graduate,Self-Employed,481835.86,"₹1,615,580",Home,834.4,7,106,26.95,2017-03-24,1
C1631,28.0,Female,West,Secondary,Salaried,2146050.09,"₹353,977",Business,650.3,7,136,44.66,2018-01-09,0
C1632,67.0,Male,West,Post-Graduate,Business,156491.13,"₹94,306",Other,849.4,4,28,41.25,2024-05-19,0
C1633,55.0,Male,North,Graduate,Salaried,269261.26,"₹491,971",Business,640.6,0,103,39.75,2022-12-30,1
C1634,33.0,Male,North,Graduate,Self-Employed,194453.57,"₹541,810",Home,631.2,3,118,27.98,2020-02-09,1
C1635,26.0,Female,West,Secondary,Business,512597.87,"₹55,044",Medical,789.3,2,73,27.56,2015-01-03,0
C1636,,Female,South,Secondary,Salaried,625768.25,"₹375,315",Car,587.7,3,222,69.88,2015-11-06,0
C1637,33.0,Male,North,Graduate,Unemployed,201673.54,"₹1,240,328",Home,674.3,3,131,55.1,2019-12-16,1
C1638,21.0,Female,West,Post-Graduate,Business,551698.57,"₹459,488",Car,646.5,1,81,30.19,2024-10-25,0
C1639,33.0,Male,West,Graduate,Unemployed,268652.63,"₹174,788",Home,684.6,1,118,52.59,2022-04-07,0
C1640,61.0,Female,East,Post-Graduate,Self-Employed,332821.33,"₹50,000",Medical,668.4,0,59,32.83,2023-01-27,0
C1641,38.0,Female,East,Primary,Salaried,1512036.45,"₹50,000",Education,597.6,0,63,37.76,2018-08-04,0
C1642,54.0,Male,North,Post-Graduate,Business,275145.04,"₹272,458",Business,635.1,0,95,34.67,2026-06-01,0
C1643,41.0,Male,South,Post-Graduate,Self-Employed,4163294.14,"₹717,896",Car,666.1,0,64,19.74,2025-11-07,0
C1644,22.0,Male,South,Primary,Salaried,557884.07,"₹708,733",Home,758.4,4,116,29.24,2015-06-11,0
C1645,55.0,Female,North,Graduate,Unemployed,860227.28,"₹50,000",Medical,715.6,0,124,11.48,2020-12-26,0
C1646,61.0,Female,West,Post-Graduate,Salaried,2557882.47,"₹109,471",Other,748.1,3,60,143.62,2016-10-11,0
C1647,60.0,Female,East,Graduate,Self-Employed,379965.89,"₹1,201,139",Medical,555.5,2,151,58.8,2023-05-28,1
C1648,45.0,Male,North,Secondary,Business,1828150.93,,Car,556.8,4,97,70.42,2025-07-18,0
C1649,44.0,Male,East,Secondary,Salaried,617665.6,"₹398,454",Other,797.7,0,62,9.59,2021-06-29,0
C1650,35.0,Female,East,Graduate,Unemployed,365910.99,"₹1,384,284",Home,809.2,1,58,57.1,2016-11-23,1
C1651,43.0,Female,East,Graduate,Unemployed,755471.13,"₹479,962",Car,814.1,0,30,38.5,2022-11-30,0
C1652,18.0,Female,East,Secondary,Unemployed,56994.05,"₹105,824",Business,785.3,0,84,50.07,2018-03-22,0
C1653,,Male,East,Secondary,Self-Employed,768428.75,"₹620,283",Car,561.8,3,34,16.25,2025-09-28,0
C1654,37.0,Male,West,Secondary,Salaried,,"₹184,837",Business,730.6,0,55,83.43,2015-06-25,1
C1655,40.0,Male,East,Graduate,Unemployed,,"₹124,314",Other,666.3,6,89,15.66,2019-06-25,0
C1656,50.0,Female,North,Secondary,Business,354574.32,"₹848,173",Education,,5,57,49.43,2018-02-27,1
C1657,61.0,Male,North,Primary,Salaried,440610.41,"₹462,688",Home,781.7,1,160,25.34,2023-02-12,0
C1658,49.0,Female,West,Secondary,Unemployed,455353.28,"₹586,978",Other,556.3,1,90,105.62,2022-01-06,1
C1659,65.0,Female,South,Primary,Self-Employed,,"₹721,023",Home,741.9,3,97,16.52,2018-05-17,0
C1660,24.0,Male,East,Post-Graduate,Unemployed,77311.59,"₹955,088",Education,633.0,2,50,20.86,2017-01-18,1
C1661,18.0,Male,North,Post-Graduate,Business,85336.57,"₹197,933",Other,666.1,5,63,20.78,2019-10-06,1
C1662,33.0,Male,North,Post-Graduate,Salaried,254021.05,"₹487,778",Car,756.0,0,95,11.87,2020-06-01,0
C1663,66.0,Female,West,Secondary,Unemployed,437568.0,"₹208,574",Medical,635.3,9,57,21.77,2019-11-14,0
C1664,65.0,Male,East,Secondary,Unemployed,2737790.15,"₹578,350",Education,734.0,5,136,51.79,2019-01-22,0
C1665,69.0,Female,West,Secondary,Self-Employed,2671625.73,"₹617,923",Other,665.5,1,72,57.96,2025-05-12,0
C1666,23.0,Male,South,Primary,Salaried,359413.47,"₹185,086",Car,729.0,7,108,65.63,2020-08-19,0
C1667,43.0,Male,East,Graduate,Self-Employed,2930231.77,"₹904,719",Business,755.1,7,103,48.17,2024-11-25,0
C1668,,Female,South,Graduate,Self-Employed,473248.63,"₹781,187",Home,681.3,4,76,58.78,2015-04-27,1
C1669,55.0,Male,North,Post-Graduate,Self-Employed,619427.27,"₹1,441,230",Other,612.4,3,70,12.36,2025-05-16,1
C1670,19.0,Male,East,Graduate,Unemployed,637147.33,,Education,667.1,0,131,9.36,2016-06-16,0
C1671,36.0,Other,West,Secondary,Business,234647.45,,Education,647.3,0,72,72.57,2024-02-28,1
C1672,68.0,Male,North,Primary,Self-Employed,832857.66,"₹638,302",Education,612.9,1,80,79.76,2020-12-15,0
C1673,40.0,Female,East,Secondary,Unemployed,643025.05,"₹114,419",Home,741.6,8,152,14.56,2018-03-15,0
C1674,19.0,Female,South,Graduate,Self-Employed,302692.62,"₹240,504",Business,746.1,6,69,117.58,2015-07-29,1
C1675,69.0,Female,East,Secondary,Salaried,1481379.5,"₹613,403",Business,580.1,5,130,22.1,2024-08-31,0
C1676,42.0,Female,East,Secondary,Unemployed,882375.86,"₹317,385",Other,653.9,3,85,24.41,2022-06-30,0
C1677,45.0,Male,West,Secondary,,258671.24,"₹2,542,389",Business,,1,149,106.02,2018-09-18,1
C1678,21.0,Female,East,Post-Graduate,Self-Employed,138075.47,"₹1,655,744",Home,637.3,5,112,84.55,2023-08-31,1
C1679,52.0,Male,West,Post-Graduate,Self-Employed,503286.63,"₹1,045,001",Home,783.6,1,143,103.78,2023-01-29,1
C1680,51.0,Male,East,Post-Graduate,Salaried,294296.96,"₹368,754",Education,660.8,4,107,15.66,2019-04-11,0
C1681,48.0,Male,North,Secondary,Self-Employed,491877.68,"₹324,655",Home,713.7,1,114,40.09,2015-09-12,0
C1682,58.0,Male,South,Primary,Business,274347.83,"₹357,652",Home,705.8,3,140,105.09,2015-10-14,1
C1683,29.0,Female,East,Primary,Self-Employed,486024.45,"₹809,592",Education,594.1,0,11,63.78,2021-08-05,1
C1684,51.0,Male,East,Secondary,Unemployed,200360.96,"₹368,971",Home,717.2,2,40,12.85,2019-03-07,0
C1685,34.0,Male,North,Secondary,Salaried,1486823.52,"₹93,218",Car,,4,86,27.45,2019-10-25,0
C1686,34.0,Female,North,Secondary,Self-Employed,1390536.36,"₹274,090",Other,669.0,3,78,17.48,2022-10-08,0
C1687,36.0,Male,South,Secondary,Unemployed,495863.29,"₹93,971",Car,757.5,0,113,26.63,2020-10-02,0
C1688,45.0,Female,South,Primary,Self-Employed,154912.43,"₹262,555",Home,592.8,4,64,55.44,2019-06-05,1
C1689,56.0,Female,East,Primary,Salaried,630864.81,"₹166,429",Medical,714.2,5,62,39.78,2025-02-20,0
C1690,49.0,Male,North,Secondary,Salaried,702412.91,"₹650,205",Business,699.2,2,85,39.86,2018-09-30,0
C1691,59.0,Female,West,Secondary,Self-Employed,582608.81,"₹122,832",Education,762.1,7,66,34.62,2015-11-20,0
C1692,19.0,Male,East,Primary,Unemployed,380859.36,"₹471,912",Business,703.3,2,46,52.79,2022-11-20,0
C1693,54.0,Female,West,Secondary,Salaried,404994.95,"₹472,935",Business,685.1,11,11,28.66,2024-01-08,1
C1694,46.0,Male,North,Graduate,Self-Employed,294320.47,"₹283,255",Car,597.0,2,104,32.8,2017-11-22,0
C1695,60.0,Male,North,Graduate,Business,1233956.95,"₹114,095",Medical,763.6,0,139,49.45,2021-01-02,0
C1696,54.0,Female,West,Secondary,Business,885622.07,"₹614,878",Other,623.6,0,100,54.97,2023-12-29,0
C1697,45.0,Male,East,Post-Graduate,Business,532561.04,"₹124,790",Business,687.9,0,76,46.13,2025-03-07,0
C1698,28.0,Male,West,Secondary,Business,604758.66,"₹256,839",Other,574.7,2,70,24.6,2020-09-23,0
C1699,39.0,Male,West,Secondary,Unemployed,549809.69,"₹241,658",Car,586.0,7,138,29.08,2021-07-07,0
C1700,23.0,Male,North,Post-Graduate,Business,233840.68,"₹366,440",Business,616.3,6,114,55.08,2021-09-25,1
C1701,33.0,Female,North,Graduate,Salaried,296418.18,"₹168,884",Business,708.1,5,113,40.1,2020-09-05,0
C1702,64.0,Male,East,Secondary,Unemployed,307918.28,"₹68,306",Medical,776.9,5,116,51.01,2025-10-08,0
C1703,29.0,Female,South,Primary,Business,556485.07,"₹301,714",Education,619.6,9,31,16.25,2016-08-04,0
C1704,58.0,Male,North,Post-Graduate,Unemployed,1103803.25,"₹385,128",Business,653.6,0,38,59.15,2015-10-30,0
C1705,,Male,West,Primary,Business,3507497.99,"₹1,452,209",Medical,,1,120,37.95,2024-04-27,0
C1706,32.0,Female,South,Primary,Self-Employed,,"₹813,961",Medical,680.6,5,45,91.37,2025-02-25,1
C1707,34.0,Male,North,Primary,Salaried,332792.06,"₹236,488",Other,652.8,0,82,28.79,2022-03-23,0
C1708,56.0,Female,East,Post-Graduate,Business,1031962.39,"₹646,104",Other,606.7,2,84,26.1,2025-07-10,0
C1709,70.0,Female,South,Post-Graduate,Unemployed,422178.14,"₹112,658",Education,663.1,7,122,105.37,2020-04-20,0
C1710,69.0,Female,North,Secondary,Business,1358380.77,"₹10,435,744",Business,681.8,3,123,25.14,2015-05-21,1
C1711,38.0,Male,South,Primary,Salaried,225495.6,"₹450,432",Education,671.7,4,107,30.75,2026-04-03,1
C1712,68.0,Female,South,Graduate,Unemployed,384907.48,"₹452,489",Education,526.7,2,83,21.94,2023-02-17,0
C1713,47.0,Male,West,Graduate,Business,1741733.67,"₹720,354",Medical,694.7,2,113,53.59,2018-12-05,0
C1714,35.0,Female,West,Graduate,Self-Employed,172784.49,"₹582,945",Business,550.5,6,147,53.97,2015-11-08,1
C1715,18.0,Male,East,Primary,Business,555461.49,"₹84,832",Education,723.4,1,56,81.56,2020-07-21,0
C1716,28.0,Female,East,Post-Graduate,Salaried,197263.76,"₹238,282",Car,785.6,3,79,42.69,2026-02-15,0
C1717,46.0,Male,South,Post-Graduate,Business,289376.13,"₹95,728",Education,536.5,3,118,50.19,2023-05-20,0
C1718,36.0,Male,East,Secondary,Unemployed,2361618.23,"₹367,242",Business,697.9,0,73,50.7,2020-05-22,0
C1719,49.0,Female,West,Post-Graduate,Unemployed,1019903.44,"₹223,528",Car,659.5,2,108,9.29,2020-08-10,0
C1720,40.0,Other,North,Primary,Salaried,134103.5,"₹231,446",Car,671.0,3,63,16.82,2016-11-04,1
C1721,41.0,Female,North,Graduate,Business,175523.73,"₹143,881",Education,706.0,0,86,47.94,2021-08-29,0
C1722,70.0,Female,West,Post-Graduate,Self-Employed,560118.35,"₹472,524",Business,717.2,2,93,44.45,2022-05-04,0
C1723,,Male,South,Primary,Self-Employed,79536.55,"₹304,259",Medical,739.2,4,79,78.35,2021-09-24,1
C1724,40.0,Male,West,Graduate,Salaried,1565321.68,"₹706,128",Education,900.0,0,118,28.95,2022-05-29,0
C1725,49.0,Male,North,Post-Graduate,Unemployed,,"₹715,384",Other,859.3,4,96,57.92,2015-09-23,0
C1726,49.0,Male,East,Post-Graduate,Salaried,651984.87,"₹285,017",Education,772.0,1,110,34.7,2025-12-10,0
C1727,36.0,Female,South,Secondary,Self-Employed,2141629.49,"₹761,479",Home,663.9,3,17,17.89,2025-07-01,0
C1728,62.0,Male,East,Post-Graduate,Unemployed,,"₹359,830",Medical,798.3,5,78,17.46,2022-08-30,1
C1729,41.0,Male,North,Post-Graduate,Salaried,273343.06,"₹156,144",Medical,720.5,3,45,31.93,2021-12-30,0
C1730,66.0,Female,West,Post-Graduate,Business,542669.7,"₹449,475",Car,740.8,0,128,13.72,2019-02-09,0
C1731,66.0,Male,North,Post-Graduate,Business,182696.22,"₹111,880",Car,680.7,1,109,75.47,2022-10-04,0
C1732,,Male,North,Post-Graduate,Self-Employed,240144.15,"₹614,903",Education,634.5,1,156,45.34,2015-01-16,1
C1733,18.0,Female,North,Secondary,Self-Employed,478638.76,"₹161,267",Business,638.5,7,89,53.24,2022-08-29,0
C1734,23.0,Male,South,Primary,Self-Employed,,"₹161,143",Other,609.1,0,85,43.91,2016-06-08,0
C1735,24.0,Male,South,Primary,Unemployed,473800.0,"₹143,437",Education,695.6,7,81,20.28,2024-04-15,0
C1736,55.0,Female,East,Graduate,Salaried,493785.37,"₹426,058",Other,726.8,0,91,48.81,2017-05-31,0
C1737,30.0,Male,East,Graduate,Self-Employed,1180577.57,"₹137,769",Business,599.7,7,88,32.29,2016-05-19,0
C1738,68.0,Male,South,Post-Graduate,Business,1138223.69,"₹300,274",Medical,,3,137,58.53,2021-03-15,0
C1739,47.0,Female,West,Post-Graduate,Business,572461.26,"₹241,063",Other,625.8,5,150,72.68,2022-05-09,0
C1740,,,North,Secondary,Business,561133.74,"₹1,945,620",Medical,648.1,4,51,25.43,2020-05-01,1
C1741,52.0,Female,East,Graduate,Salaried,566381.65,"₹202,160",Home,754.0,9,51,142.01,2023-08-09,1
C1742,25.0,Female,East,Primary,Self-Employed,607134.24,,Other,573.0,0,80,115.32,2015-01-06,0
C1743,26.0,Male,South,Secondary,Salaried,1158055.81,"₹777,505",Education,687.7,3,101,54.1,2023-06-02,0
C1744,44.0,Female,North,Post-Graduate,Salaried,715690.64,"₹432,166",Business,816.1,5,46,39.46,2020-11-05,0
C1745,70.0,Female,South,Secondary,Salaried,2335160.96,,Home,550.3,1,54,41.72,2017-10-17,0
C1746,28.0,Male,South,Primary,Self-Employed,202512.9,"₹149,397",Education,566.2,5,97,19.94,2017-09-27,0
C1747,56.0,Female,North,Primary,Salaried,122845.77,"₹120,953",Medical,540.5,7,46,7.49,2020-03-15,1
C1748,58.0,Male,East,Primary,Self-Employed,,"₹245,104",Other,585.4,5,80,10.66,2020-09-04,1
C1749,68.0,Female,South,Graduate,Salaried,563060.17,"₹9,141,678",Other,648.0,7,105,33.92,2015-10-25,1
C1750,61.0,Male,South,Secondary,Unemployed,382873.75,"₹243,522",Home,618.3,0,208,20.98,2021-12-12,0
C1751,59.0,Male,West,Secondary,Unemployed,206473.35,"₹162,110",Car,,2,72,15.32,2023-07-26,0
C1752,,Male,North,Post-Graduate,Salaried,369906.17,"₹212,232",Business,600.2,4,45,15.51,2025-01-26,0
C1753,46.0,Female,North,Secondary,Self-Employed,321872.45,"₹306,584",Education,674.5,2,56,37.94,2018-10-22,0
C1754,66.0,Female,West,Secondary,Unemployed,189400.94,"₹133,998",Education,744.3,7,70,26.74,2018-12-26,0
C1755,46.0,Female,East,Graduate,Self-Employed,1331619.72,"₹337,972",Car,,2,105,68.69,2020-08-07,0
C1756,52.0,Male,North,Graduate,Unemployed,343559.58,,Other,703.5,5,49,138.34,2026-04-21,0
C1757,31.0,Male,South,Graduate,Unemployed,386421.96,"₹88,707",Business,697.4,5,67,31.66,2022-03-14,0
C1758,21.0,,North,Graduate,Business,4003254.66,"₹428,486",Business,980.0,3,113,16.96,2018-04-05,0
C1759,,Male,North,Post-Graduate,,1288890.4,"₹50,000",Other,679.5,6,223,47.09,2022-09-23,0
C1760,35.0,Female,West,Secondary,Unemployed,544405.68,"₹50,000",Car,598.4,5,1,107.1,2022-10-26,0
C1761,61.0,Female,East,Primary,Business,306445.72,"₹322,504",Home,502.3,1,89,82.04,2020-01-15,1
C1762,30.0,Male,South,Post-Graduate,Unemployed,139404.36,"₹495,347",Home,686.8,7,134,40.63,2018-02-14,1
C1763,30.0,Male,East,Primary,Unemployed,188308.57,"₹199,831",Education,656.5,5,9,42.4,2018-10-24,0
C1764,52.0,Female,South,Graduate,Unemployed,347260.81,"₹142,595",Medical,655.7,2,101,34.6,2018-06-01,0
C1765,67.0,Male,South,Secondary,Unemployed,380957.24,"₹299,579",Car,,7,73,25.34,2024-09-05,1
C1766,66.0,Male,East,Graduate,Business,2749149.81,"₹440,189",Other,633.7,1,106,44.09,2017-05-02,0
C1767,18.0,Female,East,Post-Graduate,Salaried,2218050.03,"₹519,215",Other,763.3,3,114,50.86,2017-05-17,0
C1768,42.0,Male,East,Graduate,Salaried,1490321.94,"₹331,240",Car,717.9,4,163,94.8,2016-04-03,0
C1769,61.0,Male,South,Secondary,Self-Employed,220657.45,"₹979,396",Medical,645.6,4,126,34.06,2020-08-31,1
C1770,39.0,Male,South,Secondary,Salaried,499713.47,"₹560,477",Car,,0,62,43.13,2018-12-27,0
C1771,18.0,Male,North,Graduate,,111374.93,"₹232,918",Education,674.7,3,119,38.61,2018-01-18,1
C1772,65.0,Female,North,Secondary,Business,310491.25,"₹551,688",Education,771.6,2,130,46.41,2021-04-26,1
C1773,21.0,Other,South,Post-Graduate,Unemployed,388452.25,"₹50,000",Medical,619.6,5,138,102.78,2021-06-13,0
C1774,44.0,Female,South,Secondary,Salaried,559303.01,"₹1,194,084",Home,671.0,0,51,20.32,2017-05-08,1
C1775,57.0,Male,West,Graduate,Business,,"₹161,079",Business,639.4,0,128,60.13,2019-09-01,0
C1776,36.0,Other,East,Post-Graduate,Unemployed,218883.93,"₹556,633",Education,,1,82,41.03,2018-06-14,1
C1777,26.0,Female,East,Primary,Business,,"₹251,837",Car,656.3,0,150,34.87,2016-02-25,0
C1778,60.0,Female,North,Post-Graduate,Self-Employed,375345.12,"₹334,838",Home,812.3,2,144,102.31,2019-12-09,0
C1779,31.0,Female,East,Secondary,Business,95374.52,"₹425,848",Business,690.4,7,138,84.58,2021-10-31,1
C1780,39.0,Male,West,Secondary,Unemployed,,"₹678,694",Other,736.1,5,80,21.36,2015-09-14,0
C1781,30.0,Other,East,Primary,Business,319464.85,"₹1,528,960",Other,743.1,0,97,40.67,2025-03-27,1
C1782,47.0,Male,West,Primary,Unemployed,315963.74,"₹57,732",Home,667.1,5,56,50.58,2025-01-28,0
C1783,27.0,Male,East,Post-Graduate,Self-Employed,537527.36,,Medical,758.9,0,117,72.3,2016-06-08,1
C1784,43.0,Male,East,Primary,Business,869771.28,"₹204,883",Education,,2,133,35.67,2022-03-13,0
C1785,54.0,Male,West,Primary,Unemployed,1092293.3,"₹130,252",Car,120.0,5,89,68.75,2016-01-05,1
C1786,33.0,Other,North,Primary,Unemployed,158767.52,"₹394,371",Car,616.3,0,88,61.54,2025-03-03,1
C1787,65.0,Male,East,Post-Graduate,Self-Employed,1193001.99,"₹516,725",Medical,711.3,0,76,62.17,2025-05-08,0
C1788,62.0,Female,South,Post-Graduate,Salaried,,"₹593,450",Other,,4,114,54.51,2020-01-13,0
C1789,19.0,Male,North,Secondary,,221006.33,"₹237,664",Home,625.2,5,1,117.69,2025-07-06,1
C1790,46.0,Female,South,Graduate,Salaried,273091.87,"₹3,942,749",Business,773.1,0,85,37.85,2025-05-11,1
C1791,26.0,Male,West,Primary,,804211.07,"₹192,602",Car,743.8,2,83,10.36,2026-06-29,0
C1792,59.0,Male,South,Post-Graduate,Salaried,97952.13,"₹605,943",Other,702.9,4,74,67.2,2016-03-30,1
C1793,45.0,Male,West,Post-Graduate,Unemployed,9880839.91,"₹97,527",Medical,599.0,0,46,25.99,2018-09-27,0
C1794,65.0,Female,North,Post-Graduate,Salaried,,"₹215,126",Education,734.3,5,15,44.32,2022-06-14,1
C1795,,Male,North,Graduate,Salaried,1312072.09,"₹91,204",Other,699.6,0,123,75.86,2024-09-25,0
C1796,29.0,Male,West,Secondary,Unemployed,271324.01,"₹423,108",Home,851.2,0,97,61.42,2023-02-23,0
C1797,55.0,Male,West,Graduate,Business,941942.48,"₹601,044",Car,665.1,1,75,26.04,2022-03-05,0
C1798,62.0,Female,East,Secondary,Self-Employed,817312.89,"₹222,096",Home,697.2,5,90,52.69,2024-12-05,0
C1799,57.0,Female,East,Primary,Business,111410.52,"₹426,768",Medical,661.6,0,116,45.23,2015-04-27,1
C1800,19.0,Male,North,Graduate,Salaried,545539.2,"₹50,000",Other,741.1,3,73,52.91,2023-06-13,0
C1801,32.0,Male,West,Primary,Self-Employed,949404.43,"₹493,399",Medical,644.7,0,64,67.4,2026-06-03,0
C1802,68.0,Male,East,Primary,Self-Employed,165472.84,"₹195,540",Business,672.3,0,166,21.6,2017-09-09,0
C1803,43.0,Male,West,Primary,Self-Employed,1542117.63,"₹1,389,542",Car,670.7,4,128,185.96,2022-03-30,1
C1804,68.0,Male,South,Secondary,Salaried,477773.99,"₹856,420",Business,699.4,4,106,79.9,2023-02-22,1
C1805,34.0,Male,West,Primary,Salaried,2967166.22,"₹50,000",Business,752.4,6,59,41.18,2015-05-05,0
C1806,,Male,East,Post-Graduate,Self-Employed,133924.9,"₹266,384",Medical,760.2,4,102,5.24,2017-10-02,1
C1807,,Female,East,Graduate,Unemployed,1338839.42,"₹500,000",Other,679.2,0,86,32.54,2017-02-21,0
C1808,36.0,Female,South,Primary,Salaried,753271.31,,Business,736.5,0,109,43.87,2024-07-09,1
C1809,58.0,Female,East,Post-Graduate,Unemployed,630361.71,"₹678,478",Business,619.9,2,52,106.77,2025-01-09,1
C1810,63.0,Female,East,Secondary,Self-Employed,354326.18,"₹99,693",Education,651.5,5,59,37.23,2025-03-26,0
C1811,,Female,East,Primary,Self-Employed,633513.89,"₹322,259",Education,667.4,1,119,43.76,2026-05-04,0
C1812,29.0,Male,East,Post-Graduate,Business,2170382.1,"₹523,691",Other,568.4,1,152,16.85,2020-06-25,0
C1813,55.0,Male,East,Secondary,Self-Employed,617331.66,"₹792,313",Medical,576.4,5,62,68.14,2025-02-21,1
C1814,60.0,Male,West,Secondary,Unemployed,721542.58,"₹405,031",Other,643.8,6,82,51.99,2022-07-09,0
C1815,46.0,Male,South,Graduate,Salaried,,"₹290,074",Other,738.4,9,117,83.0,2026-01-25,1
C1816,47.0,Female,North,Post-Graduate,Self-Employed,612819.02,"₹472,931",Medical,630.0,0,67,29.07,2022-04-02,0
C1817,39.0,Male,East,Primary,Unemployed,407633.54,"₹305,266",Business,769.5,1,99,78.88,2023-11-03,0
C1818,40.0,Female,South,Graduate,Self-Employed,338304.34,"₹135,256",Business,722.7,4,75,88.23,2024-09-09,0
C1819,41.0,Female,West,Post-Graduate,Unemployed,451487.45,"₹673,887",Medical,,8,94,20.22,2024-10-24,1
C1820,23.0,Male,North,Post-Graduate,Unemployed,1876870.26,"₹488,216",Medical,709.3,8,106,106.81,2024-03-31,0
C1821,66.0,Female,East,Post-Graduate,Self-Employed,943227.94,"₹210,845",Education,687.6,12,128,88.78,2018-03-28,1
C1822,38.0,Female,West,Post-Graduate,,113131.08,"₹332,417",Education,790.7,0,85,73.49,2023-08-29,1
C1823,64.0,Male,North,Secondary,Unemployed,117637.52,"₹486,197",Car,691.6,8,147,20.65,2020-09-25,1
C1824,55.0,Other,North,Graduate,Salaried,1486668.78,"₹174,778",Business,543.1,7,109,34.72,2026-06-13,0
C1825,65.0,Female,North,Graduate,Salaried,127247.24,"₹1,904,146",Medical,599.3,0,10,37.83,2018-08-29,1
C1826,38.0,Female,West,Post-Graduate,Unemployed,477716.27,"₹319,373",Education,773.6,7,84,90.72,2017-02-26,0
C1827,36.0,Female,South,Post-Graduate,Salaried,106351.21,"₹180,133",Home,729.8,8,106,26.83,2025-10-23,1
C1828,62.0,Male,North,Graduate,Self-Employed,1087680.87,"₹595,808",Car,730.5,0,14,24.45,2018-06-24,0
C1829,62.0,Male,East,Secondary,,631290.51,"₹643,923",Medical,706.3,4,77,25.88,2018-03-23,0
C1830,46.0,Female,West,Primary,Business,734887.16,"₹388,329",Other,573.3,0,84,59.0,2021-03-19,0
C1831,41.0,Male,North,Post-Graduate,Self-Employed,1029053.96,"₹338,552",Medical,655.0,2,63,131.25,2022-08-04,0
C1832,25.0,Female,North,Graduate,Salaried,146792.68,,Business,800.2,0,111,28.46,2024-07-28,0
C1833,30.0,,East,Post-Graduate,Business,317825.0,"₹266,329",Home,732.5,2,107,18.38,2026-04-05,0
C1834,57.0,Male,East,Primary,Self-Employed,290176.76,"₹398,464",Education,652.1,4,85,27.6,2015-02-01,1
C1835,48.0,Male,West,Primary,Unemployed,2017467.99,"₹366,863",Business,621.5,3,52,51.15,2017-02-01,0
C1836,66.0,Male,West,Secondary,Unemployed,,"₹321,182",Business,752.5,2,29,23.45,2023-02-15,0
C1837,25.0,Male,North,Graduate,Business,104818.36,"₹50,000",Car,633.5,2,44,16.63,2016-10-12,0
C1838,,Female,East,Post-Graduate,Unemployed,79359.24,"₹1,284,782",Car,693.0,4,50,27.53,2019-12-15,1
C1839,64.0,Male,North,Primary,Salaried,162531.1,"₹198,508",Home,634.4,6,74,30.0,2025-07-11,1
C1840,26.0,Male,South,Secondary,Salaried,2454809.66,"₹57,842",Car,859.7,8,59,20.68,2026-04-19,0
C1841,64.0,Female,North,Post-Graduate,,541149.21,"₹180,178",Business,548.5,1,134,80.66,2025-07-07,0
C1842,32.0,,South,Post-Graduate,Unemployed,,"₹2,002,536",Business,671.1,7,109,26.28,2016-01-15,1
C1843,63.0,Male,West,Secondary,Salaried,450365.23,"₹962,869",Business,,2,145,87.43,2024-07-16,1
C1844,25.0,Male,West,Post-Graduate,Business,201825.8,"₹1,550,712",Medical,691.0,2,105,86.66,2015-10-08,1
C1845,60.0,Female,East,Primary,Unemployed,355119.65,"₹324,444",Other,,5,64,50.22,2025-03-03,1
C1846,62.0,Male,East,Primary,Self-Employed,1132067.85,"₹324,523",Medical,701.4,4,16,41.52,2025-02-01,0
C1847,70.0,Female,South,Primary,Business,3726476.14,"₹2,036,056",Medical,726.7,0,140,62.25,2024-07-14,0
C1848,25.0,Male,West,Secondary,Self-Employed,544557.68,"₹93,419",Education,701.3,1,120,145.32,2022-05-03,0
C1849,24.0,Male,East,Post-Graduate,Unemployed,,"₹1,314,541",Car,609.1,0,28,87.2,2018-05-24,1
C1850,39.0,Female,East,Graduate,,602258.01,"₹207,371",Home,552.8,6,106,44.59,2023-07-02,0
C1851,51.0,Female,North,Post-Graduate,Salaried,105319.92,"₹378,421",Car,641.2,0,113,42.67,2018-02-02,1
C1852,58.0,Female,North,Post-Graduate,Salaried,1295015.53,"₹202,794",Car,630.1,0,9,76.74,2023-10-31,0
C1853,53.0,Male,West,Graduate,Unemployed,276790.04,"₹476,995",Business,685.6,0,102,85.05,2024-02-16,1
C1854,,Male,North,Primary,Salaried,329145.28,"₹3,473,308",Home,738.4,0,72,39.76,2022-02-03,1
C1855,37.0,Male,West,Primary,Unemployed,115441.69,"₹1,232,848",Business,502.3,0,189,73.86,2021-08-05,1
C1856,56.0,Male,South,Primary,Business,186262.77,"₹877,503",Business,,7,141,27.4,2024-11-24,1
C1857,55.0,Female,West,Post-Graduate,Self-Employed,778325.38,"₹756,111",Medical,677.1,0,87,11.9,2026-05-04,0
C1858,68.0,Female,North,Post-Graduate,Self-Employed,628778.26,"₹273,870",Education,701.6,0,154,71.95,2024-05-12,0
C1859,20.0,Male,East,Primary,Business,278685.49,"₹526,695",Car,565.2,0,63,16.96,2017-07-27,1
C1860,64.0,Female,North,Graduate,Unemployed,842033.25,"₹242,652",Education,900.0,2,112,38.01,2025-11-24,0
C1861,60.0,Female,North,Graduate,Unemployed,125744.97,,Car,640.9,4,80,36.24,2016-12-24,1
C1862,52.0,Male,North,Graduate,Business,685376.07,"₹930,552",Education,708.5,6,91,45.86,2026-06-14,1
C1863,59.0,Female,South,Primary,Unemployed,414394.99,"₹626,979",Car,,2,116,37.02,2024-03-08,1
C1864,46.0,Female,West,Post-Graduate,Business,395908.47,"₹668,161",Medical,753.4,0,110,82.86,2018-05-22,1
C1865,36.0,Male,South,Primary,Self-Employed,420081.83,"₹248,013",Car,,2,97,154.19,2019-09-11,1
C1866,,Male,North,Post-Graduate,Salaried,318371.94,"₹429,228",Medical,794.9,4,33,15.22,2021-04-09,0
C1867,70.0,Male,South,Secondary,Unemployed,136719.47,"₹2,173,464",Medical,819.4,0,48,52.19,2025-11-09,1
C1868,,Male,West,Secondary,Business,563537.42,"₹258,007",Business,789.9,2,100,105.08,2021-12-22,0
C1869,53.0,Female,South,Secondary,Business,1496468.53,"₹210,783",Other,773.9,0,66,12.04,2025-09-17,0
C1870,40.0,Male,West,Post-Graduate,Unemployed,541026.28,"₹50,000",Medical,614.7,2,131,19.23,2019-06-08,0
C1871,19.0,Male,North,Secondary,Salaried,1183165.13,"₹408,825",Medical,567.5,3,132,40.99,2025-01-25,0
C1872,51.0,Female,South,Primary,Self-Employed,277134.78,"₹218,394",Education,643.4,4,136,51.27,2022-05-10,0
C1873,20.0,Male,East,Secondary,Business,440878.6,"₹465,906",Other,639.3,6,133,99.71,2018-11-23,1
C1874,35.0,Other,West,Secondary,Unemployed,368920.06,"₹284,744",Education,709.2,1,63,120.34,2026-01-20,0
C1875,20.0,Male,West,Post-Graduate,Salaried,592582.8,"₹271,054",Education,730.7,4,49,28.76,2017-06-20,0
C1876,,Male,West,Graduate,Salaried,433676.07,"₹172,728",Home,630.7,8,83,25.57,2019-08-24,0
C1877,42.0,Other,East,Secondary,Unemployed,55152.61,"₹230,420",Business,920.0,2,127,53.63,2022-02-05,1
C1878,,Male,North,Graduate,Salaried,739955.29,"₹369,258",Business,920.0,0,112,111.24,2018-07-12,0
C1879,32.0,Male,East,Primary,Unemployed,858317.14,"₹529,913",Car,639.1,0,98,26.81,2015-06-27,0
C1880,,Female,South,Secondary,Business,1280841.81,"₹548,787",Other,604.0,2,109,262.23,2026-01-23,1
C1881,68.0,Female,East,Secondary,Unemployed,1323019.41,"₹1,636,653",Home,775.7,1,37,91.56,2017-07-17,0
C1882,22.0,Male,South,Graduate,Salaried,103277.02,"₹1,083,656",Other,755.3,3,105,74.92,2015-01-05,1
C1883,44.0,Male,East,Graduate,Business,795361.14,"₹5,470,721",Home,841.4,8,7,10.28,2015-10-29,1
C1884,24.0,Female,South,Post-Graduate,Self-Employed,681558.85,"₹366,749",Education,687.4,10,50,37.75,2024-06-18,0
C1885,18.0,Male,North,Primary,Business,359456.46,"₹175,839",Education,,4,108,194.18,2017-09-27,1
C1886,48.0,Male,East,Post-Graduate,Unemployed,522637.87,"₹92,573",Home,,2,18,33.08,2023-12-24,0
C1887,32.0,Female,East,Primary,Business,613288.24,,Medical,681.5,0,124,17.09,2021-01-23,0
C1888,68.0,Male,North,Post-Graduate,Salaried,1473594.22,"₹408,518",Other,848.8,3,108,56.3,2016-01-08,0
C1889,48.0,Female,West,Graduate,Unemployed,716061.14,"₹5,104,534",Car,773.9,5,145,36.72,2020-05-23,1
C1890,35.0,Female,South,Graduate,Unemployed,119423.87,"₹100,486",Home,656.4,8,66,132.45,2022-03-04,1
C1891,,Male,South,Post-Graduate,Salaried,534368.25,"₹4,542,712",Medical,644.5,1,80,25.86,2025-11-01,1
C1892,27.0,Female,North,Graduate,Unemployed,839147.93,"₹245,450",Medical,564.5,4,69,31.35,2017-01-10,0
C1893,40.0,Male,North,Post-Graduate,Self-Employed,982163.61,"₹426,333",Medical,669.5,0,95,81.84,2022-06-14,0
C1894,26.0,Female,South,Secondary,Self-Employed,339784.9,"₹2,926,031",Home,647.1,4,48,18.53,2024-08-14,1
C1895,45.0,Male,West,Primary,Business,229879.73,"₹478,316",Other,642.7,6,106,114.85,2021-12-10,1
C1896,27.0,Male,East,Secondary,Salaried,448179.23,"₹54,294",Car,641.8,1,75,24.93,2022-05-27,0
C1897,59.0,Male,East,Graduate,Unemployed,480984.7,"₹163,764",Car,591.4,3,118,52.07,2016-08-08,0
C1898,55.0,Male,North,Secondary,Business,101108.13,"₹180,557",Business,758.1,5,179,51.76,2020-11-01,1
C1899,54.0,Male,East,Primary,Self-Employed,,"₹74,240",Car,682.7,0,1,120.16,2021-10-29,0
C1900,,Male,South,Post-Graduate,Salaried,581783.19,"₹288,903",Medical,710.4,0,134,43.13,2016-03-19,0
C1901,18.0,Female,South,Post-Graduate,Salaried,313574.25,"₹252,592",Other,596.6,0,90,36.46,2024-10-25,0
C1902,69.0,Male,North,Primary,Self-Employed,1032338.37,"₹363,236",Education,686.3,1,130,16.87,2015-05-08,0
C1903,32.0,Male,East,Secondary,Self-Employed,1793777.7,"₹91,577",Business,718.7,0,54,61.21,2021-04-15,0
C1904,48.0,Female,South,Graduate,Unemployed,757469.35,"₹126,208",Business,672.3,3,62,67.83,2015-05-13,0
C1905,44.0,Male,West,Primary,Unemployed,134097.95,"₹913,897",Education,786.6,2,100,38.29,2019-04-09,1
C1906,61.0,Male,South,Post-Graduate,Unemployed,474003.89,"₹148,939",Business,785.7,4,70,113.61,2016-01-05,0
C1907,27.0,Male,West,Secondary,Business,397716.34,"₹259,591",Education,778.8,7,129,31.53,2015-07-17,0
C1908,63.0,Male,West,Post-Graduate,Salaried,312619.61,,Medical,711.3,0,171,44.35,2024-04-17,1
C1909,69.0,Other,East,Graduate,Business,80562.26,"₹320,080",Education,657.4,12,84,94.62,2016-11-26,1
C1910,62.0,Female,East,Post-Graduate,Unemployed,882084.42,"₹169,734",Home,704.8,1,149,50.02,2015-07-16,0
C1911,32.0,Male,North,Graduate,Salaried,,"₹368,165",Education,675.7,8,59,18.3,2015-07-04,1
C1912,63.0,Male,East,Graduate,Business,658335.7,"₹626,806",Business,754.8,6,87,98.25,2023-11-21,1
C1913,26.0,Male,West,Post-Graduate,Salaried,,"₹280,252",Home,718.9,2,147,22.98,2023-05-13,0
C1914,53.0,Female,North,Graduate,Business,611743.0,"₹1,007,662",Business,771.3,3,59,66.02,2025-10-15,1
C1915,,Female,West,Secondary,Salaried,874057.24,"₹497,952",Education,609.9,1,23,15.0,2021-07-24,0
C1916,42.0,Female,West,Graduate,Business,1366577.66,"₹511,890",Education,836.7,1,83,22.92,2017-11-06,0
C1917,65.0,Female,East,Post-Graduate,Self-Employed,1018327.28,"₹155,122",Car,,2,76,79.53,2024-02-02,0
C1918,68.0,Female,South,Graduate,,630495.45,"₹155,669",Medical,747.9,0,105,127.49,2025-02-26,0
C1919,20.0,Male,South,Graduate,Self-Employed,312795.04,"₹265,641",Medical,618.4,1,49,51.42,2017-09-14,0
C1920,30.0,Male,South,Post-Graduate,Business,148730.13,"₹133,463",Education,702.1,3,86,73.49,2025-01-13,0
C1921,54.0,Male,North,Graduate,Unemployed,751332.86,"₹460,229",Education,562.8,3,99,35.19,2017-06-28,0
C1922,20.0,Male,West,Post-Graduate,Salaried,227011.53,"₹226,111",Education,591.1,5,41,55.08,2025-04-12,1
C1923,,Male,West,Secondary,Unemployed,1874976.52,"₹1,032,675",Home,563.1,6,64,30.64,2019-02-14,0
C1924,63.0,Male,North,Graduate,Self-Employed,1701492.61,"₹1,045,790",Home,,3,45,52.03,2026-03-03,0
C1925,63.0,Female,East,Secondary,Unemployed,403304.15,"₹641,207",Medical,675.6,4,29,33.49,2025-10-23,1
C1926,43.0,Male,West,Graduate,Self-Employed,,"₹314,048",Medical,592.3,0,216,47.41,2024-08-09,0
C1927,39.0,Male,West,Secondary,Business,626006.26,"₹386,101",Car,590.1,2,101,12.73,2019-05-31,0
C1928,66.0,Other,East,Primary,Self-Employed,87290.27,"₹449,182",Medical,768.1,2,139,18.1,2022-11-27,1
C1929,57.0,Male,North,Secondary,Business,431234.79,"₹701,944",Education,,2,134,98.06,2016-05-02,1
C1930,56.0,Male,West,Post-Graduate,Business,164123.07,"₹939,545",Medical,795.2,6,49,76.52,2018-07-26,1
C1931,50.0,Male,West,Secondary,Unemployed,743736.56,"₹403,725",Medical,900.0,3,22,50.84,2025-03-07,0
C1932,31.0,Male,West,Secondary,Business,,"₹376,579",Medical,724.9,0,34,22.6,2023-11-07,0
C1933,63.0,Female,West,Secondary,Business,192911.29,"₹109,574",Medical,698.8,0,97,12.9,2018-09-16,0
C1934,42.0,Female,West,Graduate,Self-Employed,948033.82,"₹293,114",Medical,684.9,2,120,93.33,2018-01-08,0
C1935,67.0,Male,South,Secondary,Unemployed,413645.73,"₹175,932",Business,666.6,4,93,68.55,2023-04-14,0
C1936,46.0,Male,North,Secondary,Unemployed,,"₹261,194",Car,707.9,0,166,91.16,2024-12-26,0
C1937,47.0,Male,South,Post-Graduate,Salaried,2034300.2,"₹515,532",Education,749.5,7,90,13.76,2022-07-04,0
C1938,62.0,Female,West,Post-Graduate,Salaried,137496.56,"₹821,710",Other,680.1,5,25,32.4,2022-01-31,1
C1939,33.0,Male,North,Graduate,Unemployed,469893.11,"₹295,003",Education,747.8,3,109,18.03,2015-03-09,0
C1940,28.0,Male,East,Post-Graduate,Business,888976.76,"₹679,372",Home,619.9,2,43,56.26,2026-03-11,0
C1941,68.0,Male,East,Primary,Unemployed,497496.5,"₹110,192",Car,721.9,0,85,29.41,2020-11-04,0
C1942,65.0,Male,West,Primary,Salaried,3043635.65,,Home,745.6,9,79,34.66,2024-12-18,0
C1943,36.0,Male,East,Primary,Unemployed,1261055.49,"₹391,895",Medical,775.2,4,97,36.16,2020-01-23,0
C1944,65.0,Female,West,Post-Graduate,Unemployed,1397011.11,"₹101,859",Other,754.2,3,49,32.35,2017-06-27,0
C1945,65.0,Female,North,Primary,,1777697.24,"₹177,009",Medical,769.6,5,77,36.2,2017-01-26,0
C1946,64.0,Male,South,Secondary,Business,571707.02,"₹128,869",Education,682.7,0,124,22.43,2025-05-27,0
C1947,68.0,Female,North,Primary,Self-Employed,654119.25,"₹654,900",Car,549.5,0,73,51.17,2024-01-31,0
C1948,,Female,South,Post-Graduate,,533062.96,"₹971,328",Home,671.4,3,100,77.04,2025-04-07,1
C1949,32.0,Male,East,Graduate,Salaried,331710.31,"₹599,826",Medical,761.1,2,44,20.09,2023-06-05,0
C1950,49.0,Male,South,Primary,Self-Employed,186048.09,"₹850,780",Other,809.9,0,56,39.89,2019-06-28,1
C1951,36.0,Male,North,Primary,Salaried,440100.18,"₹1,960,640",Other,688.5,3,101,164.81,2015-01-11,1
C1952,52.0,Female,West,Primary,Unemployed,53668.57,"₹2,655,829",Education,824.5,9,16,211.42,2016-04-17,1
C1953,48.0,Male,South,Post-Graduate,Salaried,212136.28,"₹143,878",Business,687.9,0,164,113.57,2022-05-09,0
C1954,39.0,Male,West,Secondary,Salaried,536355.35,"₹207,291",Home,728.5,0,102,31.28,2023-04-18,0
C1955,25.0,Male,East,Secondary,Business,476477.98,"₹314,696",Home,607.9,6,145,260.72,2020-12-29,1
C1956,,Male,East,Primary,Business,2656399.39,"₹371,066",Car,668.4,5,107,86.23,2019-11-07,0
C1957,48.0,Male,South,Post-Graduate,Business,432201.97,"₹103,972",Business,573.4,7,80,33.48,2016-01-07,0
C1958,23.0,Male,East,Primary,Self-Employed,,"₹50,000",Business,698.3,0,55,33.2,2019-04-03,0
C1959,37.0,Male,West,Graduate,Self-Employed,219586.07,"₹830,642",Other,642.1,2,56,20.57,2020-03-21,1
C1960,24.0,Female,West,Post-Graduate,Unemployed,830514.92,"₹50,475",Home,,1,44,56.58,2023-09-02,0
C1961,67.0,Male,East,Primary,Self-Employed,495998.95,"₹81,739",Business,608.2,4,18,53.95,2018-08-05,0
C1962,38.0,,West,Post-Graduate,,442353.61,"₹64,758",Medical,709.8,4,168,14.47,2017-02-03,0
C1963,69.0,Female,South,Graduate,Unemployed,499972.45,,Medical,592.6,0,152,31.32,2018-11-25,0
C1964,59.0,Female,North,Post-Graduate,Unemployed,169958.17,"₹141,339",Education,591.0,4,73,46.64,2018-08-31,0
C1965,28.0,Female,East,Post-Graduate,Business,502521.75,"₹91,088",Medical,655.0,1,118,36.64,2015-12-05,0
C1966,21.0,Female,South,Graduate,Salaried,3284910.4,"₹479,377",Car,433.0,0,47,65.42,2020-07-13,0
C1967,34.0,Male,East,Post-Graduate,Unemployed,2383155.74,"₹160,559",Car,660.4,2,89,54.06,2021-10-23,0
C1968,58.0,Male,West,Primary,Self-Employed,456484.76,"₹1,278,077",Education,597.2,6,136,103.61,2015-07-09,1
C1969,23.0,Male,East,Post-Graduate,Salaried,127360.48,"₹285,004",Business,666.5,6,84,88.99,2018-07-26,1
C1970,32.0,Female,North,Graduate,,432446.99,"₹264,349",Car,620.7,4,91,36.25,2023-08-30,0
C1971,25.0,Female,West,Graduate,Unemployed,390805.1,"₹430,889",Other,602.6,1,49,14.78,2018-01-13,0
C1972,44.0,Female,East,Primary,Unemployed,644032.0,"₹185,595",Medical,613.4,6,67,61.65,2020-04-22,0
C1973,26.0,Male,West,Secondary,Self-Employed,97154.0,"₹300,796",Car,859.0,0,65,21.44,2022-01-01,1
C1974,49.0,Female,North,Graduate,Self-Employed,394533.65,,Medical,739.4,4,52,26.21,2015-10-25,0
C1975,69.0,Female,North,Graduate,Salaried,7582244.22,"₹390,402",Medical,598.2,0,177,29.07,2025-08-23,0
C1976,35.0,Male,South,Post-Graduate,Business,2075942.99,"₹60,532",Home,614.1,0,75,180.2,2019-06-06,0
C1977,49.0,Other,South,Secondary,Salaried,408959.33,"₹1,264,020",Home,,1,57,39.68,2020-09-02,1
C1978,58.0,Male,East,Primary,Salaried,428343.99,"₹174,247",Business,,1,57,30.6,2026-03-12,0
C1979,61.0,Male,North,Primary,Unemployed,4734518.24,"₹394,463",Other,540.7,0,52,24.08,2016-07-25,0
C1980,40.0,Male,South,Secondary,Self-Employed,47314.23,"₹411,163",Medical,849.6,3,61,47.03,2025-03-29,1
C1981,45.0,Female,East,Primary,,1106466.76,"₹1,026,107",Home,715.3,0,92,72.93,2016-09-02,0
C1982,20.0,Female,West,Graduate,Business,171697.93,"₹382,050",Home,643.1,1,119,62.55,2016-08-08,1
C1983,39.0,Female,East,Post-Graduate,Salaried,142653.87,"₹181,664",Other,737.9,1,131,15.43,2025-06-25,0
C1984,19.0,Female,North,Post-Graduate,Self-Employed,688731.16,"₹182,396",Car,,2,125,13.43,2017-10-08,0
C1985,51.0,Male,North,Primary,Salaried,266235.14,"₹1,331,502",Home,672.6,6,30,53.96,2025-12-08,1
C1986,41.0,Male,West,Primary,Business,,"₹154,289",Medical,611.5,4,88,31.64,2026-02-15,0
C1987,51.0,Male,East,Post-Graduate,Salaried,467158.32,"₹608,918",Business,587.1,2,72,58.61,2019-05-18,1
C1988,54.0,Male,East,Graduate,Business,1261189.56,"₹305,085",Home,569.4,4,109,168.54,2015-05-27,1
C1989,44.0,Male,North,Graduate,Business,345354.03,"₹217,679",Business,709.7,2,28,101.14,2022-05-23,0
C1990,22.0,Female,West,Primary,Unemployed,,"₹511,113",Home,618.0,0,56,92.29,2025-05-29,1
C1991,67.0,Male,East,Primary,Self-Employed,1096846.71,"₹262,511",Other,652.9,4,183,10.91,2025-06-28,0
C1992,54.0,Female,South,Post-Graduate,Business,1604955.58,"₹504,242",Car,539.2,4,73,9.93,2026-01-13,0
C1993,,Male,West,Graduate,Unemployed,847045.88,"₹409,569",Car,732.1,0,36,20.08,2023-08-15,0
C1994,,Male,South,Graduate,Salaried,706747.44,"₹64,756",Medical,633.7,2,89,36.28,2017-06-18,0
C1995,27.0,Male,North,Primary,Salaried,540779.96,"₹275,590",Home,716.7,0,137,154.61,2023-06-11,0
C1996,23.0,Female,East,Primary,Business,143515.57,"₹229,108",Other,621.5,6,27,24.32,2019-04-27,1
C1997,26.0,Female,West,Post-Graduate,Business,1064034.69,"₹147,401",Home,632.8,8,103,39.28,2024-05-18,0
C1998,42.0,Male,South,Post-Graduate,Self-Employed,167962.8,"₹83,253",Medical,743.5,8,125,31.65,2016-05-26,0
C1999,,Female,West,Primary,Business,1316977.92,"₹94,702",Business,760.3,4,139,29.2,2025-07-11,0
C2000,56.0,Female,South,Primary,Business,441591.75,"₹249,829",Medical,717.2,5,19,40.56,2025-12-28,0
C2001,51.0,Male,West,Post-Graduate,Self-Employed,326027.41,"₹218,179",Medical,576.3,0,88,79.61,2015-10-20,0
C2002,63.0,Female,North,Graduate,Business,487933.87,"₹50,000",Education,774.5,6,39,21.89,2016-06-25,0
C2003,19.0,Female,South,Secondary,Business,895471.91,"₹1,116,594",Other,723.5,4,93,19.11,2019-11-10,0
C2004,24.0,Male,West,Secondary,Unemployed,795134.09,"₹108,614",Other,653.8,0,104,45.36,2022-10-14,0
C2005,69.0,Female,North,Graduate,Salaried,601688.57,"₹89,696",Home,804.7,2,46,24.24,2016-03-21,0
C2006,57.0,Female,West,Primary,Unemployed,1279655.5,"₹630,291",Other,595.4,0,118,15.82,2025-06-19,0
C2007,27.0,Female,East,Secondary,Salaried,198117.04,"₹902,276",Other,780.8,2,76,56.41,2022-03-25,1
C2008,48.0,Male,East,Primary,Salaried,315381.86,"₹662,671",Medical,624.7,0,60,25.35,2021-12-15,1
C2009,37.0,Female,West,Post-Graduate,Business,624069.86,"₹900,172",Car,742.3,12,75,34.53,2018-01-01,1
C2010,46.0,Other,West,Post-Graduate,Salaried,553844.39,"₹105,399",Home,665.4,1,119,24.22,2019-01-29,0
C2011,33.0,Female,North,Primary,Salaried,82641.94,"₹611,239",Car,531.3,8,8,22.96,2026-04-23,1
C2012,57.0,Female,South,Primary,Unemployed,371471.87,"₹808,271",Medical,632.1,2,72,23.18,2025-10-28,1
C2013,45.0,Male,West,Secondary,Salaried,447539.7,"₹678,916",Medical,385.4,1,35,24.87,2018-07-28,1
C2014,42.0,Male,East,Graduate,Unemployed,1118767.67,"₹191,118",Other,667.2,0,88,17.71,2017-12-25,0
C2015,26.0,Male,South,Secondary,Salaried,418686.97,"₹174,906",Business,675.9,0,84,78.95,2024-12-14,0
C2016,39.0,Other,West,Post-Graduate,Self-Employed,713799.11,"₹274,382",Other,714.0,4,65,134.3,2020-01-01,0
C2017,57.0,Male,East,Post-Graduate,Business,463486.34,"₹207,410",Education,721.6,2,193,96.0,2024-02-24,0
C2018,61.0,Male,South,Post-Graduate,Salaried,1038644.2,"₹95,440",Home,695.6,0,141,11.01,2018-02-28,0
C2019,42.0,,West,Primary,Business,838307.58,,Car,683.3,7,55,67.28,2024-04-24,0
C2020,38.0,Female,North,Post-Graduate,Business,,"₹336,537",Medical,763.1,0,3,41.51,2015-09-12,0
C2021,22.0,Male,North,Post-Graduate,Salaried,155279.52,"₹140,139",Car,774.4,2,64,40.36,2021-02-06,0
C2022,69.0,Female,South,Primary,Self-Employed,893660.23,"₹116,502",Education,768.5,7,67,18.55,2026-06-30,0
C2023,62.0,Male,North,Post-Graduate,Unemployed,179626.31,"₹513,947",Other,488.9,0,24,29.11,2017-01-19,1
C2024,62.0,Male,North,Primary,,1347207.99,"₹324,270",Home,658.8,1,12,39.58,2017-01-22,0
C2025,52.0,Male,South,Primary,Unemployed,224053.07,"₹128,175",Education,,2,99,34.71,2019-01-21,0
C2026,22.0,Male,West,Secondary,Self-Employed,149973.08,"₹512,628",Home,693.5,2,104,79.83,2023-09-10,1
C2027,63.0,Male,West,Primary,Unemployed,470540.33,"₹399,183",Car,980.0,0,104,276.72,2020-02-17,1
C2028,31.0,Male,North,Primary,Unemployed,823176.22,"₹113,795",Home,634.7,6,72,113.97,2022-07-31,0
C2029,,Male,South,Primary,Unemployed,460358.89,"₹2,488,008",Education,679.7,3,72,51.46,2024-04-21,1
C2030,33.0,Male,North,Secondary,Unemployed,1333073.73,,Other,639.1,2,80,42.92,2018-03-06,0
C2031,42.0,Female,East,Primary,Salaried,836160.4,"₹1,147,897",Other,687.3,2,100,14.9,2026-06-17,0
C2032,61.0,Female,East,Post-Graduate,Business,615755.12,"₹87,656",Business,,0,73,35.66,2017-07-07,0
C2033,67.0,Male,North,Post-Graduate,Business,,"₹255,002",Car,673.2,4,102,56.21,2021-05-13,0
C2034,64.0,Female,West,Graduate,Unemployed,612494.74,"₹1,239,000",Business,717.8,3,92,66.91,2021-05-18,1
C2035,42.0,Other,East,Primary,Business,358094.47,"₹855,771",Medical,605.3,1,106,30.85,2015-05-06,1
C2036,,Male,South,Primary,Unemployed,793823.55,"₹1,070,232",Home,836.5,1,96,24.2,2017-01-30,0
C2037,68.0,Female,North,Secondary,Business,252630.01,"₹788,875",Car,920.0,4,100,36.05,2023-02-21,1
C2038,39.0,Male,South,Primary,Self-Employed,344869.37,"₹785,563",Medical,698.1,2,100,37.54,2021-01-05,1
C2039,28.0,Female,North,Post-Graduate,Self-Employed,609244.5,"₹801,628",Business,856.1,4,112,53.63,2022-12-09,0
C2040,24.0,Male,North,Post-Graduate,Business,286119.32,"₹220,703",Other,665.8,5,99,20.03,2016-09-28,0
C2041,37.0,Male,South,Graduate,Unemployed,569782.92,"₹697,805",Education,,7,81,84.99,2024-03-07,1
C2042,54.0,Male,North,Primary,Business,3201614.13,"₹6,796,769",Car,639.7,3,96,52.11,2016-03-10,1
C2043,53.0,Female,East,Primary,,,"₹251,412",Home,826.9,5,96,39.45,2025-04-11,0
C2044,56.0,Male,West,Graduate,Business,245939.41,"₹52,572",Car,681.4,3,134,36.19,2021-11-05,0
C2045,25.0,Other,East,Graduate,Unemployed,491901.15,"₹279,598",Car,675.3,0,110,114.57,2015-12-18,0
C2046,61.0,Female,North,Primary,Business,,"₹94,996",Business,881.6,0,105,66.15,2026-05-16,0
C2047,42.0,Female,North,Post-Graduate,Salaried,760123.48,"₹158,847",Car,,4,90,27.73,2020-11-22,0
C2048,36.0,Male,South,Graduate,Unemployed,2278875.91,"₹159,832",Business,704.3,0,111,19.61,2020-09-22,0
C2049,52.0,Female,South,Graduate,Business,344736.51,"₹852,936",Other,720.1,7,54,20.86,2025-08-14,1
C2050,64.0,,North,Graduate,Self-Employed,536352.07,"₹491,045",Education,674.7,0,138,41.06,2017-11-29,0
C2051,36.0,Male,South,Secondary,Unemployed,236154.58,"₹327,926",Medical,696.3,1,72,86.36,2019-07-09,1
C2052,65.0,Male,East,Graduate,Salaried,,"₹203,648",Medical,590.5,0,117,56.04,2024-02-18,0
C2053,69.0,Male,South,Secondary,Unemployed,3105599.77,"₹281,402",Car,609.0,1,76,65.06,2015-10-07,0
C2054,23.0,Male,West,Post-Graduate,Salaried,348098.36,"₹275,487",Other,636.9,0,92,41.62,2022-08-05,0
C2055,19.0,Male,North,Post-Graduate,Unemployed,531711.98,"₹108,723",Car,637.3,0,101,12.09,2018-06-25,0
C2056,68.0,Female,North,Graduate,Unemployed,570586.17,"₹719,329",Other,,7,67,24.49,2017-03-23,0
C2057,23.0,Male,West,Secondary,Self-Employed,355508.94,"₹363,149",Education,787.5,5,138,54.32,2017-11-15,0
C2058,53.0,Female,East,Graduate,Unemployed,5857227.97,"₹513,599",Other,815.5,6,96,88.77,2022-06-11,0
C2059,22.0,Female,South,Post-Graduate,Salaried,321138.42,"₹636,686",Business,712.1,9,74,33.52,2023-05-02,1
C2060,67.0,Male,East,Graduate,Self-Employed,336941.2,"₹769,644",Business,564.1,6,79,32.02,2019-04-21,1
C2061,36.0,Male,South,Secondary,Unemployed,,"₹280,870",Car,706.1,0,126,12.75,2019-09-03,1
C2062,55.0,Male,North,Secondary,Salaried,294814.03,"₹76,833",Home,715.1,0,86,31.25,2024-04-07,0
C2063,57.0,Female,West,Primary,Unemployed,73198.83,"₹101,456",Business,616.4,0,125,31.49,2022-03-01,0
C2064,37.0,Female,West,Secondary,Self-Employed,,"₹652,642",Medical,836.7,0,139,30.08,2019-09-18,0
C2065,63.0,Female,East,Primary,,552481.25,"₹253,041",Other,784.4,0,75,17.74,2015-06-20,0
C2066,28.0,Male,East,Graduate,Unemployed,795961.29,"₹132,815",Education,635.7,5,16,93.51,2022-06-16,0
C2067,34.0,Male,North,Post-Graduate,Self-Employed,417810.29,"₹314,000",Medical,597.0,0,37,51.71,2017-08-02,0
C2068,47.0,Other,East,Primary,Business,112448.93,"₹317,019",Other,755.5,0,145,109.55,2018-07-19,1
C2069,65.0,Female,South,Primary,Business,867293.29,"₹59,612",Business,532.4,0,68,29.91,2016-04-15,0
C2070,59.0,Male,West,Graduate,Unemployed,458868.53,"₹194,190",Other,746.2,0,121,26.9,2019-07-11,0
C2071,26.0,Female,South,Graduate,Unemployed,474175.33,"₹281,072",Education,824.6,2,61,45.18,2021-03-25,0
C2072,31.0,Female,South,Post-Graduate,Unemployed,416260.24,"₹466,241",Medical,635.8,0,111,105.13,2015-03-08,1
C2073,67.0,Female,West,Secondary,Salaried,536674.27,"₹211,403",Business,657.1,6,110,27.75,2018-05-18,0
C2074,53.0,Male,North,Primary,Business,70041.59,"₹200,800",Car,694.3,4,68,21.86,2015-03-01,1
C2075,,Female,South,Primary,Self-Employed,292847.55,"₹7,391,249",Medical,635.5,0,8,38.53,2019-04-17,1
C2076,59.0,Female,South,Secondary,Business,2586099.63,"₹512,095",Home,722.8,5,106,26.33,2024-03-22,0
C2077,43.0,Male,South,Post-Graduate,Self-Employed,6296523.93,"₹50,000",Medical,631.6,8,72,33.25,2021-03-17,0
C2078,49.0,Female,North,Graduate,Self-Employed,409881.27,"₹177,905",Home,783.7,4,101,38.03,2015-09-15,0
C2079,62.0,,South,Graduate,Self-Employed,858375.5,"₹652,796",Home,724.4,0,60,57.11,2015-11-11,0
C2080,56.0,Male,South,Secondary,Salaried,886993.87,"₹411,050",Business,757.1,4,123,21.01,2018-11-30,0
C2081,46.0,Female,South,Secondary,Self-Employed,293254.22,"₹19,431,564",Medical,621.6,2,59,22.1,2018-12-06,1
C2082,63.0,Other,East,Primary,Unemployed,216719.14,"₹1,824,369",Education,728.3,4,113,103.5,2023-02-13,1
C2083,45.0,Other,North,Secondary,Salaried,101516.17,"₹1,164,656",Medical,672.2,7,30,40.76,2026-06-11,1
C2084,25.0,Male,South,Graduate,Self-Employed,151880.22,"₹79,093",Home,591.1,4,46,56.73,2026-06-19,0
C2085,66.0,Male,East,Post-Graduate,Business,939101.68,"₹660,934",Home,817.3,6,32,68.39,2020-11-03,0
C2086,66.0,Male,East,Graduate,Unemployed,,"₹511,435",Other,796.3,0,40,25.63,2019-11-26,0
C2087,46.0,Male,East,Secondary,Salaried,292149.02,"₹365,528",Home,685.3,0,89,45.17,2019-09-23,0
C2088,54.0,Male,North,Post-Graduate,Unemployed,,"₹719,801",Other,694.8,0,32,102.67,2023-04-01,1
C2089,40.0,Female,West,Secondary,Business,631593.16,"₹572,379",Medical,753.7,0,34,50.72,2026-04-26,0
C2090,40.0,Other,West,Post-Graduate,,1148588.16,"₹566,719",Medical,597.4,4,63,36.87,2016-08-06,0
C2091,56.0,Female,West,Graduate,Business,264564.66,"₹77,304",Education,711.9,1,88,44.83,2025-01-11,0
C2092,51.0,Female,East,Primary,Salaried,631751.66,"₹93,115",Business,565.6,9,16,33.95,2020-08-21,0
C2093,49.0,Male,South,Primary,Self-Employed,129695.64,"₹272,922",Business,767.3,4,80,8.25,2023-12-01,1
C2094,29.0,Female,North,Post-Graduate,Business,102437.88,"₹239,292",Education,644.1,0,93,28.73,2024-06-05,1
C2095,26.0,Female,North,Secondary,Salaried,780429.4,,Business,630.4,2,183,11.16,2023-08-06,0
C2096,63.0,Female,East,Secondary,Salaried,536306.54,"₹388,266",Education,667.3,4,165,9.23,2020-08-27,0
C2097,48.0,Male,North,Post-Graduate,Salaried,419128.38,"₹257,050",Business,716.7,3,112,51.96,2020-10-08,0
C2098,57.0,Female,North,Primary,Salaried,398370.26,"₹113,254",Car,697.4,0,80,70.0,2015-06-24,0
C2099,,Female,South,Post-Graduate,,1056765.71,"₹488,915",Other,653.4,2,118,74.64,2019-11-17,0
C2100,70.0,Female,East,Post-Graduate,Business,538103.07,,Business,556.9,5,95,65.76,2020-11-15,1
C2101,40.0,Male,West,Graduate,Salaried,401818.82,"₹373,625",Other,,4,199,104.77,2016-03-09,1
C2102,34.0,Female,North,Post-Graduate,Salaried,502087.89,"₹150,776",Home,620.7,0,100,18.1,2017-05-15,0
C2103,54.0,Female,North,Post-Graduate,Unemployed,440012.42,"₹900,038",Car,615.0,4,71,62.28,2025-08-08,1
C2104,40.0,Female,East,Post-Graduate,Business,226025.49,"₹210,216",Other,900.0,0,64,91.52,2019-12-17,0
C2105,54.0,Male,North,Post-Graduate,Unemployed,1141259.44,,Other,610.5,6,36,93.4,2023-07-10,0
C2106,60.0,Female,South,Secondary,Self-Employed,208352.79,"₹50,000",Car,722.5,0,169,62.26,2020-02-27,0
C2107,69.0,Other,East,Primary,Unemployed,909915.35,"₹50,000",Home,626.8,7,160,121.51,2022-11-18,1
C2108,,Female,South,Graduate,,244186.91,"₹167,557",Other,729.6,0,90,22.21,2021-08-11,0
C2109,34.0,Male,West,Post-Graduate,Unemployed,491158.25,"₹225,195",Home,652.0,1,83,59.63,2022-07-12,0
C2110,44.0,Female,South,Primary,Business,322340.95,"₹103,652",Business,583.5,5,73,9.18,2025-06-05,0
C2111,43.0,Male,East,Primary,Business,1476043.21,"₹497,773",Home,566.9,5,117,52.67,2022-06-05,0
C2112,44.0,Female,South,Primary,Unemployed,359662.94,"₹420,787",Education,738.7,2,82,50.1,2015-07-08,0
C2113,69.0,Female,East,Graduate,Salaried,,"₹309,386",Other,680.1,4,21,15.84,2018-12-16,0
C2114,68.0,Male,East,Graduate,Self-Employed,1070477.01,"₹227,158",Other,684.0,4,59,21.09,2017-04-25,0
C2115,67.0,Female,North,Primary,Salaried,,"₹409,025",Other,576.8,0,35,29.66,2015-03-09,1
C2116,24.0,Male,West,Post-Graduate,Salaried,,"₹122,111",Medical,524.6,4,161,54.15,2025-12-07,0
C2117,34.0,Male,North,Secondary,Salaried,1193510.59,"₹333,866",Car,731.4,0,59,23.58,2022-03-22,0
C2118,70.0,Male,East,Post-Graduate,Self-Employed,804561.5,"₹708,859",Medical,798.2,6,86,28.04,2017-09-11,0
C2119,67.0,Female,North,Primary,Self-Employed,202100.28,"₹215,016",Medical,748.7,7,139,66.43,2024-07-06,1
C2120,65.0,Male,South,Secondary,Unemployed,311487.79,"₹240,326",Other,824.4,12,70,37.55,2018-09-27,0
C2121,56.0,Male,South,Post-Graduate,Self-Employed,184501.08,"₹464,003",Home,552.0,1,34,26.56,2016-12-25,1
C2122,57.0,Male,South,Secondary,Business,336942.14,"₹561,033",Home,650.9,1,106,41.97,2024-09-30,1
C2123,60.0,Female,North,Graduate,Business,2066577.91,"₹347,522",Business,571.7,0,145,84.15,2024-08-12,0
C2124,54.0,Male,South,Primary,Self-Employed,399624.07,,Medical,568.3,4,82,113.73,2018-08-17,1
C2125,,Male,East,Post-Graduate,Business,566358.72,"₹801,841",Home,719.5,0,81,153.99,2015-06-25,1
C2126,53.0,Female,North,Graduate,Unemployed,784880.6,"₹197,128",Other,675.8,1,121,20.28,2023-05-19,0
C2127,44.0,Female,North,Graduate,Unemployed,20005560.0,"₹146,763",Other,694.9,0,80,69.49,2025-11-04,0
C2128,20.0,Male,South,Graduate,Salaried,554316.02,"₹273,522",Car,616.1,9,119,80.85,2025-11-13,1
C2129,36.0,Female,West,Post-Graduate,Business,463415.54,"₹135,940",Education,526.6,0,92,183.32,2020-08-08,1
C2130,59.0,Female,East,Primary,Salaried,,"₹661,320",Medical,653.3,3,48,48.42,2019-03-14,1
C2131,48.0,Male,East,Post-Graduate,Business,806848.09,"₹246,303",Other,,2,92,117.07,2018-10-06,0
C2132,43.0,Male,West,Primary,Self-Employed,373797.05,,Home,617.1,0,133,24.97,2021-06-06,0
C2133,62.0,Female,East,Graduate,Salaried,198994.03,"₹381,345",Education,714.4,3,125,22.7,2022-10-23,1
C2134,54.0,Male,South,Secondary,,675404.3,"₹484,735",Business,748.0,6,115,181.77,2023-06-19,1
C2135,62.0,Female,East,Secondary,Unemployed,216689.99,"₹220,618",Other,,7,85,25.54,2019-10-05,0
C2136,50.0,Male,North,Post-Graduate,Salaried,894266.1,"₹274,054",Car,740.5,5,101,10.71,2022-02-18,0
C2137,64.0,Male,West,Primary,Salaried,922053.25,"₹50,000",Business,751.8,6,90,29.3,2024-11-28,0
C2138,54.0,Male,East,Primary,Self-Employed,440317.72,"₹315,959",Other,612.2,2,62,46.07,2018-11-02,0
C2139,33.0,Other,East,Graduate,Self-Employed,661950.35,,Medical,798.2,0,106,65.21,2021-05-07,0
C2140,26.0,Female,West,Secondary,Self-Employed,496971.49,"₹258,468",Business,597.0,2,77,20.74,2025-11-13,0
C2141,32.0,,East,Secondary,Self-Employed,298267.73,"₹161,372",Education,651.9,0,1,20.77,2016-12-23,0
C2142,61.0,Female,South,Graduate,Salaried,453088.38,"₹840,207",Education,624.0,0,48,68.42,2020-07-06,1
C2143,36.0,Female,West,Secondary,Self-Employed,175054.41,"₹1,394,824",Medical,668.0,7,115,48.91,2016-02-26,1
C2144,49.0,Male,East,Post-Graduate,,,"₹158,476",Education,737.1,4,115,18.0,2024-11-03,0
C2145,51.0,Male,North,Primary,Business,893819.92,"₹615,920",Business,,2,120,83.27,2017-04-20,0
C2146,69.0,Male,North,Graduate,Unemployed,,"₹332,916",Car,683.8,1,62,39.29,2017-12-26,0
C2147,30.0,Male,East,Secondary,Salaried,320053.35,"₹836,814",Other,675.8,0,81,113.84,2021-10-03,1
C2148,27.0,Male,South,Post-Graduate,Salaried,277782.39,"₹115,533",Car,707.3,8,90,30.11,2018-07-03,0
C2149,36.0,Male,North,Secondary,Self-Employed,1598114.5,"₹80,919",Education,654.4,1,61,101.66,2020-03-26,0
C2150,32.0,Other,South,Graduate,Unemployed,159528.08,"₹227,225",Business,779.3,3,23,130.7,2025-03-10,1
C2151,55.0,Male,South,Post-Graduate,Salaried,151928.28,"₹120,304",Business,650.0,4,143,27.49,2018-09-04,0
C2152,22.0,Female,South,Post-Graduate,Self-Employed,592579.52,"₹551,113",Car,611.4,4,150,23.18,2026-04-09,0
C2153,22.0,Male,West,Secondary,Self-Employed,112685.9,"₹300,660",Education,717.6,5,55,53.51,2021-03-26,1
C2154,22.0,Male,East,Graduate,Self-Employed,291151.17,"₹399,830",Car,,2,54,73.13,2019-03-30,0
C2155,59.0,Female,East,Primary,Business,735918.26,"₹609,337",Car,488.6,2,43,102.68,2022-08-20,1
C2156,66.0,Male,East,Graduate,Unemployed,373891.66,"₹955,776",Medical,588.8,4,146,14.3,2016-07-27,1
C2157,45.0,Female,East,Graduate,Unemployed,,"₹480,015",Business,672.8,5,41,33.9,2018-02-15,0
C2158,60.0,Male,South,Graduate,Self-Employed,735559.89,"₹426,785",Car,551.6,2,75,64.37,2024-03-16,0
C2159,59.0,Male,North,Secondary,Unemployed,742520.49,"₹316,449",Education,771.4,0,59,63.71,2021-06-25,0
C2160,66.0,Male,South,Primary,Unemployed,96104.02,"₹117,393",Business,651.7,2,103,264.93,2019-08-29,1
C2161,22.0,Male,South,Graduate,Self-Employed,,"₹485,930",Education,889.0,7,47,62.72,2024-12-18,0
C2162,46.0,Female,West,Primary,Unemployed,398702.76,"₹151,635",Other,779.0,11,116,67.78,2016-10-11,0
C2163,20.0,Female,North,Primary,Salaried,15493114.34,"₹188,521",Other,783.7,6,77,31.41,2016-08-07,0
C2164,69.0,Male,South,Primary,Business,562958.06,"₹260,718",Home,566.2,3,94,150.44,2019-08-23,1
C2165,19.0,Male,East,Primary,Self-Employed,521100.19,"₹169,525",Medical,,0,87,87.8,2015-06-22,0
C2166,40.0,Male,East,Secondary,Unemployed,446653.68,"₹763,650",Home,737.3,3,101,54.23,2025-07-24,1
C2167,34.0,Male,East,Secondary,Business,207928.79,"₹250,858",Education,835.8,1,78,8.07,2021-11-13,0
C2168,70.0,Female,South,Graduate,Salaried,563148.12,"₹573,265",Medical,730.8,8,65,35.36,2015-05-03,0
C2169,65.0,Female,South,Primary,Salaried,356940.4,"₹424,344",Medical,,0,144,9.27,2019-02-22,0
C2170,51.0,Female,East,Primary,Business,4133047.47,"₹129,645",Business,770.7,2,100,34.29,2018-11-24,0
C2171,33.0,Female,West,Post-Graduate,Unemployed,1658231.91,"₹771,885",Other,651.6,0,114,39.31,2020-03-28,0
C2172,42.0,Female,West,Primary,Salaried,490511.91,"₹199,975",Education,801.1,0,139,69.71,2017-03-06,0
C2173,47.0,Female,South,Primary,Self-Employed,1549090.31,"₹686,779",Other,810.1,5,1,95.87,2023-07-22,0
C2174,43.0,Male,West,Post-Graduate,Salaried,942826.2,"₹71,753",Car,568.4,4,73,25.03,2024-05-12,0
C2175,69.0,Male,South,Graduate,Salaried,302733.7,"₹296,852",Education,620.5,5,163,42.5,2019-03-11,0
C2176,21.0,Female,North,Graduate,Business,377761.98,"₹211,162",Home,714.7,3,95,45.92,2023-12-13,0
C2177,55.0,Male,North,Graduate,Self-Employed,389570.32,"₹97,376",Other,714.1,2,47,8.73,2022-08-09,0
C2178,30.0,Female,North,Graduate,Unemployed,595596.48,"₹683,267",Business,691.7,5,105,25.77,2023-01-28,0
C2179,48.0,Male,South,Graduate,Salaried,,,Home,765.8,1,111,13.02,2016-12-30,0
C2180,25.0,Male,South,Secondary,Salaried,512622.51,"₹76,267",Business,757.8,3,54,86.56,2015-06-01,0
C2181,,Male,East,Graduate,Salaried,124052.0,"₹3,470,001",Business,,6,46,274.03,2017-12-19,1
C2182,24.0,Male,East,Graduate,Salaried,240059.28,"₹73,241",Business,464.4,2,37,47.45,2026-05-17,0
C2183,34.0,Female,South,Secondary,Unemployed,1380252.09,"₹1,384,835",Other,581.4,2,97,13.35,2020-01-14,0
C2184,,,West,Secondary,Unemployed,1430300.83,"₹895,813",Medical,613.6,2,35,30.26,2017-05-07,0
C2185,63.0,Male,East,Secondary,Salaried,716130.18,"₹516,086",Medical,521.7,7,189,84.07,2015-02-07,1
C2186,56.0,Male,North,Primary,Salaried,105972.46,"₹307,029",Medical,772.5,1,150,76.82,2017-12-07,1
C2187,31.0,Female,East,Graduate,,642694.25,"₹133,249",Education,630.1,2,99,45.38,2017-09-08,0
C2188,36.0,Female,West,Primary,Self-Employed,636901.45,"₹77,204",Medical,738.0,6,117,20.09,2025-06-16,0
C2189,69.0,Male,North,Graduate,Unemployed,746091.17,"₹394,486",Education,738.3,1,111,56.69,2020-08-22,0
C2190,35.0,Other,North,Secondary,Self-Employed,1192933.28,"₹768,388",Home,768.5,1,125,75.91,2017-12-24,0
C2191,70.0,Male,East,Primary,Salaried,436405.92,"₹508,991",Car,506.2,3,120,20.31,2025-02-22,1
C2192,31.0,Male,North,Graduate,Self-Employed,1704748.52,"₹82,436",Medical,630.9,4,118,35.9,2021-03-04,0
C2193,67.0,Female,South,Graduate,,388618.7,"₹344,861",Medical,676.9,0,66,39.53,2016-12-05,0
C2194,,Male,North,Primary,Salaried,1477879.6,"₹1,099,546",Other,720.6,6,64,36.16,2020-08-05,0
C2195,69.0,Female,West,Post-Graduate,Unemployed,401956.05,,Other,702.3,5,99,71.56,2022-12-26,1
C2196,67.0,,East,Secondary,Self-Employed,1241120.51,"₹136,548",Medical,583.2,2,119,21.1,2026-06-11,0
C2197,33.0,Female,West,Graduate,Business,338476.32,"₹57,544",Home,598.2,8,52,54.74,2015-04-02,0
C2198,53.0,Female,West,Post-Graduate,Self-Employed,1365430.54,"₹309,777",Other,,0,86,27.34,2025-06-15,0
C2199,33.0,Female,East,Graduate,Business,930916.43,"₹3,029,705",Medical,803.8,3,41,68.07,2016-01-19,1
C2200,,Female,West,Secondary,Business,220555.01,"₹101,695",Car,764.7,4,84,69.04,2025-12-18,0
C2201,42.0,Female,North,Secondary,Unemployed,278216.71,"₹593,510",Business,560.9,5,122,66.3,2024-09-05,1
C2202,43.0,,North,Secondary,Self-Employed,274605.98,"₹154,632",Business,796.0,5,71,20.49,2023-01-22,0
C2203,57.0,Male,East,Post-Graduate,Business,692700.14,"₹101,611",Education,789.9,3,152,24.87,2017-11-19,0
C2204,48.0,Other,North,Primary,Business,1457426.48,"₹75,842",Other,739.2,2,88,79.42,2025-08-03,0
C2205,45.0,Female,South,Primary,Self-Employed,1096335.16,"₹137,321",Other,542.0,10,119,97.4,2018-12-03,1
C2206,23.0,,North,Secondary,Business,373928.87,"₹137,515",Home,665.5,3,22,38.24,2025-10-07,0
C2207,41.0,Male,South,Graduate,Self-Employed,344881.8,"₹1,354,293",Other,750.9,0,51,73.15,2021-12-30,1
C2208,37.0,Female,North,Primary,Unemployed,1041324.37,"₹234,830",Car,713.8,8,102,64.05,2021-08-09,0
C2209,57.0,Female,South,Primary,Salaried,604604.78,"₹594,209",Home,628.4,0,31,40.15,2017-08-30,0
C2210,26.0,Male,South,Secondary,Self-Employed,976851.31,"₹966,553",Other,619.9,6,72,34.17,2016-05-13,0
C2211,58.0,,North,Secondary,Salaried,,"₹2,282,134",Other,723.6,1,13,39.62,2017-04-18,0
C2212,,Male,East,Graduate,,937348.73,"₹603,863",Car,769.3,8,1,61.29,2016-06-28,0
C2213,42.0,Male,North,Post-Graduate,Unemployed,216846.01,"₹864,948",Car,684.1,2,170,30.62,2021-07-19,1
C2214,56.0,Male,East,Secondary,Business,1455731.56,"₹166,811",Other,708.0,5,95,68.56,2024-09-09,0
C2215,,Male,North,Graduate,Unemployed,172224.95,"₹474,353",Home,746.7,4,106,54.15,2021-06-27,1
C2216,23.0,Female,South,Graduate,Self-Employed,639229.39,,Medical,735.7,0,115,26.64,2023-06-30,0
C2217,63.0,Male,East,Secondary,Business,851762.42,"₹2,195,736",Business,636.7,6,67,14.04,2019-10-22,1
C2218,48.0,Male,North,Secondary,Salaried,333990.81,"₹417,577",Education,481.5,5,101,35.82,2019-03-28,1
C2219,19.0,Female,East,Primary,Business,1351050.76,"₹1,331,179",Home,674.7,1,111,24.43,2017-04-28,0
C2220,64.0,Female,East,Graduate,Self-Employed,58182.05,"₹230,872",Home,670.7,2,183,79.84,2024-12-28,1
C2221,22.0,Male,South,Secondary,Salaried,286661.4,,Other,737.1,0,89,64.26,2018-01-15,1
C2222,44.0,Male,South,Primary,Unemployed,1051063.42,"₹213,312",Home,,4,90,55.22,2015-07-07,0
C2223,44.0,Female,West,Graduate,,663404.82,"₹181,196",Car,749.7,0,78,27.32,2018-10-23,0
C2224,69.0,Female,North,Post-Graduate,Business,933948.33,"₹72,378",Business,742.4,1,61,54.01,2020-03-10,0
C2225,27.0,Male,West,Post-Graduate,Self-Employed,487871.9,"₹1,518,203",Education,792.5,0,30,55.48,2022-08-13,1
C2226,23.0,Female,East,Graduate,Business,226341.65,"₹216,346",Medical,621.5,2,119,59.58,2018-11-06,0
C2227,52.0,Male,South,Primary,Self-Employed,785193.67,"₹143,441",Home,603.7,0,76,38.22,2020-06-23,0
C2228,36.0,Male,West,Secondary,Business,309608.7,"₹2,088,044",Education,746.9,3,121,28.39,2016-11-16,1
C2229,33.0,Female,West,Primary,Business,42783.45,"₹101,271",Other,719.0,2,74,61.03,2025-02-02,1
C2230,29.0,Male,West,Post-Graduate,Business,1918137.45,"₹260,177",Medical,764.2,0,108,54.33,2024-03-19,0
C2231,19.0,Male,West,Primary,Salaried,,"₹914,597",Medical,704.8,3,131,55.37,2023-04-14,1
C2232,64.0,Male,South,Secondary,Self-Employed,743100.51,"₹141,931",Other,,7,83,61.78,2021-11-23,0
C2233,37.0,Male,West,Primary,Unemployed,131596.57,"₹495,499",Home,739.3,4,61,10.88,2023-12-27,1
C2234,29.0,Male,East,Secondary,Self-Employed,425408.83,"₹180,685",Education,697.0,0,126,19.0,2026-02-22,0
C2235,,Female,North,Graduate,Unemployed,602825.95,"₹928,745",Car,674.9,4,121,46.39,2021-11-18,1
C2236,46.0,Female,South,Post-Graduate,Unemployed,450345.88,"₹1,896,249",Education,,1,86,39.13,2019-12-10,1
C2237,70.0,Female,West,Graduate,Unemployed,419287.14,"₹533,452",Home,794.4,2,42,34.39,2021-05-22,0
C2238,70.0,Male,East,Graduate,,341160.5,"₹1,671,214",Education,563.7,0,96,18.47,2023-05-16,1
C2239,31.0,Male,North,Primary,Unemployed,77416.08,"₹156,583",Education,731.5,6,53,54.47,2023-03-24,1
C2240,39.0,Female,South,Graduate,,498139.1,"₹264,458",Medical,653.8,6,158,24.46,2018-06-19,0
C2241,65.0,Male,South,Primary,Self-Employed,1974588.35,"₹142,242",Business,718.4,5,168,20.79,2025-05-07,0
C2242,21.0,Female,West,Post-Graduate,Self-Employed,437533.61,"₹185,471",Education,633.4,0,138,80.21,2016-04-30,0
C2243,64.0,Male,West,Graduate,Salaried,360328.31,"₹312,900",Business,692.3,5,168,70.22,2023-06-02,0
C2244,43.0,Other,North,Graduate,Salaried,1421251.65,"₹282,662",Car,756.1,4,137,12.17,2022-12-07,0
C2245,23.0,Male,South,Graduate,Self-Employed,209166.17,"₹209,873",Medical,,1,61,144.77,2022-06-16,1
C2246,54.0,Male,West,Post-Graduate,Business,92166.43,"₹289,631",Home,657.0,1,47,76.81,2017-08-25,1
C2247,22.0,Male,North,Graduate,Self-Employed,922024.53,"₹322,379",Other,733.6,5,81,73.01,2020-06-06,0
C2248,29.0,Male,East,Post-Graduate,Business,421113.22,"₹171,553",Other,821.5,4,140,38.31,2021-09-05,0
C2249,42.0,Male,West,Primary,Business,471595.72,"₹611,147",Medical,677.2,4,91,36.31,2018-09-29,0
C2250,60.0,,West,Primary,Business,185837.08,"₹587,698",Home,617.3,3,49,26.49,2023-11-29,1
C2251,36.0,Female,East,Primary,Salaried,564111.59,"₹1,286,990",Education,711.8,5,91,39.38,2019-01-12,1
C2252,56.0,Female,South,Post-Graduate,Self-Employed,1322804.34,"₹206,238",Education,648.1,0,33,26.56,2024-12-08,0
C2253,68.0,Female,West,Primary,Unemployed,333136.24,"₹2,030,499",Car,772.2,0,109,34.05,2019-11-07,1
C2254,60.0,Male,North,Secondary,Self-Employed,475939.55,"₹664,647",Business,635.4,2,83,111.96,2023-04-13,1
C2255,39.0,Male,North,Primary,Salaried,302582.96,"₹141,021",Car,757.9,0,92,65.48,2017-07-02,0
C2256,69.0,Female,East,Post-Graduate,Self-Employed,498127.92,"₹570,023",Other,736.4,0,33,31.29,2024-05-05,0
C2257,,,South,Secondary,Unemployed,508672.99,"₹419,223",Other,,7,75,93.0,2016-09-08,0
C2258,50.0,Male,North,Primary,Business,419014.71,"₹179,832",Other,655.7,1,113,33.66,2018-01-01,0
C2259,63.0,Female,West,Secondary,Self-Employed,338931.4,"₹463,043",Business,752.8,9,79,53.97,2016-07-15,1
C2260,18.0,Female,West,Secondary,Business,977590.16,"₹199,136",Other,705.8,4,58,14.84,2023-11-11,0
C2261,37.0,Female,North,Primary,Salaried,,"₹393,601",Education,673.4,6,134,100.92,2026-05-29,1
C2262,68.0,Male,West,Post-Graduate,Unemployed,688172.32,"₹1,509,422",Car,573.7,6,89,37.18,2019-02-14,1
C2263,30.0,Male,East,Graduate,Business,2674621.41,"₹800,755",Business,587.9,0,123,36.35,2025-06-30,0
C2264,66.0,Male,East,Secondary,Self-Employed,664154.83,"₹575,933",Home,,6,46,37.1,2022-04-30,0
C2265,20.0,Female,South,Graduate,,797133.28,"₹173,749",Car,663.7,4,113,78.38,2021-08-11,0
C2266,22.0,Female,West,Primary,Salaried,1196770.05,"₹145,864",Education,709.3,1,114,56.07,2018-09-24,0
C2267,37.0,Male,West,Post-Graduate,Self-Employed,678091.21,"₹345,551",Home,730.2,1,80,40.85,2025-05-03,0
C2268,61.0,Female,West,Primary,Salaried,442920.2,"₹361,328",Business,634.3,2,53,21.46,2021-07-10,0
C2269,23.0,Female,North,Post-Graduate,Salaried,360254.23,"₹246,425",Business,679.6,3,123,28.48,2017-06-03,0
C2270,68.0,Female,East,Primary,Unemployed,677969.54,"₹636,219",Education,640.3,4,142,113.42,2025-02-21,1
C2271,65.0,Female,West,Graduate,Unemployed,,"₹415,416",Medical,610.9,3,84,35.77,2020-03-31,0
C2272,64.0,Male,North,Secondary,Unemployed,218739.63,"₹199,200",Medical,832.3,2,119,24.03,2016-05-21,0
C2273,40.0,Male,South,Post-Graduate,Salaried,280626.52,"₹306,964",Medical,722.2,2,46,22.92,2023-03-08,0
C2274,55.0,Male,West,Post-Graduate,Unemployed,290295.24,"₹751,234",Business,722.1,0,1,13.76,2019-05-26,1
C2275,,Male,West,Primary,Salaried,470963.67,"₹232,944",Medical,621.0,1,18,75.91,2022-07-22,0
C2276,67.0,Female,South,Graduate,Unemployed,79834.83,"₹1,000,534",Car,567.9,1,75,55.23,2021-09-17,1
C2277,,Male,North,Graduate,Self-Employed,1200022.08,"₹377,299",Other,663.3,4,70,21.71,2025-11-16,0
C2278,62.0,Female,North,Secondary,Business,265283.07,"₹84,276",Medical,,0,66,20.93,2015-01-04,0
C2279,19.0,Male,East,Primary,Business,852566.45,"₹240,155",Home,776.7,6,38,13.99,2022-02-15,0
C2280,66.0,Female,South,Primary,Salaried,121865.7,"₹485,882",Education,,4,51,46.4,2022-10-17,1
C2281,38.0,Male,South,Post-Graduate,Self-Employed,3127061.04,,Other,617.2,2,93,103.79,2021-11-24,0
C2282,,Male,North,Primary,Self-Employed,973612.96,"₹341,468",Medical,734.7,3,50,61.9,2020-11-24,0
C2283,20.0,Male,East,Secondary,Business,480858.46,"₹788,903",Business,673.9,2,134,55.18,2017-01-23,1
C2284,60.0,Male,West,Secondary,Self-Employed,1490076.08,"₹331,532",Business,526.3,0,63,20.0,2020-05-28,0
C2285,54.0,Female,West,Primary,Self-Employed,1725686.0,"₹383,013",Other,623.7,4,142,23.61,2025-02-14,0
C2286,29.0,Female,West,Secondary,Unemployed,669626.96,"₹133,836",Medical,729.4,1,139,45.32,2019-04-16,0
C2287,61.0,Male,West,Secondary,Unemployed,755178.58,"₹158,076",Car,702.3,6,124,9.62,2016-03-05,0
C2288,62.0,Male,West,Post-Graduate,Self-Employed,220183.36,"₹11,329,235",Education,120.0,7,82,78.3,2021-10-16,1
C2289,53.0,Male,West,Secondary,Salaried,,"₹937,707",Car,469.2,4,120,36.72,2016-03-23,1
C2290,40.0,Other,East,Secondary,Salaried,118473.42,"₹789,808",Other,792.3,4,59,23.63,2016-04-02,1
C2291,21.0,Female,West,Secondary,Self-Employed,1955240.72,"₹110,481",Medical,,2,106,23.3,2022-10-18,0
C2292,29.0,Female,East,Post-Graduate,Business,430397.92,"₹520,268",Business,736.3,6,58,27.34,2019-09-01,0
C2293,45.0,Male,West,Secondary,Business,886586.75,"₹168,187",Home,605.8,6,86,18.44,2023-03-12,0
C2294,43.0,Female,West,Graduate,Business,193329.41,"₹214,673",Medical,680.7,2,89,87.07,2023-06-23,1
C2295,49.0,Female,East,Primary,Salaried,874116.47,"₹1,648,985",Business,703.1,7,105,53.4,2018-03-11,1
C2296,39.0,Male,South,Primary,Self-Employed,293909.7,"₹5,190,014",Business,750.4,1,61,59.0,2018-01-06,1
C2297,42.0,Male,East,Primary,Business,510826.39,"₹402,200",Business,589.5,0,91,40.03,2016-06-29,0
C2298,55.0,Male,South,Graduate,Business,168339.81,"₹405,385",Car,,6,103,39.76,2025-04-05,1
C2299,67.0,Male,North,Primary,Business,1275954.59,"₹1,039,909",Other,813.0,6,149,85.91,2023-09-26,0
C2300,,Female,West,Graduate,Salaried,644390.39,"₹97,596",Education,682.2,2,107,54.54,2026-06-01,0
C2301,70.0,,South,Post-Graduate,Business,458933.92,"₹95,376",Business,720.6,2,100,35.57,2015-01-19,0
C2302,68.0,Female,West,Primary,Unemployed,571989.58,"₹541,002",Medical,753.8,0,76,91.74,2023-03-05,0
C2303,28.0,Female,West,Primary,Unemployed,1050608.31,"₹134,001",Home,607.4,5,89,56.56,2017-10-16,0
C2304,18.0,Male,South,Graduate,Salaried,624859.72,"₹734,478",Medical,699.3,0,71,61.18,2020-11-07,0
C2305,34.0,Male,East,Post-Graduate,Self-Employed,265716.44,"₹452,772",Home,684.5,6,77,86.17,2016-12-17,1
C2306,64.0,Male,South,Post-Graduate,Business,321532.78,"₹117,704",Car,589.5,6,43,16.94,2024-05-02,0
C2307,33.0,Other,West,Primary,Salaried,506024.57,"₹160,538",Medical,646.6,0,20,57.94,2020-09-23,0
C2308,40.0,Female,North,Primary,Business,2242768.28,"₹3,099,767",Other,688.0,6,140,39.77,2020-01-03,1
C2309,68.0,Male,South,Post-Graduate,Unemployed,678681.35,"₹2,234,573",Business,740.0,7,61,115.03,2020-03-20,1
C2310,50.0,Male,South,Primary,Salaried,651316.44,"₹448,280",Car,680.7,5,109,34.14,2024-05-09,0
C2311,20.0,Female,South,Primary,Self-Employed,278030.76,"₹230,311",Home,602.7,7,99,60.14,2022-06-18,1
C2312,,Male,North,Secondary,Business,214055.73,"₹625,259",Other,643.1,7,127,80.17,2021-02-02,1
C2313,64.0,Female,East,Post-Graduate,Self-Employed,341581.21,"₹278,017",Education,706.9,4,45,236.33,2023-08-14,1
C2314,24.0,Male,East,Graduate,Business,289288.87,"₹341,182",Education,734.6,7,152,77.43,2023-11-01,1
C2315,,Male,North,Secondary,Salaried,463595.11,"₹110,064",Car,578.8,4,63,52.41,2025-11-06,0
C2316,65.0,Other,West,Primary,Business,334416.39,"₹140,363",Car,762.6,1,13,53.66,2017-03-13,0
C2317,36.0,Female,South,Secondary,Self-Employed,370991.63,"₹129,819",Business,760.3,4,15,48.06,2025-12-24,0
C2318,31.0,Male,East,Secondary,,1011172.58,"₹156,172",Home,,4,127,41.88,2023-04-16,0
C2319,64.0,Male,East,Primary,Salaried,605324.61,"₹287,425",Education,920.0,8,111,54.42,2022-02-27,0
C2320,30.0,Male,South,Secondary,Business,586983.02,"₹3,554,252",Car,,6,66,37.87,2019-04-28,1
C2321,26.0,Male,South,Primary,Unemployed,775107.51,"₹307,948",Medical,715.6,2,110,38.94,2024-09-06,0
C2322,22.0,Male,South,Graduate,Salaried,604813.64,"₹50,000",Education,654.3,1,72,16.23,2016-09-23,0
C2323,27.0,Female,South,Primary,Salaried,1969094.38,"₹342,270",Home,696.6,2,77,70.46,2023-09-29,0
C2324,25.0,Female,South,Secondary,Salaried,396980.49,,Other,674.3,0,96,178.46,2025-08-25,0
C2325,33.0,Female,East,Post-Graduate,Salaried,1050243.31,"₹239,942",Car,797.2,0,76,20.05,2025-08-23,0
C2326,39.0,Male,North,Secondary,Salaried,762061.18,"₹115,079",Car,662.4,0,99,55.3,2022-11-10,0
C2327,27.0,Female,South,Graduate,Business,147036.26,"₹173,442",Education,647.9,3,169,16.73,2020-01-20,0
C2328,65.0,Male,South,Secondary,Unemployed,427020.21,"₹568,811",Education,563.4,5,105,37.2,2022-12-23,1
C2329,28.0,Other,South,Graduate,Self-Employed,754857.46,"₹178,004",Medical,639.0,4,145,51.28,2026-06-22,0
C2330,49.0,,North,Primary,Unemployed,192445.52,"₹364,639",Home,510.1,0,15,12.52,2020-09-20,1
C2331,23.0,Male,North,Graduate,Self-Employed,1198583.47,"₹72,035",Education,,3,24,35.17,2025-01-20,0
C2332,66.0,Female,West,Post-Graduate,Business,2412763.47,"₹183,119",Medical,657.3,1,107,41.46,2025-02-28,0
C2333,59.0,Female,West,Secondary,Business,108778.82,"₹331,958",Education,568.8,4,58,46.86,2018-07-24,1
C2334,44.0,Female,North,Secondary,Unemployed,375306.79,"₹926,222",Home,636.4,0,155,45.96,2025-02-23,1
C2335,41.0,Male,South,Primary,Self-Employed,402040.16,"₹113,085",Car,689.6,1,118,88.46,2016-04-14,0
C2336,45.0,Female,East,Primary,Unemployed,698793.47,"₹1,435,615",Car,766.3,10,115,29.19,2015-10-05,1
C2337,63.0,Female,North,Post-Graduate,Salaried,535055.74,"₹83,505",Business,685.6,5,161,75.89,2018-10-19,0
C2338,37.0,Male,North,Primary,Salaried,165431.95,"₹456,802",Business,980.0,1,93,23.24,2023-12-07,0
C2339,65.0,Male,North,Post-Graduate,Salaried,141982.41,"₹468,347",Home,649.7,0,144,9.82,2015-10-20,1
C2340,22.0,Other,North,Post-Graduate,Self-Employed,2137071.19,,Car,,3,73,46.41,2024-07-18,0
C2341,29.0,Female,South,Secondary,Business,211521.56,"₹1,178,132",Education,639.0,3,95,26.17,2023-10-04,1
C2342,38.0,Male,South,Graduate,Self-Employed,1010874.77,"₹78,320",Car,668.7,0,1,49.36,2019-10-30,0
C2343,41.0,Male,South,Primary,Unemployed,,"₹123,220",Education,594.8,0,128,27.92,2025-05-14,0
C2344,37.0,Female,South,Secondary,Unemployed,580729.42,"₹1,465,645",Other,740.2,5,68,33.58,2015-09-17,1
C2345,28.0,Female,West,Graduate,Salaried,2333104.29,"₹437,858",Business,726.9,0,195,119.56,2021-10-31,0
C2346,40.0,Female,West,Primary,,450490.51,"₹243,302",Business,663.3,0,79,58.45,2018-11-22,0
C2347,67.0,Male,West,Graduate,Business,1063773.43,"₹299,746",Business,748.2,0,72,125.68,2020-03-29,0
C2348,44.0,Male,East,Graduate,Self-Employed,590427.24,"₹466,267",Education,733.6,3,108,87.44,2024-04-25,0
C2349,67.0,Female,East,Graduate,,463549.07,"₹107,446",Other,716.0,2,167,18.75,2017-06-03,0
C2350,42.0,Male,South,Primary,Business,307934.75,"₹80,644",Other,776.8,0,134,20.76,2025-01-22,0
C2351,41.0,Male,East,Post-Graduate,Self-Employed,1150923.22,"₹1,396,326",Car,723.6,3,94,31.19,2021-06-26,0
C2352,46.0,Female,West,Secondary,Salaried,1316305.42,,Other,690.3,2,28,19.97,2016-10-10,0
C2353,21.0,Female,East,Secondary,Unemployed,106550.9,"₹347,306",Other,741.7,2,162,40.38,2026-05-10,1
C2354,22.0,Male,West,Graduate,Self-Employed,1299627.42,"₹219,771",Medical,803.0,3,57,67.46,2026-05-26,0
C2355,48.0,Male,East,Graduate,Unemployed,1788656.82,"₹181,920",Home,654.1,0,109,60.91,2017-08-28,0
C2356,66.0,Female,West,Graduate,Business,333357.45,"₹99,158",Car,685.2,1,103,82.42,2019-10-27,0
C2357,54.0,Male,South,Primary,Salaried,1241938.92,"₹208,148",Home,620.5,6,48,29.4,2019-11-23,0
C2358,29.0,Male,South,Graduate,Business,651676.64,,Medical,770.1,3,117,44.95,2021-08-05,0
C2359,58.0,Male,North,Graduate,Salaried,296536.63,"₹616,239",Home,650.9,3,67,21.98,2016-11-17,1
C2360,40.0,Male,South,Graduate,Unemployed,252136.28,"₹419,539",Other,579.7,5,137,300.0,2024-06-08,1
C2361,52.0,Female,West,Graduate,Self-Employed,771127.5,"₹186,564",Other,760.3,6,180,16.2,2017-04-30,0
C2362,59.0,Male,East,Post-Graduate,Business,565895.51,"₹138,481",Education,,5,107,114.8,2022-02-15,0
C2363,19.0,Male,West,Secondary,Salaried,,"₹1,410,501",Business,639.0,3,86,66.96,2016-12-29,1
C2364,70.0,Male,West,Primary,Self-Employed,665299.62,"₹313,098",Other,579.1,2,124,89.45,2025-02-09,0
C2365,49.0,Female,East,Primary,Business,2561505.23,"₹300,733",Business,688.1,0,108,54.41,2022-06-16,0
C2366,65.0,Male,West,Post-Graduate,Unemployed,1280813.61,"₹218,197",Medical,516.4,2,82,7.2,2024-06-09,0
C2367,57.0,Male,East,Graduate,Self-Employed,315009.01,"₹423,607",Home,813.2,3,45,40.91,2023-09-12,0
C2368,18.0,Male,North,Secondary,Salaried,1468314.28,"₹142,498",Medical,639.4,3,103,12.13,2019-12-11,0
C2369,24.0,Female,West,Secondary,Salaried,464091.07,"₹1,060,218",Home,752.9,0,126,41.15,2026-06-12,1
C2370,68.0,Male,West,Graduate,Salaried,483475.82,"₹56,619",Other,759.2,1,81,19.32,2025-12-19,0
C2371,45.0,Male,East,Graduate,Self-Employed,,,Home,,5,69,49.45,2025-07-07,0
C2372,67.0,Male,East,Secondary,Unemployed,304457.16,"₹786,805",Other,747.1,3,120,13.16,2024-04-29,1
C2373,50.0,Female,East,Post-Graduate,Business,664208.44,"₹200,311",Education,513.1,2,112,49.56,2017-11-07,0
C2374,38.0,Female,West,Post-Graduate,Business,385200.94,"₹113,614",Other,900.0,0,73,27.77,2024-08-13,0
C2375,65.0,Male,West,Graduate,Business,472832.57,"₹114,194",Medical,728.5,0,95,26.58,2018-01-13,0
C2376,64.0,Female,West,Post-Graduate,Unemployed,229959.9,"₹1,138,116",Education,620.3,3,200,32.01,2025-03-09,1
C2377,37.0,Male,North,Graduate,Self-Employed,1653816.92,"₹696,358",Car,691.8,3,99,61.24,2026-06-19,0
C2378,48.0,Female,North,Post-Graduate,,,,Other,669.1,9,59,34.63,2026-03-06,0
C2379,59.0,Female,West,Graduate,Business,1828126.31,"₹1,379,978",Business,650.5,2,53,30.13,2016-03-19,0
C2380,55.0,Female,South,Secondary,Business,150416.28,"₹1,024,052",Car,628.5,5,50,65.23,2021-10-07,1
C2381,19.0,Male,South,Secondary,Unemployed,1231263.92,"₹715,696",Medical,680.7,2,25,11.87,2021-05-01,0
C2382,41.0,Female,West,Primary,Self-Employed,1098718.5,"₹111,014",Car,765.1,0,62,44.87,2022-02-12,0
C2383,51.0,Male,West,Post-Graduate,Salaried,435353.95,"₹153,483",Medical,681.0,0,110,152.68,2021-10-27,0
C2384,70.0,Female,East,Secondary,Salaried,138377.32,"₹774,296",Other,676.7,3,106,49.85,2024-01-27,1
C2385,34.0,Male,South,Post-Graduate,Self-Employed,307228.08,"₹865,572",Other,597.5,1,98,32.72,2021-08-08,1
C2386,27.0,Female,South,Primary,,1179035.49,"₹64,320",Education,706.9,5,113,36.12,2018-03-23,0
C2387,61.0,Male,East,Post-Graduate,Salaried,667749.89,"₹376,228",Medical,696.6,4,129,119.15,2024-09-21,0
C2388,45.0,Male,South,Post-Graduate,Business,814967.44,"₹905,800",Business,706.7,1,78,246.3,2016-12-08,1
C2389,42.0,Female,West,Primary,Unemployed,223861.83,"₹1,502,282",Business,718.8,6,90,44.58,2015-11-24,1
C2390,68.0,Male,West,Graduate,Business,715023.78,"₹343,987",Other,679.7,0,61,72.49,2019-05-04,0
C2391,29.0,Male,South,Secondary,Self-Employed,,"₹263,928",Education,537.8,8,51,75.9,2023-09-02,1
C2392,31.0,Male,South,Graduate,Unemployed,504672.82,"₹1,930,778",Other,684.3,4,124,107.12,2023-05-18,1
C2393,66.0,Male,East,Graduate,Business,458830.21,"₹260,511",Education,595.5,3,21,21.43,2024-08-11,0
C2394,25.0,Female,West,Secondary,Unemployed,737997.04,"₹1,963,357",Business,,3,60,25.39,2025-01-02,1
C2395,53.0,Female,South,Post-Graduate,Self-Employed,392639.91,"₹411,408",Business,900.0,9,88,106.08,2020-04-14,1
C2396,,Female,South,Graduate,Self-Employed,131381.29,"₹750,391",Business,619.5,0,10,53.26,2023-11-07,1
C2397,27.0,Female,South,Post-Graduate,Unemployed,311263.31,"₹228,449",Medical,,0,30,63.78,2016-07-07,0
C2398,20.0,Male,West,Graduate,Unemployed,,"₹127,669",Business,724.1,4,86,26.0,2025-08-04,0
C2399,30.0,Male,East,Primary,Business,,"₹237,882",Medical,665.4,2,60,24.9,2019-07-29,0
C2400,53.0,Male,West,Secondary,Unemployed,793807.37,"₹265,925",Home,748.1,3,147,65.39,2015-03-09,0
C2401,55.0,Female,West,Post-Graduate,Self-Employed,,"₹98,968",Education,628.6,1,89,49.16,2020-01-23,0
C2402,68.0,Male,South,Post-Graduate,Business,,"₹279,631",Other,,1,96,18.81,2023-07-01,0
C2403,61.0,Male,East,Secondary,Self-Employed,497448.18,"₹281,639",Home,770.0,2,42,160.43,2022-02-27,0
C2404,34.0,Male,South,Post-Graduate,Salaried,197271.57,"₹982,657",Medical,719.8,0,135,93.96,2022-10-08,1
C2405,32.0,Female,South,Secondary,Business,297370.29,"₹164,896",Other,675.7,0,86,76.36,2023-05-19,0
C2406,23.0,Female,West,Secondary,Self-Employed,1100522.13,"₹257,810",Home,712.9,0,137,87.94,2016-06-17,0
C2407,45.0,Male,West,Primary,Salaried,1203196.28,"₹383,019",Medical,801.1,2,29,22.22,2017-12-20,0
C2408,46.0,Female,West,Secondary,Self-Employed,539671.59,"₹301,198",Home,590.2,7,64,44.22,2024-02-28,0
C2409,34.0,Female,East,Post-Graduate,Business,1539092.95,"₹253,776",Education,525.7,3,119,35.88,2015-10-30,0
C2410,43.0,Male,South,Secondary,Salaried,,"₹168,337",Business,662.2,7,133,16.47,2023-05-30,0
C2411,45.0,Male,East,Primary,Business,1325006.16,"₹623,466",Car,512.2,3,107,83.92,2020-12-23,1
C2412,47.0,Male,North,Secondary,Business,2969912.23,"₹113,982",Car,581.7,7,53,29.42,2020-02-10,0
C2413,23.0,Male,North,Primary,,430987.89,"₹142,393",Medical,715.0,2,108,33.2,2026-01-03,0
C2414,67.0,Male,South,Graduate,Unemployed,308354.81,,Other,632.4,0,183,89.51,2015-10-07,0
C2415,60.0,Male,North,Primary,Salaried,586695.5,"₹708,789",Business,759.1,0,119,19.19,2022-06-21,0
C2416,52.0,Male,North,Post-Graduate,,3218763.39,"₹584,469",Education,718.1,0,80,70.38,2017-07-24,0
C2417,35.0,Male,West,Primary,Business,268384.9,"₹780,992",Car,777.4,0,53,74.66,2022-06-17,1
C2418,67.0,Female,West,Secondary,Unemployed,1618638.63,"₹1,290,951",Business,662.8,1,62,7.91,2017-04-17,0
C2419,29.0,Male,West,Post-Graduate,,510418.21,"₹320,880",Home,756.3,0,97,58.4,2023-02-03,0
C2420,58.0,Male,North,Secondary,Business,299434.73,"₹624,092",Medical,,2,132,30.86,2020-01-31,1
C2421,69.0,Other,North,Post-Graduate,Unemployed,1564414.76,"₹177,782",Education,487.6,1,79,76.61,2026-02-11,0
C2422,18.0,Female,West,Graduate,Unemployed,224876.16,"₹184,377",Car,645.6,0,94,79.0,2026-05-14,0
C2423,,Male,East,Secondary,Business,176060.05,"₹175,177",Home,719.4,2,132,35.53,2020-08-19,0
C2424,22.0,Male,North,Post-Graduate,Salaried,2315063.31,"₹361,644",Education,634.7,3,151,32.1,2017-02-28,0
C2425,42.0,Female,North,Graduate,Unemployed,717994.66,"₹642,812",Medical,980.0,0,116,54.8,2015-05-08,0
C2426,18.0,Female,North,Graduate,Unemployed,883752.17,"₹211,816",Car,713.3,5,44,15.89,2025-11-28,0
C2427,42.0,Female,North,Post-Graduate,Self-Employed,627239.57,"₹309,384",Education,663.6,4,102,50.33,2015-05-24,0
C2428,64.0,Male,East,Graduate,Business,159863.82,"₹358,683",Car,,3,103,13.71,2023-06-21,1
C2429,63.0,Male,West,Secondary,Self-Employed,224892.66,"₹388,429",Education,727.0,9,140,27.48,2019-09-24,1
C2430,,Male,West,Graduate,Business,569371.14,"₹1,533,263",Education,709.5,3,74,55.39,2024-09-28,1
C2431,27.0,Male,North,Post-Graduate,Salaried,,"₹265,932",Medical,,1,94,34.44,2016-07-18,0
C2432,57.0,Male,South,Post-Graduate,,338950.21,"₹221,738",Car,858.2,4,95,81.66,2019-02-09,0
C2433,30.0,Female,East,Secondary,Business,1714865.52,"₹346,702",Education,628.9,8,107,50.58,2025-11-26,0
C2434,29.0,Female,East,Post-Graduate,Unemployed,365554.39,"₹332,624",Business,,0,1,25.74,2025-12-31,0
C2435,45.0,Male,West,Primary,Self-Employed,146998.55,"₹1,238,670",Education,603.6,0,119,43.22,2022-07-13,1
C2436,61.0,Other,East,Post-Graduate,Business,601704.31,"₹1,482,912",Education,709.4,4,106,70.2,2019-04-25,1
C2437,62.0,Male,East,Secondary,Salaried,335665.35,"₹176,332",Other,819.3,3,80,162.27,2018-05-27,0
C2438,34.0,Female,North,Graduate,,963532.66,"₹369,943",Home,567.1,3,68,23.62,2023-02-24,0
C2439,29.0,Male,West,Secondary,Self-Employed,192610.67,"₹936,369",Other,768.5,6,113,20.28,2022-07-16,1
C2440,20.0,Male,East,Primary,Unemployed,446009.72,"₹300,020",Medical,,4,116,46.94,2024-06-24,0
C2441,37.0,Male,South,Secondary,Unemployed,258533.66,"₹358,578",Car,581.0,6,159,85.74,2025-03-16,1
C2442,29.0,Male,North,Graduate,Business,,"₹193,547",Medical,120.0,4,65,44.27,2024-09-21,1
C2443,56.0,Male,East,Primary,Unemployed,805727.59,"₹370,286",Home,760.8,5,132,99.83,2023-09-20,0
C2444,29.0,Male,North,Primary,Salaried,321087.95,"₹315,516",Business,606.7,0,100,12.93,2024-01-05,0
C2445,45.0,Female,West,Graduate,Business,324272.89,"₹477,211",Home,,5,21,54.65,2019-07-05,1
C2446,19.0,Male,East,Post-Graduate,Unemployed,647401.43,"₹222,543",Medical,713.6,3,39,55.99,2022-06-10,0
C2447,37.0,Male,East,Secondary,Self-Employed,140490.69,"₹169,309",Home,807.2,0,38,145.16,2026-06-27,1
C2448,53.0,,East,Primary,Salaried,,"₹8,198,134",Car,732.6,3,121,68.98,2024-01-03,1
C2449,68.0,Male,East,Primary,Self-Employed,,"₹205,456",Education,537.8,0,111,17.92,2017-11-02,0
C2450,19.0,Female,North,Post-Graduate,Business,741614.6,"₹116,495",Business,858.4,5,50,23.74,2025-02-21,0
C2451,50.0,Male,North,Primary,Salaried,257859.02,"₹244,663",Other,753.5,7,90,35.11,2024-10-06,0
C2452,33.0,Male,North,Graduate,Salaried,206091.58,,Medical,,0,98,10.46,2022-10-02,1
C2453,47.0,Male,East,Secondary,Unemployed,727139.85,"₹707,660",Medical,750.8,1,89,17.3,2020-02-01,0
C2454,36.0,Female,East,Secondary,Self-Employed,404420.89,"₹203,759",Education,,5,94,51.9,2016-09-15,0
C2455,,Male,East,Secondary,Unemployed,,"₹77,866",Other,838.8,6,117,24.06,2022-04-17,0
C2456,31.0,Male,East,Secondary,Unemployed,1150542.1,"₹385,170",Home,802.7,0,45,26.64,2026-02-16,0
C2457,61.0,Male,East,Primary,Unemployed,356210.24,"₹120,791",Car,,6,122,32.0,2019-06-01,0
C2458,49.0,Female,North,Secondary,Business,569765.59,"₹409,138",Education,621.3,5,177,82.77,2022-01-10,1
C2459,30.0,Male,West,Post-Graduate,Unemployed,,"₹189,567",Business,607.4,5,160,53.39,2017-12-22,0
C2460,57.0,Other,South,Primary,Unemployed,220452.45,"₹335,135",Other,684.2,6,117,87.37,2022-04-26,1
C2461,27.0,Male,North,Post-Graduate,,460123.97,"₹2,165,867",Business,747.3,1,73,68.81,2022-07-26,1
C2462,51.0,,North,Graduate,Salaried,449488.37,"₹1,177,512",Home,715.9,0,98,126.75,2016-08-06,1
C2463,29.0,Male,South,Post-Graduate,Self-Employed,261770.06,"₹643,738",Car,601.3,8,69,38.06,2016-01-10,1
C2464,33.0,Male,South,Secondary,Self-Employed,,"₹54,931",Medical,581.1,2,1,6.98,2025-04-07,0
C2465,28.0,Female,West,Post-Graduate,Unemployed,552423.08,,Home,716.8,0,62,30.42,2019-06-10,1
C2466,43.0,Male,North,Post-Graduate,Salaried,,"₹902,964",Home,548.6,0,88,40.72,2015-03-24,1
C2467,51.0,Male,South,Secondary,Salaried,636514.66,"₹255,064",Business,920.0,3,90,28.37,2018-10-31,0
C2468,24.0,Female,South,Primary,Self-Employed,741080.11,"₹650,690",Medical,615.2,10,76,66.63,2016-04-21,1
C2469,65.0,Female,East,Primary,Unemployed,308424.3,,Medical,562.4,3,91,19.87,2022-07-04,0
C2470,35.0,Male,East,Secondary,Business,271259.6,"₹133,545",Education,762.2,0,127,24.98,2026-03-23,0
C2471,69.0,Female,North,Secondary,,973614.78,"₹85,419",Home,607.4,7,73,33.65,2017-09-16,0
C2472,24.0,Male,West,Primary,,94607.0,"₹93,409",Education,615.1,2,89,54.06,2020-06-08,0
C2473,45.0,Male,North,Post-Graduate,Unemployed,1026438.38,"₹72,221",Medical,568.6,2,123,60.54,2017-01-04,0
C2474,22.0,Female,South,Secondary,Business,,"₹231,921",Home,610.4,2,45,43.36,2018-09-10,0
C2475,31.0,Male,North,Graduate,Self-Employed,51451.02,"₹12,298,315",Car,,0,37,21.28,2024-04-03,1
C2476,37.0,Female,North,Primary,Salaried,619712.59,"₹375,152",Car,658.4,5,113,51.34,2015-12-25,0
C2477,19.0,Female,West,Post-Graduate,Salaried,474591.01,"₹160,348",Medical,670.9,6,4,118.21,2017-11-02,1
C2478,37.0,Other,North,Primary,Unemployed,646538.6,"₹101,012",Car,637.8,0,90,21.01,2024-03-12,0
C2479,59.0,Male,South,Primary,Salaried,40000.0,"₹1,569,252",Car,557.0,3,140,75.01,2023-06-07,1
C2480,70.0,Female,South,Primary,Business,,"₹308,518",Other,726.5,8,112,36.16,2023-03-19,0
C2481,47.0,Male,South,Post-Graduate,Business,395435.32,"₹417,843",Other,614.0,4,21,39.69,2015-05-25,0
C2482,39.0,Female,South,Graduate,,484415.49,"₹968,025",Car,716.7,5,123,211.14,2020-04-30,1
C2483,40.0,Female,East,Primary,Unemployed,175314.57,"₹552,460",Medical,681.7,0,112,57.88,2026-02-15,1
C2484,41.0,Male,South,Primary,Salaried,227648.5,,Home,666.4,5,91,30.53,2015-05-11,1
C2485,37.0,Male,East,Post-Graduate,Business,731016.78,"₹324,145",Education,687.8,2,146,35.56,2015-02-26,0
C2486,43.0,Male,West,Primary,Salaried,514084.31,"₹1,050,177",Business,722.0,0,137,33.59,2019-05-08,1
C2487,46.0,Female,West,Primary,Unemployed,1437071.71,"₹50,482",Medical,643.6,7,76,171.37,2025-05-13,1
C2488,52.0,Female,North,Graduate,Salaried,710695.46,"₹1,885,032",Education,704.2,4,20,24.6,2015-12-02,1
C2489,45.0,Male,East,Graduate,Salaried,1754370.02,"₹398,404",Medical,573.5,2,118,121.68,2019-07-04,0
C2490,47.0,Male,West,Graduate,Salaried,358752.79,"₹119,985",Education,,1,137,70.27,2016-09-07,0
C2491,19.0,Male,West,Secondary,Business,470134.75,"₹673,612",Education,772.9,8,38,25.38,2021-08-27,1
C2492,43.0,Female,East,Secondary,Self-Employed,1158963.26,"₹222,247",Medical,679.0,2,78,121.95,2015-01-25,0
C2493,57.0,Male,East,Post-Graduate,,406519.02,"₹241,375",Car,663.7,0,113,35.06,2015-10-03,0
C2494,51.0,Male,East,Post-Graduate,Business,418594.59,"₹178,836",Business,758.4,4,56,30.42,2018-07-05,0
C2495,41.0,Female,South,Secondary,Salaried,215737.91,"₹68,002",Car,,3,50,51.01,2019-11-09,0
C2496,64.0,Male,South,Secondary,Self-Employed,3234389.87,"₹199,509",Home,,0,146,11.57,2021-03-21,0
C2497,66.0,Male,East,Secondary,Unemployed,,"₹325,157",Business,578.1,7,56,18.45,2023-05-04,0
C2498,70.0,Male,East,Primary,Self-Employed,287096.94,"₹172,585",Car,708.3,0,76,34.69,2026-01-01,0
C2499,38.0,Male,North,Post-Graduate,Unemployed,528135.85,"₹118,072",Car,636.1,0,67,31.67,2015-05-30,0
C2500,22.0,Female,West,Secondary,Unemployed,478909.84,"₹93,600",Home,709.1,1,52,57.29,2018-12-02,0
C2501,39.0,Female,North,Graduate,Unemployed,,"₹693,742",Education,650.6,3,133,32.68,2016-06-05,0
C2502,22.0,Female,South,Secondary,Unemployed,718079.01,"₹240,855",Business,572.7,0,57,35.68,2017-04-19,0
C2503,18.0,Other,East,Secondary,Unemployed,472442.95,"₹475,104",Other,707.7,5,86,82.44,2023-02-07,1
C2504,49.0,Female,West,Secondary,Business,157220.47,"₹707,054",Business,758.7,3,96,45.44,2020-09-11,1
C2505,61.0,Male,East,Graduate,Unemployed,699656.14,"₹110,875",Business,639.5,1,85,104.43,2024-04-29,0
C2506,55.0,Female,East,Secondary,Business,699036.99,"₹211,252",Business,651.5,0,57,104.78,2022-07-06,0
C2507,,Female,North,Secondary,Unemployed,1275918.66,"₹136,017",Business,663.9,0,98,23.95,2016-03-23,0
C2508,27.0,Male,East,Post-Graduate,Business,,"₹331,623",Car,671.9,0,154,27.89,2021-04-13,0
C2509,61.0,Male,South,Post-Graduate,Business,727398.19,"₹348,955",Home,712.7,4,80,10.09,2022-12-09,0
C2510,31.0,Male,East,Primary,Business,362291.7,"₹294,739",Car,710.3,0,90,69.46,2019-08-12,0
C2511,28.0,Female,West,Primary,Unemployed,114201.52,"₹495,410",Car,838.4,1,82,63.6,2019-11-24,1
C2512,52.0,Female,East,Graduate,Self-Employed,,"₹59,948",Medical,,5,109,136.79,2024-05-30,0
C2513,27.0,Male,East,Secondary,Salaried,921897.56,"₹197,921",Business,717.2,6,139,29.03,2022-05-26,0
C2514,19.0,Female,West,Post-Graduate,Salaried,352947.93,"₹1,067,591",Education,693.2,4,64,59.05,2025-07-08,1
C2515,59.0,Female,West,Primary,Salaried,329980.42,"₹499,853",Car,640.2,3,78,21.61,2024-08-17,1
C2516,54.0,Male,West,Graduate,Business,532963.71,,Other,755.5,4,109,13.11,2026-01-04,1
C2517,22.0,Female,South,Post-Graduate,Business,90853.04,"₹344,052",Medical,801.0,0,47,27.02,2021-11-24,1
C2518,49.0,Male,West,Graduate,Salaried,1343727.07,"₹1,309,824",Home,686.1,0,36,32.21,2022-06-23,0
C2519,29.0,Male,North,Primary,Unemployed,283760.36,"₹58,753",Business,590.3,0,102,43.69,2024-07-10,0
C2520,22.0,Female,North,Primary,Salaried,58307.3,"₹1,466,813",Other,677.7,0,94,72.9,2016-04-22,1
C2521,43.0,Female,East,Post-Graduate,Unemployed,798636.31,"₹132,978",Other,706.4,2,119,9.87,2016-05-13,0
C2522,62.0,,East,Secondary,Business,119929.09,"₹257,813",Medical,637.0,0,124,77.93,2024-03-26,1
C2523,25.0,Male,South,Graduate,Salaried,1184816.69,"₹804,324",Business,586.0,3,111,81.9,2020-01-03,0
C2524,45.0,Other,South,Secondary,Self-Employed,756482.16,"₹227,592",Education,668.4,0,79,51.4,2015-06-05,0
C2525,56.0,Male,North,Post-Graduate,,655152.13,"₹179,424",Home,771.9,2,85,7.72,2020-01-20,0
C2526,38.0,Female,East,Graduate,Salaried,753690.97,"₹654,423",Car,720.9,8,148,11.97,2018-01-17,0
C2527,49.0,Male,East,Graduate,Business,50892.72,"₹140,342",Car,682.6,5,55,43.57,2020-01-24,1
C2528,43.0,Female,East,Graduate,Unemployed,154309.11,,Education,539.9,2,77,35.63,2015-12-29,1
C2529,36.0,Female,West,Primary,Self-Employed,476403.88,"₹461,993",Business,626.3,0,99,55.54,2015-01-03,0
C2530,62.0,Male,East,Primary,Unemployed,648955.46,"₹208,566",Other,552.6,2,39,42.9,2016-12-13,0
C2531,19.0,Female,East,Post-Graduate,Business,,"₹364,181",Medical,660.8,1,1,12.24,2024-02-25,0
C2532,24.0,Female,West,Primary,Unemployed,332273.13,"₹170,592",Medical,573.0,1,111,52.25,2024-05-01,0
C2533,66.0,Female,South,Graduate,Business,4213014.1,"₹611,234",Other,650.4,0,1,12.1,2017-03-04,0
C2534,20.0,Female,East,Secondary,Business,338470.7,"₹485,827",Education,810.3,0,117,107.88,2019-09-14,0
C2535,21.0,Female,South,Secondary,Salaried,637841.56,"₹2,764,033",Education,669.3,4,61,18.78,2025-03-16,1
C2536,24.0,Female,North,Graduate,Salaried,238841.47,"₹424,743",Home,683.0,1,73,66.75,2018-08-17,1
C2537,40.0,Female,North,Secondary,Unemployed,326216.37,"₹252,436",Car,501.4,2,71,84.37,2019-05-26,1
C2538,43.0,Male,West,Graduate,Unemployed,771848.02,"₹145,667",Other,775.4,6,37,19.93,2017-12-11,0
C2539,,Male,West,Primary,Unemployed,636917.97,"₹322,453",Business,585.9,5,83,43.98,2025-04-06,0
C2540,61.0,,West,Post-Graduate,Business,264398.33,"₹333,097",Business,576.3,1,59,99.91,2024-09-22,1
C2541,31.0,Female,North,Primary,Unemployed,196732.21,"₹57,899",Business,529.3,3,93,29.99,2018-12-10,0
C2542,49.0,Female,West,Graduate,Unemployed,221328.42,"₹806,422",Other,980.0,3,66,14.75,2018-10-03,1
C2543,50.0,,North,Secondary,Self-Employed,,"₹2,510,338",Business,681.1,1,105,44.47,2015-03-25,1
C2544,26.0,Male,North,Graduate,Business,290045.95,"₹363,276",Home,823.3,0,8,14.69,2025-12-11,0
C2545,25.0,Female,West,Secondary,Business,751962.92,"₹232,471",Business,784.5,0,119,35.64,2023-10-15,0
C2546,29.0,Male,North,Post-Graduate,Self-Employed,587510.69,"₹440,540",Home,668.6,0,116,15.46,2025-06-04,0
C2547,18.0,,East,Secondary,Salaried,482677.78,"₹3,736,188",Business,699.1,3,35,90.6,2017-01-06,1
C2548,33.0,Male,North,Post-Graduate,Business,1093683.79,"₹213,339",Business,640.7,8,69,88.07,2016-09-06,0
C2549,68.0,Other,East,Primary,Business,716852.78,"₹166,998",Other,659.2,0,178,26.18,2022-02-10,0
C2550,18.0,Male,North,Post-Graduate,Business,2429394.94,"₹223,821",Education,743.2,3,45,40.39,2019-08-31,0
C2551,,Male,East,Secondary,Business,1168685.91,"₹130,015",Business,650.1,5,121,13.82,2015-11-18,0
C2552,31.0,Female,South,Graduate,Unemployed,214314.86,"₹777,211",Other,686.8,5,71,23.45,2015-07-31,1
C2553,57.0,Female,North,Secondary,Salaried,203082.29,"₹441,787",Business,,10,34,14.99,2023-02-07,1
C2554,65.0,Male,North,Secondary,Business,1021271.27,"₹126,163",Home,,4,178,50.1,2023-03-02,0
C2555,44.0,Female,North,Post-Graduate,Unemployed,324721.18,"₹89,171",Car,719.3,2,125,33.36,2023-05-17,0
C2556,40.0,Female,South,Post-Graduate,Self-Employed,1050087.86,"₹602,267",Home,672.4,2,75,97.29,2018-11-19,0
C2557,52.0,Female,South,Graduate,Business,415045.87,"₹234,400",Car,777.3,3,72,53.87,2020-03-04,0
C2558,63.0,Male,South,Secondary,Self-Employed,,"₹111,873",Business,836.7,5,126,36.35,2021-04-13,0
C2559,40.0,Female,North,Graduate,Business,,"₹201,313",Medical,620.7,6,149,22.25,2018-12-17,0
C2560,33.0,Female,South,Graduate,Business,1961135.24,"₹173,375",Business,705.7,2,93,48.8,2025-01-30,0
C2561,38.0,Male,West,Secondary,Salaried,1373678.72,"₹262,024",Education,805.2,3,103,56.6,2017-10-20,0
C2562,57.0,Male,West,Secondary,Business,,"₹146,932",Other,742.5,5,85,27.62,2017-12-29,0
C2563,,Female,North,Secondary,Salaried,1180847.46,"₹404,467",Car,785.4,2,98,97.2,2021-02-20,0
C2564,30.0,Female,East,Graduate,Unemployed,559803.14,"₹279,594",Medical,715.5,1,78,51.31,2025-09-30,0
C2565,53.0,Male,East,Post-Graduate,Self-Employed,276775.64,"₹150,643",Business,567.7,3,40,37.96,2016-02-08,0
C2566,52.0,Male,South,Graduate,Unemployed,327423.6,"₹106,916",Home,691.7,4,143,46.33,2016-01-08,0
C2567,54.0,Female,West,Graduate,,440399.82,"₹96,247",Car,587.4,2,71,203.46,2017-05-15,1
C2568,38.0,Female,West,Graduate,Self-Employed,331427.2,"₹411,337",Other,575.8,0,110,160.18,2022-08-15,1
C2569,57.0,Female,East,Post-Graduate,Salaried,880233.47,"₹386,125",Car,804.4,5,64,26.91,2024-01-04,0
C2570,40.0,Female,South,Primary,Unemployed,274693.76,"₹460,344",Other,506.9,6,65,35.99,2017-06-21,1
C2571,59.0,Male,South,Post-Graduate,Salaried,416475.72,,Home,597.6,0,44,26.41,2022-07-13,0
C2572,48.0,Male,South,Post-Graduate,Unemployed,395670.89,"₹74,935",Car,589.7,6,91,43.37,2021-02-01,0
C2573,28.0,Male,East,Graduate,Business,152899.05,"₹301,416",Medical,639.3,0,143,9.41,2023-12-27,1
C2574,53.0,Male,South,Graduate,Business,604097.87,"₹189,501",Medical,673.8,9,132,34.47,2017-02-04,0
C2575,52.0,Female,South,Secondary,Self-Employed,170826.7,"₹75,749",Education,681.9,3,51,50.5,2024-08-28,0
C2576,19.0,Female,North,Primary,Unemployed,463148.19,,Car,806.4,2,111,96.94,2022-05-12,1
C2577,64.0,Female,East,Graduate,,1243020.94,"₹108,834",Home,670.5,0,88,41.74,2017-10-14,0
C2578,48.0,Female,West,Secondary,Self-Employed,110825.13,"₹454,135",Car,783.1,3,153,42.39,2017-08-10,1
C2579,65.0,Female,West,Post-Graduate,Salaried,,"₹198,378",Education,566.2,4,164,28.64,2024-03-23,0
C2580,49.0,Male,South,Graduate,Business,326558.08,"₹938,925",Education,740.5,0,51,15.94,2015-06-25,1
C2581,37.0,Female,East,Graduate,Unemployed,85493.77,"₹719,907",Business,770.7,0,152,117.64,2025-04-05,1
C2582,42.0,Other,West,Post-Graduate,Business,3044023.08,"₹662,402",Medical,920.0,3,75,181.3,2024-10-25,0
C2583,32.0,Female,South,Graduate,Salaried,949068.74,"₹156,180",Home,693.7,0,138,6.82,2015-01-11,0
C2584,47.0,Female,West,Secondary,Unemployed,323835.52,"₹50,000",Home,616.9,1,64,18.03,2015-02-14,0
C2585,60.0,Female,South,Secondary,Self-Employed,1867393.57,"₹166,172",Home,664.7,0,93,63.13,2017-07-16,0
C2586,39.0,Male,East,Secondary,Business,896937.33,"₹136,102",Home,645.1,8,58,25.71,2018-05-19,0
C2587,40.0,Male,West,Graduate,Business,1597354.59,,Home,900.0,5,1,67.66,2025-06-17,0
C2588,24.0,Female,South,Primary,Business,368586.4,"₹4,095,441",Education,771.4,4,101,176.42,2019-05-17,1
C2589,18.0,Female,North,Post-Graduate,Salaried,600525.94,"₹717,164",Home,,0,91,29.09,2017-04-25,0
C2590,49.0,Male,South,Primary,Self-Employed,327705.94,"₹420,480",Car,602.2,0,166,152.1,2018-11-15,1
C2591,18.0,Male,South,Secondary,Business,1607451.49,"₹238,389",Other,,0,59,107.63,2025-02-16,0
C2592,65.0,Male,North,Primary,Salaried,661160.19,"₹1,455,018",Other,,0,100,11.7,2017-08-13,1
C2593,67.0,Male,West,Secondary,Salaried,,"₹551,183",Medical,652.6,5,26,52.76,2019-06-29,0
C2594,56.0,Male,South,Post-Graduate,Self-Employed,821961.67,"₹88,022",Business,,3,118,59.38,2015-07-02,0
C2595,67.0,Male,West,Graduate,,470233.32,"₹5,807,293",Education,645.4,2,91,52.2,2020-04-21,1
C2596,47.0,Male,North,Primary,Unemployed,135841.77,"₹253,893",Education,631.9,5,139,27.23,2021-06-30,1
C2597,47.0,Female,East,Graduate,Business,954871.75,"₹690,047",Business,734.6,4,75,55.18,2017-12-21,0
C2598,63.0,Male,West,Primary,Self-Employed,189725.17,"₹243,661",Education,712.5,6,138,31.4,2018-04-21,0
C2599,64.0,Female,North,Secondary,Unemployed,280679.63,"₹281,946",Medical,637.7,1,79,17.85,2019-10-04,0
C2600,25.0,Female,North,Secondary,Self-Employed,538315.68,"₹317,234",Education,695.8,5,92,40.04,2022-03-21,0
C2601,18.0,Male,North,Post-Graduate,Salaried,255466.07,"₹98,431",Education,727.8,5,92,216.29,2018-12-22,1
C2602,32.0,Female,North,Graduate,Business,1186375.68,"₹135,840",Other,497.5,1,97,18.09,2023-08-20,0
C2603,31.0,Male,East,Graduate,Business,113743.61,"₹396,541",Education,821.6,2,38,26.62,2016-03-15,1
C2604,56.0,Male,North,Secondary,Salaried,647796.08,"₹218,458",Other,,3,47,212.5,2019-07-08,1
C2605,53.0,Male,South,Post-Graduate,,463679.16,"₹568,371",Medical,623.8,3,74,12.91,2022-11-07,0
C2606,19.0,Female,North,Secondary,Salaried,279669.92,"₹123,113",Business,792.9,0,102,35.87,2016-05-19,0
C2607,48.0,Female,East,Post-Graduate,Business,347359.29,"₹308,643",Car,654.9,0,149,30.53,2020-02-04,0
C2608,24.0,Male,East,Graduate,Business,163372.76,"₹177,575",Education,645.7,3,128,37.94,2026-04-12,0
C2609,68.0,Female,South,Secondary,Unemployed,1421369.63,"₹106,629",Car,836.3,0,57,30.19,2022-01-16,0
C2610,60.0,Male,West,Primary,Business,322719.45,"₹381,340",Home,667.6,2,111,114.79,2022-11-03,1
C2611,29.0,Female,East,Primary,Unemployed,642979.09,"₹306,434",Medical,573.9,2,91,31.76,2021-08-21,0
C2612,66.0,Female,East,Primary,Business,228494.93,"₹94,402",Education,662.3,0,84,46.06,2016-09-27,0
C2613,62.0,Male,South,Secondary,Salaried,1054105.35,"₹422,402",Education,561.5,2,49,48.16,2017-03-30,0
C2614,24.0,Male,South,Graduate,Self-Employed,222248.18,"₹747,876",Medical,691.4,3,58,33.53,2024-11-19,1
C2615,,Male,South,Post-Graduate,Salaried,401470.54,"₹103,011",Other,,3,47,39.47,2024-02-15,0
C2616,33.0,Male,South,Secondary,Business,555345.15,"₹488,416",Business,719.6,4,101,113.5,2021-11-07,1
C2617,34.0,Female,North,Graduate,Unemployed,554965.56,"₹114,620",Home,736.2,3,59,152.89,2026-06-01,0
C2618,65.0,Female,North,Secondary,Unemployed,559161.91,"₹550,751",Medical,664.8,4,121,16.75,2023-08-30,0
C2619,,Female,East,Graduate,Unemployed,,"₹885,865",Home,639.1,2,99,69.65,2024-10-25,1
C2620,50.0,Male,South,Secondary,Business,810976.11,"₹259,244",Home,557.1,0,65,58.99,2026-04-02,0
C2621,,Female,East,Graduate,Salaried,521176.55,"₹477,127",Home,806.6,6,105,18.92,2022-04-26,0
C2622,40.0,,West,Secondary,Unemployed,656844.43,"₹418,082",Other,597.2,2,67,38.69,2025-10-21,0
C2623,68.0,Female,South,Graduate,Unemployed,2758170.49,"₹154,340",Car,750.0,5,160,25.11,2019-11-14,0
C2624,63.0,Male,South,Secondary,Unemployed,247380.33,"₹251,310",Medical,698.6,2,77,84.12,2021-01-29,0
C2625,60.0,Male,South,Secondary,Self-Employed,178783.01,"₹132,848",Car,596.9,0,72,40.54,2017-06-27,0
C2626,59.0,Male,West,Graduate,Self-Employed,229746.9,"₹590,111",Education,678.1,1,10,159.66,2026-01-16,1
C2627,67.0,Male,South,Secondary,Business,1522064.05,"₹167,611",Home,662.7,3,165,65.09,2016-02-17,0
C2628,43.0,Female,North,Secondary,Salaried,709489.33,"₹222,202",Other,,0,87,34.91,2017-02-05,0
C2629,64.0,Female,East,Post-Graduate,Self-Employed,284838.17,"₹50,000",Other,738.6,3,143,15.52,2021-06-29,0
C2630,47.0,Male,North,Secondary,Unemployed,1390846.8,"₹93,927",Business,674.7,1,108,86.19,2022-05-08,0
C2631,25.0,Female,South,Post-Graduate,Self-Employed,155655.66,"₹124,220",Education,649.4,0,51,15.57,2021-10-23,0
C2632,34.0,Female,North,Post-Graduate,Salaried,857123.15,"₹309,375",Home,689.7,6,84,10.43,2015-01-16,0
C2633,53.0,Male,South,Graduate,Salaried,,"₹1,306,841",Business,824.6,3,113,32.82,2020-08-04,0
C2634,65.0,Male,North,Secondary,Business,1158193.26,,Other,810.2,0,42,37.96,2018-12-24,0
C2635,55.0,Male,West,Primary,Self-Employed,1038364.4,"₹1,501,330",Car,705.0,2,103,34.15,2024-04-20,0
C2636,20.0,Other,South,Primary,Unemployed,1740857.56,"₹343,189",Education,738.0,0,57,16.56,2020-10-01,0
C2637,70.0,Male,North,Primary,Business,338296.94,"₹141,279",Home,717.0,3,134,30.25,2020-01-12,0
C2638,26.0,Male,West,Secondary,Unemployed,2372645.73,"₹1,882,659",Other,706.9,2,1,52.09,2017-09-14,0
C2639,35.0,Male,East,Primary,Unemployed,155101.62,"₹239,346",Car,643.1,2,130,60.04,2022-11-27,1
C2640,62.0,Male,West,Graduate,Unemployed,147766.33,"₹201,510",Other,746.2,8,70,50.08,2024-07-30,1
C2641,36.0,Other,West,Secondary,Self-Employed,728473.7,"₹50,000",Medical,684.2,0,177,38.21,2017-08-15,0
C2642,28.0,Female,West,Secondary,Unemployed,614268.66,"₹400,921",Car,,6,106,48.58,2018-05-14,0
C2643,48.0,Male,East,Graduate,Business,700675.33,"₹1,037,877",Business,,0,111,66.53,2016-09-13,1
C2644,37.0,Male,West,Post-Graduate,Unemployed,369251.0,"₹483,503",Education,539.1,1,85,37.59,2017-12-08,1
C2645,64.0,Female,South,Primary,Unemployed,556367.05,"₹361,962",Home,694.8,4,61,44.42,2025-09-22,0
C2646,20.0,Male,West,Secondary,Self-Employed,,"₹368,647",Medical,718.9,3,10,24.49,2019-02-10,0
C2647,29.0,Female,East,Primary,Salaried,1091426.94,"₹118,581",Medical,651.9,2,91,32.35,2025-06-18,0
C2648,31.0,Male,South,Primary,Unemployed,83983.73,"₹1,165,701",Other,640.1,0,96,28.83,2017-04-13,1
C2649,56.0,Female,West,Post-Graduate,Salaried,757815.95,"₹100,919",Business,812.9,2,98,77.54,2023-05-16,0
C2650,52.0,Male,East,Secondary,Business,157507.56,"₹388,254",Home,609.8,6,158,96.95,2022-03-13,1
C2651,26.0,Male,East,Secondary,,3527491.58,"₹282,029",Medical,634.2,0,87,59.51,2022-02-11,0
C2652,26.0,Male,East,Post-Graduate,,669478.23,"₹132,392",Home,691.4,1,104,89.77,2021-09-14,0
C2653,56.0,Female,North,Post-Graduate,Self-Employed,474266.94,"₹598,727",Medical,760.5,3,71,15.76,2019-02-02,0
C2654,23.0,Female,East,Post-Graduate,Business,,,Home,614.7,0,126,13.61,2022-12-30,0
C2655,23.0,Female,West,Graduate,Unemployed,162047.94,"₹524,647",Education,768.4,2,98,20.94,2025-12-02,1
C2656,56.0,Male,North,Post-Graduate,Self-Employed,220246.43,"₹163,415",Business,619.9,5,61,48.01,2019-01-10,0
C2657,39.0,Male,West,Graduate,Business,505719.19,"₹456,102",Medical,819.6,0,40,49.95,2017-05-09,0
C2658,53.0,Other,West,Graduate,Business,709152.39,"₹279,350",Business,735.2,1,119,36.68,2015-07-11,0
C2659,20.0,Female,East,Graduate,Self-Employed,145248.07,"₹182,472",Home,658.0,3,84,29.34,2016-02-24,0
C2660,59.0,Male,West,Secondary,Unemployed,286161.22,,Other,610.3,5,99,20.53,2024-06-22,0
C2661,66.0,Other,East,Post-Graduate,Salaried,322469.66,"₹339,576",Education,,3,101,56.74,2016-12-29,1
C2662,55.0,Male,South,Graduate,Business,625059.27,"₹312,537",Business,774.1,8,63,35.31,2020-10-20,0
C2663,57.0,Female,North,Primary,Salaried,880050.58,"₹284,680",Business,744.8,0,45,86.84,2018-03-22,0
C2664,62.0,Female,West,Graduate,Salaried,82158.05,"₹206,438",Other,591.7,4,128,111.85,2023-11-11,1
C2665,43.0,Male,West,Secondary,Business,201987.25,"₹905,763",Medical,663.6,1,119,30.52,2021-08-21,1
C2666,,Male,North,Post-Graduate,Business,923028.17,"₹104,689",Education,647.1,1,90,54.06,2017-05-06,0
C2667,24.0,Male,East,Post-Graduate,Unemployed,548086.33,"₹171,709",Education,628.0,0,116,70.67,2023-01-26,0
C2668,40.0,Female,North,Primary,Self-Employed,112840.94,"₹572,920",Car,,1,118,80.33,2023-03-12,1
C2669,18.0,,West,Graduate,Business,602027.29,"₹935,147",Other,623.5,2,93,40.64,2015-01-14,1
C2670,46.0,Male,South,Post-Graduate,Salaried,169933.19,"₹284,978",Other,676.7,2,131,27.67,2022-06-05,1
C2671,45.0,Female,West,Secondary,Self-Employed,823430.96,"₹7,204,076",Medical,756.5,2,83,138.3,2024-03-24,1
C2672,20.0,Female,North,Post-Graduate,Business,1003140.17,"₹56,942",Home,569.4,3,64,87.35,2022-06-27,0
C2673,47.0,Male,South,Primary,Business,475769.58,"₹936,378",Car,680.4,4,47,56.87,2020-04-02,1
C2674,62.0,Male,South,Secondary,Business,,"₹846,388",Other,654.6,3,80,47.71,2022-04-30,1
C2675,36.0,Male,East,Secondary,Salaried,228647.77,"₹520,820",Education,669.6,5,82,51.85,2020-05-31,1
C2676,20.0,Female,West,Primary,Salaried,1191930.58,"₹320,429",Business,698.0,4,111,37.29,2022-11-20,0
C2677,,Male,West,Graduate,Business,494056.9,"₹50,000",Car,607.8,4,106,28.03,2022-12-20,0
C2678,30.0,Female,North,Graduate,Unemployed,220757.32,"₹987,577",Medical,,0,90,21.71,2021-07-02,1
C2679,33.0,Female,West,Secondary,Unemployed,266511.07,"₹287,896",Education,673.7,1,45,36.65,2024-09-28,0
C2680,52.0,Male,South,Post-Graduate,Unemployed,568142.05,"₹1,175,777",Education,689.5,3,136,40.73,2017-04-22,1
C2681,60.0,Other,East,Secondary,Self-Employed,394696.1,"₹102,217",Medical,842.3,6,95,15.37,2021-09-15,0
C2682,58.0,Female,North,Post-Graduate,Unemployed,605821.68,"₹79,394",Business,604.7,7,47,40.95,2022-12-27,0
C2683,28.0,Female,East,Secondary,Salaried,393114.04,"₹263,747",Home,656.9,4,70,69.08,2025-01-13,0
C2684,55.0,Female,North,Secondary,Self-Employed,,"₹757,730",Education,666.8,0,106,40.97,2016-05-18,1
C2685,,Female,East,Secondary,Salaried,352783.08,"₹715,313",Medical,708.1,3,94,144.14,2026-02-06,1
C2686,31.0,Male,North,Graduate,Business,1238912.91,"₹329,490",Education,550.8,3,88,137.13,2019-05-01,1
C2687,70.0,Male,South,Graduate,Salaried,9102695.61,"₹853,660",Car,564.8,3,74,45.54,2017-06-25,0
C2688,23.0,Male,East,Secondary,Business,537911.16,"₹2,562,473",Car,708.0,0,191,22.47,2016-03-19,1
C2689,,Male,West,Post-Graduate,Unemployed,670338.11,"₹581,290",Business,567.6,0,71,74.32,2024-02-05,0
C2690,49.0,Male,South,Primary,Salaried,,,Education,848.7,1,63,7.9,2022-10-04,0
C2691,29.0,Male,West,Secondary,Business,292815.4,"₹129,553",Car,473.5,2,51,71.29,2022-06-16,0
C2692,39.0,Male,South,Secondary,Unemployed,1120371.79,"₹348,991",Other,572.1,8,148,80.82,2026-01-30,1
C2693,63.0,Female,East,Secondary,Self-Employed,978946.64,"₹430,688",Medical,725.5,3,69,63.97,2019-09-23,0
C2694,37.0,Male,South,Graduate,Salaried,792845.12,"₹476,295",Medical,,0,67,41.41,2021-10-27,0
C2695,22.0,Female,West,Graduate,Salaried,2490957.32,"₹188,441",Medical,644.3,0,118,85.8,2018-07-03,0
C2696,31.0,Male,West,Primary,Unemployed,1400622.77,"₹67,223",Medical,825.7,4,107,15.45,2021-08-16,0
C2697,68.0,Female,West,Primary,Business,694485.89,,Medical,576.5,4,75,37.73,2021-02-18,1
C2698,19.0,,East,Secondary,Business,162397.23,"₹234,080",Car,701.7,1,59,63.74,2018-06-11,0
C2699,63.0,Male,North,Graduate,Unemployed,406796.13,"₹174,175",Medical,682.7,1,142,26.23,2025-11-23,0
C2700,42.0,Female,South,Secondary,Business,2361080.07,"₹132,704",Home,618.5,3,32,65.29,2020-01-15,0
C2701,66.0,Female,North,Post-Graduate,Unemployed,453529.75,"₹654,055",Other,769.6,0,104,48.26,2017-07-28,0
C2702,53.0,Male,West,Post-Graduate,Salaried,512725.91,"₹495,418",Other,680.6,0,113,187.17,2021-09-17,1
C2703,62.0,Female,East,Primary,Salaried,1113822.0,"₹213,714",Medical,,3,114,10.86,2026-03-31,0
C2704,59.0,Other,South,Post-Graduate,Salaried,544922.37,"₹271,321",Education,596.0,3,88,7.16,2019-01-09,0
C2705,43.0,Male,North,Secondary,Business,192237.82,"₹1,070,752",Home,,6,65,14.06,2024-12-02,1
C2706,35.0,Female,South,Graduate,Unemployed,238283.51,"₹244,506",Business,762.5,5,48,40.21,2026-04-11,0
C2707,43.0,,North,Post-Graduate,Business,724582.25,"₹128,239",Education,786.0,3,90,31.4,2020-01-24,0
C2708,,Male,East,Secondary,Unemployed,236755.19,,Education,656.5,0,106,24.29,2026-05-15,0
C2709,49.0,Female,East,Graduate,Unemployed,170114.71,"₹129,065",Medical,684.7,8,119,54.23,2024-06-24,0
C2710,39.0,Female,West,Post-Graduate,Unemployed,528252.32,"₹174,379",Car,633.4,3,117,34.71,2019-09-05,0
C2711,42.0,Female,North,Secondary,Unemployed,879092.52,"₹136,110",Business,679.1,2,103,33.63,2015-06-24,0
C2712,36.0,Male,North,Secondary,,279346.39,"₹214,968",Other,694.9,3,50,58.94,2018-03-17,0
C2713,69.0,Male,South,Secondary,Salaried,478779.4,"₹329,211",Other,625.7,0,86,24.52,2025-01-12,0
C2714,54.0,Other,South,Post-Graduate,Unemployed,6197490.24,"₹169,649",Other,586.3,0,33,20.76,2015-04-29,0
C2715,36.0,Male,West,Graduate,Salaried,3702600.0,"₹578,078",Medical,562.6,0,93,33.28,2022-01-01,0
C2716,33.0,Female,South,Post-Graduate,Self-Employed,142596.11,"₹457,999",Other,726.0,3,132,31.89,2019-06-16,1
C2717,43.0,Male,East,Primary,Business,,"₹81,195",Medical,,2,151,48.12,2018-05-23,0
C2718,29.0,Male,South,Primary,Unemployed,1105915.65,"₹141,754",Home,,2,80,68.57,2016-09-06,0
C2719,48.0,Male,South,Secondary,Self-Employed,2989948.63,"₹603,738",Education,537.3,2,116,15.93,2019-07-25,0
C2720,66.0,Male,East,Secondary,Business,306954.04,"₹465,292",Home,636.2,2,156,10.41,2019-04-04,0
C2721,21.0,Female,North,Graduate,Unemployed,2040402.12,"₹196,670",Car,695.1,0,191,56.8,2021-09-30,0
C2722,40.0,Male,East,Post-Graduate,Self-Employed,934520.75,"₹209,072",Home,622.0,0,98,62.83,2024-04-22,0
C2723,62.0,Female,West,Post-Graduate,Self-Employed,579951.86,"₹370,654",Car,660.9,2,123,55.16,2019-01-06,0
C2724,21.0,Male,East,Primary,Salaried,468106.74,"₹220,778",Home,665.4,4,48,93.07,2024-05-05,0
C2725,70.0,Male,East,Post-Graduate,Salaried,,"₹704,941",Medical,793.4,5,85,72.81,2015-06-29,1
C2726,46.0,Female,West,Graduate,Self-Employed,,"₹314,119",Car,824.9,4,137,38.23,2015-08-19,0
C2727,33.0,Male,East,Secondary,Self-Employed,96521.96,"₹144,593",Home,732.7,0,134,19.33,2023-10-26,0
C2728,34.0,Male,West,Primary,Business,130783.39,"₹629,389",Other,711.3,1,52,25.69,2021-08-14,1
C2729,32.0,Male,South,Primary,Business,870975.98,"₹1,531,965",Education,648.5,2,29,66.76,2018-05-30,1
C2730,52.0,Female,North,Graduate,Salaried,2510765.89,"₹165,089",Education,481.4,1,72,46.05,2022-11-30,0
C2731,43.0,Other,East,Primary,,535626.36,"₹161,147",Medical,606.1,0,77,64.86,2016-09-14,0
C2732,30.0,Female,East,Primary,Business,392690.46,"₹141,202",Other,663.6,8,92,228.87,2024-06-12,1
C2733,21.0,Male,North,Secondary,Salaried,1194251.32,"₹1,955,178",Car,714.8,5,95,31.46,2022-05-05,1
C2734,70.0,Female,West,Primary,Self-Employed,612614.66,"₹375,852",Home,524.6,4,104,17.83,2020-12-30,0
C2735,60.0,,West,Graduate,Unemployed,342101.47,"₹68,692",Education,667.6,1,113,88.94,2026-06-14,0
C2736,22.0,Male,South,Graduate,Business,483055.33,"₹282,098",Education,783.3,2,63,125.31,2015-02-16,0
C2737,41.0,Male,East,Post-Graduate,Salaried,930996.36,"₹460,601",Car,516.8,0,72,29.07,2026-01-17,0
C2738,25.0,Male,North,Secondary,Salaried,671696.98,"₹187,134",Car,590.2,0,92,48.11,2024-10-19,0
C2739,22.0,Male,South,Graduate,Business,339310.12,"₹446,437",Home,593.3,7,92,57.77,2023-11-03,1
C2740,32.0,Female,North,Graduate,Salaried,469981.13,"₹226,176",Car,724.5,0,109,25.98,2024-12-15,0
C2741,21.0,Male,South,Secondary,Self-Employed,2160089.3,"₹202,568",Education,812.6,9,109,46.74,2020-11-18,0
C2742,53.0,Male,South,Secondary,Self-Employed,173661.37,"₹678,937",Business,743.0,2,19,16.75,2018-12-11,1
C2743,32.0,Female,East,Primary,Business,766939.51,"₹129,565",Education,673.6,3,119,34.7,2022-11-16,0
C2744,46.0,Male,South,Post-Graduate,,184604.39,"₹236,492",Medical,708.5,7,144,15.19,2020-08-24,0
C2745,,Male,South,Post-Graduate,Unemployed,332130.15,"₹131,750",Education,526.3,2,122,51.94,2024-03-24,0
C2746,55.0,Female,South,Graduate,Salaried,439474.25,"₹264,985",Home,671.7,3,51,116.16,2019-01-20,0
C2747,36.0,Male,South,Primary,Unemployed,623216.47,"₹695,828",Education,692.2,5,39,115.1,2025-09-13,1
C2748,,Male,South,Post-Graduate,Unemployed,490425.44,"₹217,473",Other,749.5,5,43,211.9,2019-10-02,1
C2749,55.0,Male,East,Post-Graduate,Business,426190.27,"₹172,305",Business,639.1,5,88,61.0,2024-04-11,0
C2750,,Female,South,Post-Graduate,Unemployed,233753.92,"₹107,347",Education,613.7,6,134,32.07,2025-01-16,0
C2751,55.0,Male,North,Graduate,Business,466082.61,"₹193,507",Business,805.4,1,99,17.13,2025-04-27,0
C2752,27.0,Male,South,Post-Graduate,Salaried,781105.25,"₹267,994",Business,593.8,4,157,76.84,2016-09-16,0
C2753,50.0,Female,South,Graduate,Unemployed,312537.69,"₹1,422,361",Home,677.7,1,121,35.79,2017-08-17,1
C2754,40.0,Female,West,Secondary,Business,4715783.89,"₹419,998",Other,605.0,0,20,23.61,2023-12-10,0
C2755,24.0,Male,West,Secondary,Salaried,577198.41,,Car,696.1,8,88,31.76,2023-08-26,0
C2756,,Male,West,Secondary,Unemployed,451332.73,"₹414,035",Home,592.2,3,136,30.91,2017-12-09,0
C2757,69.0,Female,West,Primary,Unemployed,469167.77,"₹304,310",Car,748.8,5,78,42.6,2015-08-03,0
C2758,28.0,Male,East,Graduate,Unemployed,438512.77,"₹204,588",Medical,600.4,0,151,68.52,2019-11-25,0
C2759,69.0,Female,South,Secondary,Self-Employed,768330.63,"₹448,655",Business,608.3,1,56,22.74,2018-10-04,0
C2760,31.0,Male,East,Primary,Unemployed,315717.51,"₹416,382",Business,644.9,2,109,108.78,2020-08-19,1
C2761,25.0,Female,North,Post-Graduate,Unemployed,557773.81,"₹257,679",Car,703.0,2,147,14.69,2021-11-27,0
C2762,31.0,Female,South,Secondary,Self-Employed,384800.74,"₹211,420",Car,690.0,2,65,47.75,2015-07-09,0
C2763,41.0,Male,North,Graduate,Salaried,245480.24,"₹202,136",Home,646.5,6,42,24.7,2022-04-04,0
C2764,56.0,Female,South,Post-Graduate,Self-Employed,520481.6,"₹512,343",Car,735.7,2,27,81.95,2021-09-18,0
C2765,69.0,Male,East,Graduate,Unemployed,820215.57,"₹328,954",Business,652.3,3,106,9.91,2020-09-10,0
C2766,52.0,Female,North,Post-Graduate,Unemployed,522436.75,"₹358,386",Other,,0,97,44.18,2016-09-13,0
C2767,62.0,Female,East,Secondary,Business,672612.68,"₹881,608",Car,691.8,1,99,76.89,2019-05-06,1
C2768,59.0,Other,West,Graduate,Business,344103.49,,Education,680.4,5,78,39.28,2020-02-20,0
C2769,28.0,Male,North,Graduate,Unemployed,695036.35,"₹658,819",Other,777.0,5,101,24.25,2017-08-06,0
C2770,55.0,Female,South,Graduate,Unemployed,2070378.87,"₹282,267",Home,659.5,2,79,28.85,2021-01-28,0
C2771,46.0,,West,Secondary,Business,123124.39,"₹574,203",Home,691.6,0,168,50.09,2022-03-05,1
C2772,53.0,Female,South,Secondary,Self-Employed,235902.05,"₹480,670",Education,685.5,1,72,32.18,2019-03-18,1
C2773,39.0,Male,South,Graduate,Salaried,810586.14,"₹326,926",Car,552.2,3,99,110.15,2024-07-14,1
C2774,64.0,Female,East,Post-Graduate,Unemployed,909232.61,"₹315,025",Home,667.1,4,58,15.21,2017-10-20,0
C2775,20.0,Female,East,Secondary,Salaried,427044.45,"₹165,157",Home,578.5,0,213,109.57,2016-07-03,0
C2776,35.0,Male,South,Graduate,Self-Employed,205275.66,"₹620,308",Business,801.6,1,117,41.3,2015-12-26,1
C2777,54.0,Male,East,Secondary,Unemployed,,"₹412,400",Medical,725.5,1,101,91.2,2015-10-14,0
C2778,,Male,East,Primary,Business,664326.21,"₹333,702",Education,920.0,1,95,58.63,2017-01-10,0
C2779,32.0,Male,South,Secondary,Self-Employed,256953.2,"₹265,871",Car,614.1,1,145,45.0,2020-01-12,0
C2780,41.0,Male,South,Secondary,Business,532336.69,"₹2,009,834",Other,762.4,4,101,29.26,2017-11-20,1
C2781,70.0,Male,North,Graduate,Business,675672.3,"₹923,067",Business,801.8,3,9,39.67,2025-10-23,0
C2782,61.0,Female,West,Secondary,Salaried,389193.56,"₹943,445",Home,645.0,4,120,27.49,2021-09-10,1
C2783,36.0,Male,North,Primary,Self-Employed,134642.37,"₹632,912",Business,650.1,5,83,42.53,2024-07-12,1
C2784,47.0,Female,East,Post-Graduate,Business,350829.03,"₹302,248",Medical,695.5,3,89,14.4,2024-02-12,0
C2785,40.0,Male,North,Primary,Unemployed,212911.27,"₹366,318",Home,646.9,1,97,25.26,2020-03-09,1
C2786,37.0,Female,West,Graduate,Self-Employed,395367.15,"₹481,873",Other,790.5,0,36,32.12,2021-11-04,0
C2787,60.0,Female,West,Secondary,Self-Employed,332349.36,"₹492,463",Business,644.4,1,176,16.91,2021-06-22,0
C2788,19.0,Male,West,Secondary,Unemployed,291256.0,"₹533,752",Other,621.5,0,148,20.41,2019-12-28,1
C2789,66.0,Female,North,Secondary,Business,545425.94,"₹250,071",Education,655.3,3,111,23.06,2024-05-04,0
C2790,42.0,Male,West,Primary,Unemployed,179406.44,"₹112,926",Car,696.2,0,1,21.74,2016-08-10,0
C2791,57.0,Female,West,Secondary,Unemployed,310793.04,"₹368,453",Car,540.0,3,87,17.77,2016-08-13,0
C2792,52.0,Female,West,Post-Graduate,Salaried,1177335.26,"₹249,463",Business,510.4,4,48,55.31,2015-11-01,0
C2793,63.0,Female,North,Secondary,Unemployed,771999.05,"₹150,342",Education,636.7,6,137,29.91,2023-09-07,0
C2794,43.0,Female,South,Post-Graduate,Business,,"₹304,004",Car,656.7,1,154,14.43,2023-06-02,0
C2795,19.0,Other,South,Secondary,Self-Employed,361936.12,"₹230,591",Education,703.4,6,147,87.35,2020-01-25,0
C2796,59.0,Male,South,Primary,Business,190720.11,"₹114,093",Other,638.7,6,146,157.31,2015-06-29,1
C2797,43.0,Female,West,Post-Graduate,Salaried,349833.04,"₹403,348",Business,605.6,0,146,27.88,2023-05-28,0
C2798,21.0,Male,North,Primary,Unemployed,550703.3,"₹538,662",Medical,676.1,1,43,70.69,2026-05-07,0
C2799,,,West,Primary,Unemployed,2409201.68,"₹550,038",Education,654.6,3,69,23.41,2021-11-08,0
C2800,55.0,Male,East,Post-Graduate,Business,,"₹50,000",Home,773.5,5,23,5.0,2016-06-12,0
C2801,67.0,Male,East,Post-Graduate,Salaried,619351.27,"₹198,976",Other,562.2,5,172,34.15,2021-05-17,0
C2802,58.0,Female,South,Primary,Unemployed,268666.74,,Business,765.5,6,78,92.09,2021-11-01,1
C2803,41.0,Male,North,Post-Graduate,Business,2195626.43,"₹453,018",Education,714.2,6,125,30.47,2017-05-21,0
C2804,41.0,Female,East,Graduate,Unemployed,343376.61,"₹479,889",Business,543.7,3,97,84.62,2017-01-09,1
C2805,63.0,Female,East,Post-Graduate,Self-Employed,433994.53,,Home,773.7,2,122,19.44,2020-12-20,0
C2806,55.0,Female,North,Post-Graduate,Business,925749.8,,Business,579.3,0,137,14.87,2024-05-31,0
C2807,28.0,Other,West,Secondary,Self-Employed,405623.68,"₹95,570",Car,651.9,5,108,15.36,2025-01-24,0
C2808,45.0,Female,North,Graduate,Unemployed,690022.44,"₹69,424",Other,698.0,4,80,66.64,2020-09-24,0
C2809,40.0,Male,North,Post-Graduate,Business,369079.73,"₹86,516",Business,541.3,7,100,25.25,2026-06-03,0
C2810,52.0,Male,South,Secondary,Self-Employed,231859.17,"₹432,974",Car,665.5,2,110,13.55,2015-01-21,1
C2811,36.0,Male,North,Post-Graduate,Unemployed,890753.61,"₹238,225",Home,731.8,0,129,100.71,2018-03-06,0
C2812,23.0,Female,West,Primary,Self-Employed,,"₹530,206",Business,615.5,2,88,88.46,2017-02-25,1
C2813,60.0,Male,East,Primary,Self-Employed,417251.98,"₹483,230",Medical,731.9,0,81,45.89,2020-04-19,0
C2814,54.0,Male,West,Secondary,Business,522421.16,"₹474,082",Education,639.8,6,87,55.53,2019-08-28,1
C2815,37.0,Male,North,Post-Graduate,Business,164378.01,"₹981,914",Business,785.8,10,106,9.6,2025-11-03,1
C2816,23.0,Male,South,Secondary,Salaried,184732.15,"₹58,661",Other,750.1,2,103,22.02,2019-10-19,0
C2817,21.0,Female,North,Graduate,Business,604956.03,"₹283,455",Education,631.9,1,91,95.34,2016-05-18,0
C2818,28.0,Female,South,Primary,Salaried,955553.71,"₹919,353",Medical,659.6,4,123,32.67,2020-07-27,0
C2819,37.0,Male,North,Primary,Business,1358107.17,"₹442,402",Education,751.2,8,95,66.77,2016-12-03,0
C2820,54.0,Female,South,Secondary,Self-Employed,111478.45,,Car,665.2,5,177,24.91,2021-08-10,1
C2821,29.0,,North,Post-Graduate,Self-Employed,307403.03,"₹183,222",Business,614.6,0,181,19.71,2021-11-19,0
C2822,30.0,Male,East,Secondary,,2809459.7,"₹124,900",Medical,627.5,0,73,78.0,2018-07-11,0
C2823,18.0,Female,East,Post-Graduate,Salaried,,"₹404,477",Car,642.1,0,163,33.95,2016-03-14,1
C2824,27.0,Female,East,Primary,Salaried,980704.51,"₹316,641",Other,776.5,3,1,45.82,2020-01-29,0
C2825,,Female,South,Graduate,Salaried,3503318.51,"₹1,278,921",Business,622.4,3,39,45.44,2025-02-06,0
C2826,22.0,Male,North,Graduate,Self-Employed,1338592.55,"₹302,057",Car,704.1,8,62,84.39,2021-04-26,0
C2827,63.0,Female,West,Primary,Unemployed,533524.5,"₹364,430",Other,649.7,5,135,49.18,2022-07-08,0
C2828,25.0,Female,East,Graduate,Business,290360.9,"₹789,320",Business,768.2,3,87,41.44,2017-04-27,1
C2829,24.0,Male,West,Graduate,Business,293352.7,"₹368,864",Medical,647.2,0,139,93.5,2026-06-21,1
C2830,25.0,Other,West,Post-Graduate,Self-Employed,406439.28,"₹399,554",Business,791.0,0,57,63.83,2021-05-23,0
C2831,55.0,Other,South,Primary,Unemployed,547125.81,"₹2,105,829",Home,739.0,4,54,208.78,2022-08-27,1
C2832,56.0,Female,West,Graduate,Self-Employed,796301.13,"₹286,811",Business,618.5,4,89,29.77,2024-03-05,0
C2833,25.0,Female,South,Primary,Unemployed,489500.01,"₹668,835",Home,579.2,2,74,23.89,2023-02-07,1
C2834,33.0,Male,South,Primary,Unemployed,850528.03,"₹149,996",Other,476.4,1,122,39.63,2019-05-18,0
C2835,49.0,Female,West,Secondary,Salaried,503110.9,"₹282,490",Education,630.5,1,50,23.11,2019-07-23,0
C2836,49.0,Female,West,Graduate,Business,316648.18,"₹511,276",Car,782.7,0,86,9.32,2025-12-22,0
C2837,25.0,Female,South,Secondary,Salaried,183928.77,"₹452,075",Car,629.8,0,79,43.98,2017-06-04,1
C2838,70.0,Other,West,Graduate,,949150.44,"₹451,699",Medical,693.7,0,21,85.32,2021-10-09,0
C2839,47.0,Male,North,Post-Graduate,Self-Employed,324307.53,"₹150,930",Home,826.5,3,48,54.06,2018-01-01,0
C2840,25.0,Female,South,Primary,Self-Employed,1574396.0,"₹263,228",Business,819.2,5,85,48.92,2025-02-06,0
C2841,50.0,Female,East,Graduate,Self-Employed,199488.43,"₹635,860",Car,643.5,5,120,29.53,2024-01-31,1
C2842,33.0,Male,South,Graduate,Self-Employed,,"₹1,678,582",Other,611.9,2,86,45.17,2025-12-12,0
C2843,64.0,Female,North,Post-Graduate,Business,203326.37,"₹253,961",Home,740.5,3,61,71.87,2023-03-29,0
C2844,34.0,Male,East,Secondary,Business,379257.97,"₹50,000",Education,610.0,3,49,53.13,2020-01-29,0
C2845,53.0,Male,East,Primary,Business,181597.07,"₹123,991",Car,658.1,8,86,29.84,2016-06-28,0
C2846,33.0,Male,North,Primary,Salaried,841229.38,"₹106,506",Home,506.5,1,92,57.28,2015-07-10,0
C2847,,Other,North,Post-Graduate,Self-Employed,346134.54,,Other,799.6,2,62,40.74,2017-06-23,0
C2848,63.0,Male,West,Secondary,Self-Employed,238075.47,,Car,,0,91,46.02,2023-02-25,0
C2849,38.0,Female,East,Secondary,,199259.96,"₹134,240",Other,682.1,9,70,42.86,2024-01-26,0
C2850,20.0,Male,East,Primary,Business,361582.4,"₹749,520",Home,667.7,1,130,51.07,2022-12-22,1
C2851,51.0,Female,North,Post-Graduate,Self-Employed,615875.92,"₹159,266",Home,653.0,1,67,24.24,2026-04-08,0
C2852,,Female,East,Post-Graduate,Self-Employed,156080.04,"₹224,969",Other,718.0,4,76,85.66,2020-05-22,1
C2853,,Male,South,Post-Graduate,Self-Employed,360880.17,"₹98,664",Other,568.3,2,95,16.46,2021-11-14,0
C2854,55.0,Male,North,Post-Graduate,Unemployed,175425.74,"₹739,629",Car,615.2,4,149,16.9,2021-08-19,1
C2855,44.0,Male,South,Secondary,Salaried,723755.87,"₹50,000",Other,699.1,6,74,67.07,2025-01-02,0
C2856,49.0,Female,North,Post-Graduate,Unemployed,414752.4,"₹427,362",Other,473.4,5,108,46.42,2016-06-24,1
C2857,29.0,Female,South,Graduate,Salaried,207463.1,"₹153,790",Car,629.5,1,57,73.13,2025-12-04,0
C2858,41.0,Female,North,Primary,Business,1520950.45,"₹168,745",Business,673.8,3,116,25.34,2018-01-16,0
C2859,60.0,Female,West,Primary,Salaried,487889.44,"₹216,860",Car,655.3,2,152,60.04,2021-11-09,0
C2860,,Female,West,Primary,Business,902228.32,"₹300,623",Business,587.7,1,109,57.26,2023-01-20,0
C2861,35.0,Male,East,Secondary,Unemployed,377213.42,"₹239,389",Home,480.6,3,72,220.51,2015-09-11,1
C2862,28.0,Male,South,Primary,Salaried,1065435.73,"₹454,968",Education,775.0,2,108,16.34,2026-03-30,0
C2863,29.0,Male,West,Secondary,Unemployed,607900.65,"₹99,359",Home,770.0,2,124,20.13,2024-10-17,0
C2864,58.0,Male,East,Primary,Self-Employed,405881.98,"₹721,392",Car,583.1,0,161,25.33,2020-05-13,1
C2865,30.0,Male,West,Primary,Self-Employed,1361998.95,"₹399,876",Other,657.2,6,74,95.85,2019-09-13,0
C2866,36.0,Male,East,Post-Graduate,Business,947752.18,"₹196,726",Medical,852.7,4,107,42.37,2022-12-21,0
C2867,,Male,South,Secondary,Unemployed,2249350.44,"₹208,562",Education,701.1,4,114,57.05,2018-11-15,0
C2868,64.0,Male,East,Graduate,Unemployed,337180.28,"₹496,314",Car,,4,69,40.76,2021-03-22,1
C2869,32.0,Female,East,Post-Graduate,Business,1225293.28,"₹505,580",Education,761.7,3,86,31.62,2017-01-10,0
C2870,,Female,North,Post-Graduate,Unemployed,894116.53,"₹97,947",Home,775.0,5,146,19.42,2025-10-08,0
C2871,37.0,Female,South,Secondary,Self-Employed,720952.06,"₹105,841",Home,736.8,4,113,16.71,2015-03-27,0
C2872,51.0,Male,South,Primary,Business,1730834.33,"₹800,580",Car,590.9,0,54,73.93,2016-10-15,0
C2873,24.0,Male,West,Primary,Unemployed,514565.09,"₹123,382",Business,598.5,4,70,62.4,2024-08-24,0
C2874,49.0,Female,East,Primary,Unemployed,536698.75,"₹96,993",Home,761.7,8,119,34.02,2022-08-16,0
C2875,24.0,Female,North,Primary,Unemployed,1441383.34,"₹849,972",Business,782.2,2,72,32.87,2023-05-26,0
C2876,60.0,Male,West,Graduate,Business,826080.7,"₹240,518",Business,575.4,0,70,21.45,2022-12-03,0
C2877,19.0,Male,North,Post-Graduate,Business,286016.47,"₹115,289",Education,704.4,7,31,25.04,2017-08-02,0
C2878,64.0,Female,West,Primary,Business,,"₹85,286",Car,653.0,7,68,54.97,2024-07-20,0
C2879,25.0,Male,East,Secondary,,702529.5,"₹233,147",Business,667.9,2,1,25.23,2020-06-03,0
C2880,,Male,East,Primary,Self-Employed,160576.57,"₹367,608",Car,682.9,9,120,62.33,2021-09-11,1
C2881,46.0,Female,North,Primary,Unemployed,137665.58,"₹6,119,464",Home,645.4,0,60,49.59,2025-12-13,1
C2882,67.0,Female,West,Post-Graduate,Salaried,1032997.1,"₹997,301",Home,446.9,8,137,13.97,2018-03-14,1
C2883,19.0,Male,West,Post-Graduate,Business,100514.84,"₹425,344",Home,705.9,0,141,60.2,2025-04-01,1
C2884,37.0,Female,South,Primary,Business,815140.85,"₹1,043,694",Medical,560.7,1,40,74.03,2023-04-09,1
C2885,24.0,Female,West,Graduate,Business,407365.84,"₹155,800",Education,472.1,8,72,24.41,2025-11-20,0
C2886,26.0,Male,East,Graduate,,1476496.3,"₹7,174,355",Medical,738.5,0,26,12.87,2017-07-28,1
C2887,24.0,Male,West,Primary,Unemployed,290554.04,,Medical,664.8,0,67,57.65,2015-10-12,1
C2888,26.0,Male,East,Secondary,Self-Employed,793449.81,,Other,724.5,1,104,46.25,2017-10-07,0
C2889,49.0,Male,East,Post-Graduate,Self-Employed,1803011.36,"₹1,096,436",Other,739.0,1,133,37.32,2016-09-16,0
C2890,45.0,Female,West,Secondary,Business,3184294.94,"₹158,552",Medical,689.4,3,132,32.46,2017-12-16,0
C2891,18.0,Female,North,Secondary,Self-Employed,983032.78,"₹600,553",Business,671.9,3,72,26.78,2017-03-07,0
C2892,64.0,Male,North,Primary,Business,777438.01,"₹140,332",Car,793.6,1,31,34.63,2023-11-07,0
C2893,56.0,Female,North,Primary,Salaried,406613.45,"₹292,556",Business,616.7,3,125,34.18,2024-06-19,0
C2894,42.0,Male,West,Graduate,Salaried,137167.61,"₹669,636",Other,625.4,10,171,25.42,2018-01-17,1
C2895,36.0,Female,East,Secondary,Salaried,2981173.54,,Education,705.4,3,134,45.37,2016-09-10,0
C2896,43.0,Female,North,Graduate,Salaried,533877.76,"₹129,429",Business,745.4,0,102,56.82,2016-02-10,0
C2897,40.0,Male,East,Primary,,617140.36,"₹536,440",Medical,732.1,3,131,75.18,2023-01-01,0
C2898,57.0,Female,East,Secondary,Business,208062.13,"₹635,132",Car,786.3,5,118,19.3,2022-12-19,1
C2899,52.0,Male,West,Primary,Business,79476.32,"₹74,624",Medical,638.9,0,121,85.76,2024-02-28,0
C2900,49.0,Male,West,Primary,Salaried,,"₹196,209",Business,602.3,4,96,24.19,2023-11-29,0
C2901,32.0,Male,South,Primary,Self-Employed,4361619.94,"₹96,608",Car,565.4,6,108,33.43,2022-07-04,0
C2902,55.0,Male,East,Primary,Unemployed,174674.2,"₹367,645",Education,797.5,0,129,36.37,2025-10-03,0
C2903,51.0,Male,South,Secondary,Business,270710.8,"₹89,322",Other,686.3,3,52,29.85,2026-06-15,0
C2904,33.0,Female,West,Post-Graduate,Salaried,,"₹288,163",Business,744.8,1,92,15.53,2022-01-14,0
C2905,68.0,Male,West,Post-Graduate,Unemployed,457760.61,"₹1,378,290",Car,650.3,0,58,39.43,2016-10-12,1
C2906,23.0,Male,South,Graduate,Self-Employed,1009499.07,"₹322,131",Home,646.3,4,76,29.45,2023-07-26,0
C2907,36.0,,South,Post-Graduate,Business,,"₹207,697",Car,462.0,3,130,13.36,2017-12-06,0
C2908,38.0,Other,North,Post-Graduate,Business,,"₹613,262",Education,563.2,4,103,102.55,2025-07-23,1
C2909,40.0,Male,East,Post-Graduate,Salaried,,"₹941,437",Medical,714.5,0,45,24.99,2018-12-17,0
C2910,59.0,Male,East,Graduate,Business,4871269.7,"₹295,203",Business,618.0,4,83,60.03,2020-02-06,0
C2911,,Male,West,Post-Graduate,Self-Employed,565021.28,"₹184,687",Home,725.8,4,114,12.75,2023-06-16,0
C2912,48.0,Female,South,Graduate,Self-Employed,839517.79,"₹649,754",Car,680.6,5,17,26.3,2017-01-19,0
C2913,52.0,Female,East,Primary,Self-Employed,1300202.01,"₹261,007",Business,671.3,0,106,33.73,2019-04-29,0
C2914,66.0,Male,South,Graduate,Salaried,354185.16,"₹1,780,837",Other,635.1,2,75,58.81,2019-01-31,1
C2915,34.0,Male,South,Graduate,Salaried,344496.19,"₹51,749",Medical,705.8,0,41,24.34,2018-06-30,0
C2916,46.0,Female,North,Secondary,Business,1190446.28,"₹343,998",Medical,672.2,3,99,65.52,2018-12-27,0
C2917,25.0,Male,West,Post-Graduate,Self-Employed,290053.35,"₹669,536",Car,786.5,4,28,94.69,2024-08-24,1
C2918,26.0,Female,East,Primary,Unemployed,871418.52,"₹672,661",Car,580.2,0,76,39.18,2016-02-22,0
C2919,59.0,Male,South,Post-Graduate,Unemployed,356500.5,"₹429,248",Car,500.0,4,125,51.7,2022-04-22,1
C2920,,Female,West,Post-Graduate,Salaried,435772.56,"₹121,353",Home,920.0,7,18,56.74,2025-02-11,0
C2921,,Male,North,Post-Graduate,Salaried,590822.23,"₹3,439,882",Other,695.8,2,2,115.42,2016-08-11,1
C2922,29.0,Female,East,Secondary,Business,104556.28,"₹781,024",Car,766.0,2,66,14.18,2017-07-27,1
C2923,19.0,Female,South,Graduate,Self-Employed,660988.91,"₹627,219",Home,847.8,0,57,96.99,2024-06-24,0
C2924,61.0,Female,North,Secondary,Unemployed,369961.42,"₹331,492",Education,801.3,7,62,16.09,2015-08-18,0
C2925,24.0,Male,South,Secondary,Business,228557.55,"₹279,170",Business,577.3,2,100,32.46,2021-07-10,0
C2926,24.0,Male,East,Secondary,Self-Employed,185746.08,"₹105,523",Business,733.4,4,55,56.74,2018-11-30,0
C2927,33.0,Female,South,Post-Graduate,Business,320428.51,"₹1,508,315",Business,586.5,5,141,27.58,2023-05-29,1
C2928,54.0,Female,West,Graduate,Salaried,151765.94,"₹179,549",Education,,5,85,21.28,2021-12-05,0
C2929,47.0,Female,East,Graduate,Salaried,737157.91,"₹216,427",Home,596.6,0,234,128.21,2015-04-18,0
C2930,22.0,Female,South,Post-Graduate,Unemployed,1679441.56,"₹51,293",Education,738.2,3,97,36.19,2021-01-01,0
C2931,62.0,Male,East,Graduate,Self-Employed,214732.5,"₹68,377",Car,625.2,0,129,32.46,2024-09-22,0
C2932,61.0,Male,North,Primary,Unemployed,660282.92,"₹173,790",Other,621.8,0,88,45.04,2016-08-11,0
C2933,20.0,Female,West,Secondary,Self-Employed,347878.89,"₹1,128,799",Business,669.8,0,73,145.72,2019-05-02,1
C2934,60.0,Male,South,Secondary,Business,1203741.62,"₹232,812",Car,690.4,1,49,97.71,2025-08-10,0
C2935,32.0,Female,West,Primary,Salaried,535558.69,"₹156,893",Home,796.1,3,164,44.92,2025-05-22,0
C2936,34.0,Male,East,Secondary,Unemployed,1286788.36,"₹180,662",Car,599.2,2,129,39.32,2025-07-13,0
C2937,66.0,Female,South,Secondary,Salaried,402728.88,"₹116,550",Car,749.2,1,71,66.16,2025-09-17,0
C2938,34.0,Male,North,Graduate,,405592.18,"₹50,000",Medical,,5,78,40.7,2026-05-11,0
C2939,56.0,Male,South,Primary,Salaried,1753618.42,"₹212,312",Home,747.5,2,97,25.64,2020-10-16,0
C2940,67.0,Male,East,Primary,Unemployed,1482640.86,"₹536,344",Education,598.4,4,100,45.98,2024-11-19,0
C2941,69.0,Male,North,Secondary,,223079.98,,Other,645.7,0,86,14.67,2017-03-03,0
C2942,49.0,Male,North,Post-Graduate,Self-Employed,480108.99,"₹408,478",Medical,675.0,0,127,78.01,2022-01-25,0
C2943,62.0,Female,North,Primary,Business,,"₹427,859",Car,651.0,0,46,65.72,2017-06-24,0
C2944,46.0,Male,East,Secondary,Unemployed,,"₹317,262",Education,716.3,3,97,15.91,2022-01-24,0
C2945,47.0,Male,South,Secondary,Self-Employed,833022.84,"₹447,243",Car,692.9,3,46,34.5,2022-06-21,0
C2946,65.0,Female,South,Primary,Business,2614655.06,"₹299,727",Medical,920.0,2,96,15.83,2016-06-17,0
C2947,40.0,Other,North,Post-Graduate,Salaried,525773.91,"₹510,891",Home,609.1,4,53,46.3,2023-02-22,0
C2948,32.0,Female,East,Secondary,Unemployed,637954.3,"₹65,661",Car,773.4,8,145,43.22,2016-10-13,0
C2949,37.0,Male,East,Secondary,Salaried,1444422.91,"₹1,328,638",Business,670.8,2,139,40.49,2023-01-17,0
C2950,32.0,,West,Graduate,Unemployed,611445.52,"₹212,716",Education,836.0,0,194,57.53,2023-08-23,0
C2951,55.0,Male,North,Secondary,Self-Employed,581158.79,"₹215,590",Education,711.3,0,67,15.98,2016-08-05,0
C2952,23.0,Male,West,Secondary,Self-Employed,,"₹616,470",Business,637.5,3,126,10.75,2020-06-22,1
C2953,26.0,Male,West,Post-Graduate,Salaried,531970.53,"₹458,221",Medical,715.4,3,7,47.67,2016-02-05,0
C2954,48.0,Female,South,Secondary,Self-Employed,144804.94,"₹50,000",Other,581.2,0,132,88.24,2024-02-17,0
C2955,60.0,Female,North,Primary,Business,107538.75,"₹311,093",Other,737.0,1,200,45.59,2025-11-25,1
C2956,70.0,Female,West,Primary,Unemployed,389249.65,"₹167,005",Education,691.7,0,12,300.0,2023-07-23,1
C2957,50.0,Male,North,Secondary,Unemployed,147064.82,"₹488,101",Education,755.2,4,15,22.22,2017-06-01,1
C2958,57.0,Male,East,Post-Graduate,Unemployed,1192924.21,"₹120,309",Other,631.8,8,23,27.78,2019-03-23,0
C2959,66.0,Male,West,Secondary,Self-Employed,177699.88,"₹397,728",Education,844.5,2,123,19.15,2023-09-22,0
C2960,51.0,Female,East,Primary,Business,479222.8,"₹1,351,985",Home,494.4,0,27,12.08,2024-05-15,1
C2961,42.0,Male,East,Graduate,Self-Employed,78913.72,"₹435,495",Medical,700.4,0,139,85.43,2016-06-27,1
C2962,24.0,Female,East,Graduate,Unemployed,919295.43,"₹58,267",Car,670.2,1,38,130.01,2025-09-07,0
C2963,59.0,Male,South,Post-Graduate,Business,,"₹50,000",Car,677.3,3,56,32.7,2019-06-23,0
C2964,30.0,Other,East,Secondary,Salaried,1740329.05,"₹773,628",Home,,3,136,40.41,2020-10-09,0
C2965,66.0,Male,West,Primary,Salaried,273743.84,"₹1,338,572",Home,,1,77,64.03,2016-12-19,1
C2966,51.0,Male,West,Secondary,Unemployed,275730.39,"₹79,906",Medical,619.9,4,50,20.87,2016-09-02,0
C2967,62.0,Male,West,Primary,Business,1154664.7,"₹697,093",Other,631.6,4,54,22.37,2024-01-06,0
C2968,52.0,Other,South,Graduate,Business,476068.89,"₹224,422",Business,631.6,0,104,46.18,2015-07-31,0
C2969,22.0,Male,South,Secondary,Unemployed,458392.06,"₹117,301",Education,692.4,0,44,32.99,2015-06-15,0
C2970,61.0,Male,East,Graduate,Unemployed,194565.62,"₹121,111",Education,623.1,1,102,40.51,2022-08-11,0
C2971,,Female,East,Primary,Salaried,2904976.86,"₹400,823",Business,980.0,5,32,67.65,2019-03-15,0
C2972,52.0,Female,South,Post-Graduate,Salaried,2755451.87,"₹410,155",Car,625.0,2,1,84.84,2026-06-22,0
C2973,62.0,Male,North,Primary,Salaried,992664.02,"₹150,827",Education,570.8,0,128,75.72,2020-08-28,0
C2974,44.0,Female,South,Secondary,Self-Employed,345372.66,"₹268,828",Education,663.9,0,89,75.35,2022-06-06,0
C2975,48.0,Male,South,Primary,Salaried,758682.72,,Car,836.9,1,77,49.04,2017-10-02,0
C2976,64.0,Female,South,Graduate,Self-Employed,719819.93,"₹2,493,994",Education,797.4,2,115,56.13,2025-06-09,1
C2977,24.0,Male,South,Primary,Unemployed,279276.2,"₹8,095,269",Home,719.2,2,113,89.07,2015-05-19,1
C2978,42.0,Female,East,Primary,Unemployed,568892.99,"₹214,383",Education,690.7,7,218,68.0,2017-11-14,0
C2979,35.0,Female,North,Secondary,Salaried,12296539.48,"₹168,003",Medical,660.7,6,156,33.78,2017-10-11,0
C2980,,Male,South,Graduate,Salaried,134367.26,"₹532,680",Other,681.5,5,164,64.5,2018-01-17,1
C2981,52.0,Male,North,Graduate,Self-Employed,494912.26,"₹128,884",Other,621.0,0,83,100.86,2020-01-07,0
C2982,27.0,Male,North,Graduate,Unemployed,502354.62,"₹1,257,114",Other,648.7,5,47,165.31,2021-10-31,1
C2983,63.0,Male,West,Primary,Unemployed,438585.55,"₹2,056,019",Home,739.1,4,95,34.74,2016-02-29,1
C2984,60.0,Male,North,Primary,Business,549922.22,"₹170,905",Car,718.1,3,91,46.64,2026-02-05,0
C2985,45.0,Other,East,Secondary,Self-Employed,594748.89,"₹450,116",Business,629.4,0,83,26.37,2018-03-12,0
C2986,70.0,Female,East,Graduate,Salaried,1646882.62,"₹81,043",Medical,569.7,0,53,37.57,2023-11-19,0
C2987,45.0,Female,West,Post-Graduate,Salaried,2898717.4,"₹50,000",Home,666.4,3,75,41.3,2016-05-12,0
C2988,38.0,Female,South,Secondary,Business,869061.47,"₹585,150",Business,700.1,2,39,69.34,2021-05-08,0
C2989,20.0,Male,West,Graduate,Unemployed,2363321.89,"₹113,921",Medical,656.7,5,118,53.64,2015-06-21,0
C2990,58.0,Male,West,Post-Graduate,Self-Employed,1698458.61,"₹99,127",Business,679.4,4,91,25.62,2023-01-13,0
C2991,40.0,Female,East,Primary,Unemployed,1540561.75,"₹405,490",Education,782.3,2,128,46.71,2023-03-12,0
C2992,56.0,,South,Secondary,Salaried,1730923.37,"₹705,439",Business,773.9,4,65,56.71,2026-03-27,0
C2993,36.0,Male,West,Post-Graduate,Self-Employed,301940.69,"₹174,595",Home,632.3,4,106,11.96,2016-06-04,0
C2994,64.0,Male,South,Graduate,Salaried,296099.53,"₹928,102",Business,776.0,3,100,100.44,2023-04-10,1
C2995,32.0,,West,Secondary,Salaried,188722.27,"₹102,147",Education,515.7,4,125,34.0,2017-01-21,0
C2996,42.0,Female,West,Secondary,,691482.29,"₹774,997",Education,672.6,0,106,49.57,2024-06-30,0
C2997,44.0,Female,West,Graduate,Unemployed,436263.49,"₹228,053",Education,648.2,3,109,33.74,2019-02-13,0
C2998,55.0,Female,West,Secondary,Self-Employed,361537.69,"₹99,830",Business,600.6,0,91,33.34,2016-07-20,0
C2999,65.0,Male,South,Secondary,Unemployed,708135.03,"₹271,192",Business,589.9,6,61,17.47,2017-03-28,0
C3000,61.0,Female,East,Graduate,Salaried,667232.2,"₹197,878",Car,900.0,6,91,80.14,2015-07-30,0
C3001,42.0,Male,South,Graduate,Self-Employed,547145.66,"₹296,315",Business,735.6,5,89,34.66,2016-04-02,0
C3002,61.0,Other,North,Post-Graduate,Self-Employed,497099.86,"₹520,912",Other,607.5,5,104,59.94,2025-07-13,1
C3003,25.0,Male,East,Primary,,294977.22,"₹459,506",Business,747.9,0,147,11.37,2016-12-16,0
C3004,45.0,Male,South,Post-Graduate,Salaried,281459.57,"₹1,068,418",Business,623.2,1,88,43.92,2015-05-19,1
C3005,18.0,Male,South,Primary,Business,389231.89,"₹73,407",Medical,691.7,2,132,43.51,2023-11-29,0
C3006,43.0,Female,South,Graduate,Business,382786.03,"₹623,393",Home,731.3,0,123,48.5,2020-10-19,0
C3007,69.0,Male,East,Primary,Unemployed,187091.79,"₹4,209,778",Education,699.8,5,52,74.89,2015-04-16,1
C3008,68.0,Female,North,Primary,Business,1239707.99,"₹1,176,592",Medical,642.9,0,65,7.48,2020-06-20,0
C3009,,Male,South,Secondary,Unemployed,564499.82,,Other,587.6,8,130,19.56,2019-07-15,1
C3010,21.0,Male,East,Secondary,Unemployed,223066.46,"₹648,124",Home,603.5,2,49,26.41,2023-01-17,1
C3011,26.0,Female,North,Post-Graduate,Self-Employed,1637230.03,"₹59,469",Other,785.4,0,62,64.37,2015-11-21,0
C3012,,Female,North,Primary,Business,2307968.75,"₹226,055",Business,,5,161,28.05,2023-04-17,0
C3013,23.0,Other,South,Primary,Business,477938.82,"₹1,181,340",Education,581.6,2,129,40.56,2020-08-28,1
C3014,43.0,Male,East,Secondary,Salaried,644452.55,"₹3,444,733",Education,768.0,1,54,44.41,2021-11-11,1
C3015,32.0,Female,East,Secondary,Business,290943.09,"₹1,543,922",Car,680.4,3,148,151.06,2018-09-02,1
C3016,22.0,Male,South,Primary,Self-Employed,1450915.51,"₹194,341",Home,745.0,0,148,57.93,2017-11-14,0
C3017,43.0,Male,East,Primary,Business,746951.91,"₹536,942",Medical,627.0,2,121,103.24,2026-02-11,0
C3018,40.0,Female,West,Secondary,Self-Employed,1450135.99,"₹1,071,566",Home,529.0,2,81,13.16,2025-08-01,0
C3019,33.0,Female,West,Post-Graduate,Business,262462.71,"₹388,875",Other,617.9,3,92,20.49,2023-03-28,1
C3020,,Female,West,Graduate,Self-Employed,133602.83,"₹332,916",Car,540.7,5,45,116.94,2026-06-18,1
C3021,18.0,Male,West,Primary,Salaried,,"₹73,405",Home,773.9,0,93,60.46,2025-09-29,0
C3022,55.0,Female,South,Post-Graduate,Business,96432.83,,Car,596.3,3,20,266.48,2023-03-27,1
C3023,44.0,Male,East,Post-Graduate,Salaried,496725.76,"₹989,407",Education,611.8,6,89,47.11,2019-03-07,1
C3024,55.0,Male,East,Primary,Unemployed,230863.27,"₹303,914",Business,820.7,0,83,68.13,2020-10-06,0
C3025,22.0,Female,East,Primary,Unemployed,307560.75,,Business,696.8,0,87,34.52,2017-11-28,1
C3026,29.0,Male,West,Secondary,Salaried,,"₹815,682",Business,660.7,1,114,38.51,2023-10-09,1
C3027,31.0,Male,North,Secondary,Self-Employed,668427.13,"₹253,216",Home,,0,80,69.7,2022-10-22,0
C3028,,Female,West,Secondary,Self-Employed,477894.7,"₹344,706",Car,740.0,2,90,44.74,2018-09-08,0
C3029,32.0,Female,North,Graduate,Unemployed,730074.21,"₹515,836",Education,637.5,0,153,53.56,2018-01-02,0
C3030,54.0,Male,West,Primary,Business,223387.9,"₹253,520",Medical,647.2,1,38,60.38,2025-06-03,0
C3031,66.0,Male,North,Primary,Salaried,613882.35,"₹68,700",Other,662.3,8,87,46.9,2022-06-19,0
C3032,53.0,Female,West,Graduate,Self-Employed,390350.55,"₹1,157,359",Medical,656.2,1,165,14.59,2020-08-18,1
C3033,29.0,Female,West,Post-Graduate,Unemployed,754301.0,"₹576,732",Car,867.5,6,102,21.08,2016-12-14,0
C3034,65.0,Male,West,Secondary,Self-Employed,1942205.53,"₹374,527",Car,784.1,10,128,17.74,2025-06-27,0
C3035,40.0,Female,North,Secondary,Salaried,,"₹143,587",Business,601.5,1,191,37.46,2016-01-26,0
C3036,28.0,Male,West,Graduate,Self-Employed,647091.76,"₹246,806",Education,696.2,5,135,15.4,2022-11-09,0
C3037,41.0,,West,Post-Graduate,,1408581.85,"₹993,467",Other,590.4,6,96,21.28,2020-09-19,0
C3038,31.0,Female,North,Primary,Unemployed,621413.87,"₹1,108,210",Medical,606.4,1,100,98.92,2026-03-30,1
C3039,49.0,Male,North,Graduate,Salaried,748353.04,"₹403,043",Home,590.8,2,53,20.14,2018-12-19,0
C3040,18.0,Male,North,Graduate,Unemployed,678519.93,,Home,690.7,0,135,63.47,2024-12-17,0
C3041,52.0,Male,North,Graduate,Unemployed,1591806.06,"₹687,862",Business,709.2,8,35,22.62,2021-03-03,0
C3042,18.0,Male,South,Post-Graduate,Salaried,217590.77,"₹186,643",Car,718.4,3,111,79.04,2015-09-13,0
C3043,63.0,Female,West,Secondary,Salaried,212311.0,"₹198,371",Education,668.6,0,47,76.36,2018-03-05,0
C3044,39.0,Female,North,Post-Graduate,Salaried,738793.72,"₹295,177",Education,720.9,1,67,11.27,2025-04-05,0
C3045,37.0,Male,South,Post-Graduate,Salaried,386680.76,"₹529,747",Other,771.7,10,23,13.93,2018-07-19,1
C3046,59.0,Male,North,Graduate,Salaried,141618.88,"₹744,319",Education,752.2,1,111,34.69,2021-03-10,1
C3047,66.0,Male,East,Post-Graduate,Business,312066.4,"₹3,005,994",Home,721.7,5,1,24.74,2022-01-20,1
C3048,36.0,Female,South,Post-Graduate,Self-Employed,816165.46,"₹597,981",Car,709.1,4,81,39.25,2022-12-15,0
C3049,50.0,Female,West,Primary,Unemployed,630913.69,"₹644,496",Home,731.0,0,134,33.93,2023-12-02,0
C3050,18.0,Male,South,Primary,Salaried,334183.78,,Business,531.5,8,95,25.21,2018-08-13,1
C3051,18.0,Male,North,Primary,Business,651464.92,"₹188,729",Other,424.5,5,42,23.41,2023-02-25,0
C3052,31.0,,North,Graduate,Business,,"₹612,224",Education,643.6,0,136,38.21,2025-03-17,1
C3053,24.0,Female,West,Secondary,Unemployed,928697.82,"₹539,420",Business,733.1,7,75,77.84,2017-02-10,0
C3054,38.0,Female,East,Primary,Self-Employed,909653.31,"₹105,676",Other,612.6,1,100,91.3,2021-11-05,0
C3055,23.0,Female,North,Secondary,Self-Employed,590390.29,"₹426,130",Car,584.1,0,126,24.4,2018-08-13,0
C3056,65.0,Female,East,Primary,Unemployed,,"₹120,040",Car,609.0,1,99,24.41,2019-12-09,0
C3057,38.0,Male,West,Primary,Salaried,2759257.43,"₹117,517",Education,653.7,2,73,12.46,2024-04-25,0
C3058,26.0,Male,North,Primary,Salaried,402548.39,"₹234,265",Medical,644.9,6,112,37.37,2015-08-19,0
C3059,69.0,Male,North,Primary,Salaried,680131.1,"₹509,765",Business,716.5,4,105,13.26,2023-11-13,0
C3060,69.0,Male,South,Primary,Unemployed,596559.91,"₹95,190",Medical,496.8,1,44,27.63,2015-12-12,0
C3061,40.0,Female,South,Graduate,Self-Employed,289609.66,"₹200,405",Business,677.9,0,48,26.75,2021-11-27,0
C3062,39.0,Male,North,Post-Graduate,Self-Employed,,"₹90,848",Home,607.1,7,66,42.02,2016-08-21,0
C3063,52.0,Male,East,Post-Graduate,Unemployed,433029.62,"₹1,162,236",Car,706.1,2,85,60.78,2025-08-08,1
C3064,,Female,East,Secondary,,663114.66,"₹317,493",Car,643.8,4,58,45.75,2022-02-14,0
C3065,34.0,Female,West,Graduate,Business,170802.77,"₹124,137",Other,685.0,0,57,47.76,2017-05-30,0
C3066,70.0,Male,South,Secondary,Business,343614.31,"₹112,985",Home,631.6,4,135,82.79,2024-03-25,0
C3067,69.0,,North,Primary,Salaried,316199.27,"₹442,712",Home,764.7,1,29,59.82,2020-06-01,0
C3068,54.0,Male,West,Post-Graduate,Self-Employed,1335749.05,"₹9,399,268",Other,710.3,4,123,62.61,2024-02-27,1
C3069,42.0,Female,West,Primary,Business,383450.03,"₹1,215,767",Car,547.8,2,40,29.0,2015-08-08,1
C3070,35.0,Male,West,Primary,Unemployed,460175.53,"₹364,001",Home,705.4,9,98,63.5,2016-04-04,1
C3071,61.0,Female,South,Graduate,Salaried,1371765.92,"₹269,277",Home,684.1,2,90,28.48,2025-12-15,0
C3072,,Male,East,Primary,Self-Employed,815238.17,"₹284,016",Home,767.4,1,98,74.31,2018-11-22,0
C3073,48.0,Female,West,Post-Graduate,Business,887567.82,"₹231,913",Other,689.0,3,116,9.11,2025-01-20,0
C3074,59.0,Female,East,Secondary,Self-Employed,224802.33,"₹475,559",Other,607.3,3,166,10.35,2019-06-03,1
C3075,67.0,Male,West,Primary,Unemployed,1415516.67,"₹1,072,141",Medical,639.4,3,58,31.0,2019-05-23,0
C3076,25.0,Female,West,Secondary,Unemployed,355539.47,"₹192,892",Home,523.5,0,81,112.79,2016-11-26,1
C3077,50.0,Female,West,Primary,Unemployed,317654.52,"₹1,395,017",Car,724.8,7,46,63.54,2021-07-02,1
C3078,46.0,Male,North,Primary,Self-Employed,639409.07,"₹140,176",Home,,7,69,39.26,2023-07-23,0
C3079,24.0,Male,North,Primary,Unemployed,225932.82,,Education,637.9,2,143,42.52,2024-10-13,0
C3080,44.0,Male,East,Primary,Business,109620.14,"₹595,580",Business,,2,129,64.57,2024-12-30,1
C3081,58.0,Male,North,Graduate,Business,383129.95,"₹403,838",Car,706.1,2,135,6.82,2016-01-27,0
C3082,68.0,Female,South,Post-Graduate,Unemployed,488257.88,"₹257,144",Business,732.7,3,127,147.69,2019-03-28,0
C3083,44.0,Female,East,Graduate,Self-Employed,495339.42,"₹153,653",Medical,658.3,6,57,72.28,2024-10-04,0
C3084,34.0,Female,South,Post-Graduate,Unemployed,163534.63,"₹195,545",Education,648.6,2,115,18.46,2015-04-01,0
C3085,28.0,Female,East,Graduate,Business,1781544.89,"₹86,480",Other,766.6,5,52,27.74,2025-08-18,0
C3086,46.0,Male,West,Graduate,Self-Employed,128208.99,"₹186,104",Medical,749.9,2,81,40.14,2017-08-17,0
C3087,66.0,Female,East,Secondary,Business,,"₹469,422",Medical,738.2,3,30,27.54,2019-10-26,0
C3088,68.0,Male,West,Secondary,Salaried,1433238.61,"₹191,320",Education,,3,102,27.72,2026-05-19,0
C3089,57.0,Male,North,Post-Graduate,Business,,"₹361,536",Car,706.6,3,98,183.44,2020-05-17,1
C3090,51.0,Female,South,Secondary,,2049258.05,"₹301,174",Education,673.7,5,81,48.47,2026-02-13,0
C3091,32.0,Other,South,Post-Graduate,Self-Employed,,"₹154,756",Education,804.5,4,70,21.91,2018-04-07,0
C3092,70.0,Female,South,Secondary,Self-Employed,1085152.79,"₹300,944",Car,762.2,3,146,53.23,2018-01-20,0
C3093,60.0,Female,East,Post-Graduate,Salaried,493210.75,"₹225,143",Other,665.4,1,162,42.87,2016-11-16,0
C3094,68.0,Female,North,Secondary,Business,1657174.74,"₹171,614",Home,703.2,2,62,63.34,2015-10-23,0
C3095,70.0,Female,South,Secondary,,422424.53,"₹176,111",Business,673.6,0,65,56.24,2019-12-28,0
C3096,27.0,Male,South,Secondary,Self-Employed,529217.58,"₹158,627",Home,811.7,5,55,31.16,2019-05-24,0
C3097,24.0,Male,East,Secondary,Salaried,1001561.03,"₹199,014",Car,,6,77,67.44,2020-01-30,0
C3098,41.0,Male,South,Graduate,Business,839235.27,"₹440,948",Car,656.3,3,70,114.25,2018-12-04,0
C3099,58.0,Female,North,Post-Graduate,Unemployed,1987273.05,"₹572,856",Medical,680.0,2,62,101.97,2020-02-14,0
C3100,65.0,Female,West,Graduate,Unemployed,548420.79,"₹352,119",Medical,,4,86,84.96,2019-08-28,0
C3101,30.0,Male,North,Secondary,Self-Employed,1284277.89,"₹708,602",Business,678.1,1,133,20.61,2015-04-18,0
C3102,38.0,Other,South,Secondary,Self-Employed,155516.28,"₹1,139,642",Education,767.7,1,113,51.19,2016-08-28,1
C3103,23.0,Other,West,Graduate,Business,592112.64,"₹419,046",Medical,920.0,3,115,27.05,2026-04-21,0
C3104,37.0,Female,South,Primary,Self-Employed,719365.96,"₹93,689",Education,681.0,1,66,92.34,2015-03-08,0
C3105,65.0,Male,South,Secondary,Self-Employed,725704.28,"₹434,015",Home,740.4,0,84,47.65,2023-02-12,0
C3106,18.0,Male,North,Post-Graduate,Business,654115.65,"₹412,267",Other,632.3,5,55,151.29,2024-07-27,1
C3107,70.0,Male,North,Primary,Salaried,614204.85,"₹860,497",Business,650.4,1,40,22.04,2020-10-18,0
C3108,67.0,Female,South,Graduate,Salaried,480372.34,,Medical,768.1,0,127,26.98,2020-10-26,0
C3109,32.0,Male,West,Graduate,Self-Employed,1527056.52,"₹428,661",Medical,666.3,0,45,28.14,2020-11-10,0
C3110,33.0,Male,South,Primary,Unemployed,820912.39,"₹314,286",Car,688.5,1,128,41.15,2019-09-06,0
C3111,61.0,Male,West,Secondary,Self-Employed,660398.0,"₹480,878",Education,741.5,3,98,15.32,2023-10-04,0
C3112,66.0,Female,West,Post-Graduate,Salaried,845114.83,"₹291,591",Other,630.3,0,210,43.76,2019-06-26,0
C3113,54.0,Male,South,Primary,Unemployed,607333.21,"₹335,735",Business,737.3,0,24,24.24,2017-04-21,0
C3114,70.0,Male,West,Primary,Self-Employed,,"₹435,215",Car,700.2,1,130,19.37,2015-11-25,0
C3115,53.0,Male,West,Post-Graduate,Business,171312.13,"₹1,609,941",Car,682.8,5,67,59.71,2023-02-13,1
C3116,64.0,Female,North,Secondary,Unemployed,250378.68,"₹112,186",Business,662.4,4,73,66.81,2022-07-27,0
C3117,26.0,Male,West,Post-Graduate,Self-Employed,1052372.15,"₹771,672",Education,744.1,4,91,11.78,2022-08-07,0
C3118,39.0,Male,West,Secondary,Unemployed,421403.57,"₹81,220",Other,780.1,5,65,61.88,2015-09-27,0
C3119,67.0,Female,West,Graduate,Salaried,429702.38,"₹50,000",Medical,729.8,0,93,27.6,2020-04-13,0
C3120,46.0,Female,West,Primary,Salaried,309302.41,"₹649,767",Education,651.5,1,48,50.27,2022-04-07,1
C3121,59.0,Male,South,Post-Graduate,Salaried,141751.91,"₹187,929",Education,622.1,2,56,47.73,2022-07-20,1
C3122,55.0,Other,South,Primary,Business,566324.88,"₹468,426",Business,625.3,2,99,74.44,2018-05-31,0
C3123,59.0,Male,South,Graduate,Business,1409430.15,"₹929,754",Business,,6,1,16.26,2020-03-16,0
C3124,32.0,Male,North,Primary,Unemployed,,"₹644,942",Education,653.6,3,66,9.47,2023-08-31,0
C3125,35.0,Male,East,Primary,Unemployed,440012.86,"₹103,415",Medical,592.4,9,61,90.44,2020-08-28,1
C3126,24.0,Female,North,Post-Graduate,Salaried,113299.82,"₹74,846",Business,,2,140,92.46,2021-12-31,0
C3127,21.0,Male,West,Graduate,Unemployed,2161497.38,"₹2,921,432",Education,554.3,5,54,35.77,2024-01-19,1
C3128,43.0,Male,South,Graduate,Unemployed,417040.77,"₹227,818",Car,580.4,3,69,34.12,2021-03-01,0
C3129,27.0,Female,East,Post-Graduate,Business,,"₹109,344",Home,545.8,0,70,7.92,2015-11-16,0
C3130,65.0,Female,South,Post-Graduate,Self-Employed,657517.75,"₹1,394,338",Home,631.1,12,148,55.07,2019-09-20,1
C3131,67.0,Male,East,Graduate,Unemployed,132338.51,"₹135,846",Home,819.4,8,54,30.28,2020-01-16,0
C3132,23.0,Male,East,Post-Graduate,Unemployed,15959893.25,"₹1,041,815",Education,660.0,4,89,29.93,2022-09-03,0
C3133,33.0,Other,South,Graduate,Business,141680.97,"₹130,945",Education,920.0,2,75,129.73,2024-04-19,0
C3134,29.0,Female,South,Primary,Salaried,565448.95,"₹456,212",Education,,0,49,48.34,2018-04-25,0
C3135,21.0,Male,North,Post-Graduate,Self-Employed,189959.88,"₹1,057,604",Car,712.4,2,131,47.66,2026-01-03,1
C3136,22.0,Female,North,Post-Graduate,Unemployed,1180001.05,,Home,604.8,3,84,75.4,2026-01-22,0
C3137,44.0,Male,West,Secondary,Unemployed,453066.95,"₹349,573",Education,,0,21,44.96,2017-06-27,0
C3138,67.0,Female,South,Primary,Business,637122.0,"₹436,338",Business,746.7,2,161,44.93,2017-04-15,0
C3139,70.0,Male,North,Primary,Business,410187.86,"₹280,070",Car,615.0,4,117,31.38,2015-12-17,0
C3140,34.0,Male,South,Post-Graduate,Business,192375.96,"₹2,236,612",Education,520.6,1,66,35.01,2018-10-27,1
C3141,55.0,Female,North,Post-Graduate,Self-Employed,248660.58,"₹1,203,224",Medical,697.9,2,70,100.16,2021-02-17,1
C3142,45.0,Male,South,Primary,Salaried,429082.82,"₹354,364",Medical,649.9,0,140,21.53,2023-01-27,0
C3143,42.0,Male,East,Graduate,Self-Employed,359399.77,"₹1,709,825",Other,758.6,0,114,35.8,2025-06-10,1
C3144,40.0,Female,North,Primary,Business,136777.12,,Education,,1,101,61.27,2022-12-21,0
C3145,46.0,Male,South,Primary,Salaried,299768.39,"₹126,372",Home,,2,74,44.74,2020-08-22,0
C3146,22.0,Female,East,Post-Graduate,Unemployed,643448.98,,Education,613.5,4,70,49.99,2018-05-05,1
C3147,19.0,Male,South,Primary,Salaried,799753.57,"₹222,325",Medical,743.0,0,133,66.3,2016-05-20,0
C3148,37.0,Male,North,Post-Graduate,Unemployed,914933.1,"₹141,282",Other,758.7,0,60,12.81,2024-07-27,0
C3149,63.0,Female,North,Secondary,Business,599818.23,"₹617,131",Business,581.5,4,43,35.06,2023-09-24,0
C3150,56.0,Male,North,Post-Graduate,Self-Employed,141176.17,"₹1,128,355",Car,736.2,7,112,34.24,2026-03-16,1
C3151,37.0,Male,West,Post-Graduate,Self-Employed,731413.54,,Education,694.4,5,74,25.3,2021-07-10,0
C3152,32.0,Male,South,Secondary,Salaried,1132791.12,"₹119,854",Home,752.4,2,70,95.26,2024-08-28,0
C3153,51.0,Male,West,Post-Graduate,,1244693.47,"₹317,436",Business,828.6,7,133,29.0,2018-08-01,0
C3154,46.0,Female,North,Primary,Business,734588.23,"₹138,644",Home,631.3,1,157,25.66,2026-05-11,0
C3155,59.0,Female,West,Primary,Salaried,827633.93,"₹1,033,654",Medical,699.2,0,123,104.83,2024-10-30,1
C3156,22.0,Male,South,Post-Graduate,Unemployed,471577.71,"₹520,628",Car,734.7,1,90,26.6,2017-06-28,0
C3157,46.0,Male,South,Primary,Business,127802.08,"₹380,374",Medical,,0,65,20.13,2018-05-11,1
C3158,34.0,Male,West,Post-Graduate,Unemployed,3142201.35,"₹181,397",Medical,703.3,2,73,35.23,2023-06-20,0
C3159,70.0,Female,South,Post-Graduate,Salaried,239470.64,"₹1,303,916",Other,782.5,0,124,43.03,2018-04-05,1
C3160,40.0,,South,Secondary,Salaried,1513622.68,"₹123,689",Business,594.9,3,100,70.65,2018-05-21,0
C3161,49.0,Male,West,Graduate,Self-Employed,,"₹1,085,489",Car,495.4,4,91,92.91,2024-12-04,1
C3162,19.0,Male,East,Secondary,Self-Employed,387880.02,,Business,,7,118,56.59,2025-11-19,1
C3163,45.0,Male,West,Graduate,Unemployed,194170.1,"₹513,147",Business,702.9,0,104,30.62,2022-12-15,1
C3164,18.0,Female,North,Primary,Business,541371.57,"₹162,552",Business,645.8,7,76,143.34,2018-04-20,1
C3165,28.0,Male,West,Graduate,Salaried,,"₹90,438",Medical,849.6,0,170,60.43,2022-07-14,0
C3166,65.0,Male,East,Post-Graduate,Salaried,6721224.11,"₹376,974",Medical,738.9,3,92,36.7,2023-05-12,0
C3167,42.0,Female,East,Secondary,Business,1162031.87,"₹203,344",Medical,595.3,0,124,39.34,2021-11-13,0
C3168,42.0,Female,South,Secondary,Salaried,132392.79,"₹50,000",Medical,626.3,2,115,21.3,2016-10-11,0
C3169,22.0,Female,West,Primary,Salaried,969041.56,"₹894,345",Medical,618.7,0,94,112.0,2025-05-25,1
C3170,60.0,Male,East,Primary,Unemployed,246988.86,"₹231,338",Other,744.0,9,71,181.8,2019-12-27,1
C3171,,Female,West,Graduate,Unemployed,356237.48,"₹562,054",Medical,652.5,0,106,50.26,2020-02-07,1
C3172,21.0,Male,North,Primary,Unemployed,1742855.62,"₹699,659",Education,585.9,5,95,10.99,2018-05-18,0
C3173,68.0,Female,East,Secondary,Business,317875.93,"₹194,085",Home,778.6,4,32,15.88,2021-10-24,0
C3174,22.0,Male,North,Secondary,Salaried,1054560.8,"₹191,865",Business,750.5,2,74,28.12,2025-07-31,0
C3175,36.0,Female,West,Primary,Salaried,732206.15,"₹191,682",Car,831.2,0,162,63.11,2017-02-07,0
C3176,49.0,Male,North,Primary,Self-Employed,248443.47,"₹230,463",Education,641.2,2,139,103.81,2025-01-11,1
C3177,70.0,Male,West,Graduate,Unemployed,386338.73,"₹599,765",Other,749.7,6,103,11.69,2022-04-28,0
C3178,68.0,Other,West,Primary,Self-Employed,393541.93,"₹294,672",Business,659.7,4,106,14.49,2026-07-01,0
C3179,20.0,Male,West,Post-Graduate,Business,461630.19,"₹804,934",Medical,725.8,7,75,223.35,2025-03-29,1
C3180,68.0,Male,North,Graduate,Salaried,683520.77,"₹417,600",Car,756.5,0,144,75.29,2024-02-07,0
C3181,64.0,Female,East,Primary,Salaried,280873.84,"₹323,564",Other,,3,44,86.96,2024-12-30,0
C3182,18.0,Male,East,Primary,Salaried,972384.76,,Education,689.2,4,118,97.29,2017-08-03,1
C3183,58.0,Female,North,Secondary,Business,283149.86,"₹135,752",Medical,790.0,4,132,26.28,2021-11-28,0
C3184,35.0,Male,West,Graduate,Unemployed,370013.48,"₹343,801",Education,491.0,2,66,34.34,2020-03-19,0
C3185,61.0,Male,North,Graduate,Self-Employed,381596.55,"₹50,000",Medical,710.1,1,125,45.7,2021-03-10,0
C3186,27.0,Male,South,Post-Graduate,Self-Employed,197244.5,"₹105,741",Education,661.8,0,27,15.07,2017-08-26,0
C3187,40.0,Female,South,Post-Graduate,Unemployed,148988.31,"₹2,170,092",Car,576.1,0,121,48.13,2025-07-17,1
C3188,57.0,Female,East,Graduate,Salaried,629243.49,"₹503,045",Education,624.9,3,148,37.99,2025-01-28,0
C3189,38.0,Male,West,Post-Graduate,Salaried,609218.85,"₹231,522",Education,697.5,3,129,23.16,2016-10-07,0
C3190,39.0,Male,North,Secondary,Self-Employed,478647.74,"₹264,392",Business,794.1,5,56,72.1,2015-03-19,0
C3191,37.0,Male,North,Primary,Business,737327.26,"₹499,738",Other,793.4,2,68,148.46,2017-10-19,0
C3192,45.0,Female,North,Graduate,Salaried,650284.0,"₹191,782",Education,,5,107,188.35,2025-06-15,1
C3193,34.0,Male,North,Primary,Business,654065.5,"₹220,991",Medical,706.9,4,100,33.57,2019-12-22,0
C3194,54.0,Male,East,Post-Graduate,Unemployed,576443.85,"₹136,037",Business,568.5,2,114,80.5,2016-06-01,0
C3195,36.0,Female,East,Secondary,Business,222394.84,"₹408,440",Other,627.9,5,59,25.41,2017-03-15,1
C3196,58.0,Female,North,Secondary,Business,442235.98,"₹733,923",Home,758.9,0,143,215.9,2017-10-10,1
C3197,,Male,South,Secondary,Salaried,1115086.83,"₹455,409",Car,807.3,1,106,48.68,2020-07-28,0
C3198,,Male,West,Graduate,Self-Employed,630669.54,"₹714,708",Education,796.2,0,73,42.05,2015-03-20,0
C3199,34.0,Female,East,Primary,Business,414964.37,"₹240,629",Business,704.2,0,38,45.09,2021-12-21,0
C3200,41.0,Female,South,Primary,Business,269373.87,"₹281,495",Business,771.2,0,121,46.57,2025-10-14,0
C3201,28.0,Male,South,Graduate,Self-Employed,316554.69,"₹447,626",Medical,713.4,1,74,42.59,2023-03-12,0
C3202,50.0,Male,South,Secondary,Unemployed,237500.87,"₹1,389,282",Home,682.5,0,88,58.23,2021-02-15,1
C3203,40.0,Male,West,Post-Graduate,Unemployed,201230.64,"₹723,419",Other,817.3,0,129,49.49,2020-08-17,1
C3204,43.0,Female,East,Primary,Salaried,486632.95,"₹403,547",Other,700.0,9,54,24.59,2023-04-08,0
C3205,32.0,,East,Graduate,Salaried,58222.81,"₹233,121",Medical,672.9,0,96,71.63,2016-05-21,1
C3206,66.0,Male,South,Primary,Unemployed,603979.5,"₹465,104",Other,775.3,2,106,20.27,2016-06-27,0
C3207,29.0,Other,East,Graduate,Self-Employed,116891.95,"₹281,455",Car,585.0,3,115,73.93,2026-03-27,1
C3208,58.0,Male,South,Primary,Self-Employed,1062224.95,"₹121,652",Car,,3,145,12.59,2020-04-06,0
C3209,43.0,Male,North,Post-Graduate,Business,866063.15,"₹3,344,086",Car,621.4,0,46,18.43,2021-03-06,1
C3210,54.0,Male,West,Secondary,Salaried,443439.77,"₹1,158,089",Business,807.8,2,100,50.86,2018-11-08,1
C3211,47.0,Female,East,Primary,Unemployed,249023.29,"₹315,081",Medical,700.1,6,96,49.33,2017-09-01,1
C3212,66.0,Male,West,Secondary,Self-Employed,317234.65,"₹405,661",Home,,6,99,145.3,2020-09-13,1
C3213,64.0,Female,East,Primary,Self-Employed,208550.61,"₹93,122",Other,552.5,0,40,67.84,2017-12-12,0
C3214,27.0,Male,South,Primary,Self-Employed,145258.11,"₹369,833",Other,550.7,5,133,70.14,2018-04-15,1
C3215,40.0,Female,West,Primary,Self-Employed,70664.72,"₹264,887",Education,573.2,1,91,15.3,2016-12-16,1
C3216,19.0,Male,North,Graduate,Self-Employed,161826.6,"₹271,331",Education,602.9,1,45,28.3,2021-03-08,1
C3217,34.0,Male,South,Secondary,Salaried,1448971.81,"₹131,349",Business,580.0,5,112,10.39,2017-09-15,0
C3218,31.0,Male,North,Secondary,Salaried,361855.03,"₹391,305",Car,600.5,12,126,90.03,2026-04-16,1
C3219,18.0,Male,East,Primary,Self-Employed,846936.01,"₹64,152",Car,120.0,7,99,33.29,2020-04-05,1
C3220,58.0,Male,South,Secondary,Unemployed,1598910.21,"₹465,434",Medical,773.8,5,138,11.28,2026-03-24,0
C3221,23.0,Female,South,Primary,Business,243458.14,"₹83,458",Home,784.8,0,94,192.1,2021-12-03,0
C3222,24.0,Female,South,Primary,Self-Employed,423479.17,"₹435,493",Other,689.1,5,129,102.0,2024-05-20,1
C3223,56.0,Female,West,Primary,Self-Employed,128107.07,"₹1,576,429",Business,657.1,0,67,16.96,2021-09-21,1
C3224,23.0,Female,West,Primary,Business,362713.54,"₹233,670",Education,732.4,0,114,14.52,2017-04-04,0
C3225,52.0,Female,West,Primary,Self-Employed,1098043.73,"₹169,305",Business,665.6,3,95,70.2,2016-07-29,0
C3226,67.0,Male,North,Primary,Salaried,1677102.08,"₹180,431",Business,692.1,0,95,16.02,2023-12-09,0
C3227,70.0,Male,North,Secondary,Salaried,1126706.43,"₹537,328",Medical,692.4,0,89,65.61,2016-11-10,0
C3228,19.0,Female,East,Post-Graduate,Self-Employed,223394.52,"₹1,205,891",Other,768.4,0,132,45.15,2022-05-25,1
C3229,,Female,East,Secondary,Self-Employed,810045.95,"₹501,691",Medical,543.0,2,61,18.25,2020-07-08,0
C3230,29.0,Male,North,Post-Graduate,Unemployed,337689.94,"₹547,750",Other,650.5,4,97,47.1,2026-01-27,1
C3231,21.0,Female,South,Post-Graduate,Unemployed,265566.91,,Home,668.2,3,184,37.84,2025-03-04,0
C3232,45.0,Male,South,Secondary,Business,105621.18,"₹152,222",Home,625.1,0,118,40.76,2015-03-05,0
C3233,40.0,,East,Graduate,Business,881452.39,"₹410,877",Education,596.8,0,134,23.57,2018-12-13,0
C3234,28.0,Male,East,Graduate,Self-Employed,332210.26,"₹92,427",Medical,618.1,1,87,60.71,2024-09-02,0
C3235,69.0,Female,South,Secondary,Business,789397.87,"₹1,169,343",Education,748.3,5,99,45.76,2015-02-23,1
C3236,57.0,Female,North,Secondary,Salaried,563604.85,"₹519,945",Home,773.3,0,21,24.37,2021-02-17,0
C3237,61.0,Male,South,Secondary,Self-Employed,808006.14,"₹58,270",Home,,0,115,45.11,2026-04-19,0
C3238,36.0,Female,North,Graduate,Business,202545.24,"₹252,555",Education,587.3,3,100,25.7,2015-11-09,0
C3239,69.0,Female,West,Primary,Business,1329922.85,,Medical,722.0,4,63,53.93,2020-05-16,1
C3240,19.0,Male,West,Primary,Salaried,,"₹201,558",Car,699.5,0,64,75.12,2025-01-16,0
C3241,24.0,,North,Secondary,Unemployed,342223.15,"₹342,098",Home,730.4,3,34,17.13,2025-08-04,0
C3242,57.0,Male,North,Graduate,Unemployed,267517.88,"₹423,034",Other,674.3,0,147,74.82,2026-05-29,1
C3243,22.0,Female,North,Graduate,Self-Employed,789244.08,"₹50,000",Education,771.4,0,104,76.51,2020-03-18,0
C3244,40.0,,East,Primary,Self-Employed,,"₹457,753",Education,798.5,6,24,82.49,2017-12-15,0
C3245,64.0,Female,North,Post-Graduate,Salaried,4194218.68,"₹50,000",Education,522.7,3,116,43.87,2019-04-02,0
C3246,51.0,Male,West,Primary,Salaried,784913.43,"₹213,326",Business,,3,123,54.38,2022-08-01,0
C3247,57.0,Male,North,Graduate,Business,371564.51,"₹392,742",Business,743.4,4,76,9.32,2021-11-03,0
C3248,40.0,Male,North,Post-Graduate,Business,802744.78,"₹187,439",Business,571.8,3,101,29.71,2021-03-31,0
C3249,70.0,Male,East,Secondary,Business,501075.86,"₹122,989",Education,789.7,3,97,17.11,2024-12-05,0
C3250,27.0,Male,South,Secondary,Unemployed,611352.44,"₹506,157",Business,685.6,0,93,75.81,2023-01-19,0
C3251,25.0,Female,West,Post-Graduate,Self-Employed,171710.45,"₹102,694",Business,679.8,3,44,19.75,2017-02-19,0
C3252,48.0,Male,East,Post-Graduate,Business,516425.15,"₹200,266",Other,744.6,2,92,300.0,2017-09-26,1
C3253,56.0,Female,North,Graduate,Unemployed,80336.39,"₹63,499",Medical,719.5,1,155,23.99,2017-01-22,0
C3254,,Male,East,Secondary,Unemployed,445037.51,"₹297,914",Car,738.9,7,129,97.52,2026-04-20,1
C3255,58.0,Male,South,Secondary,Salaried,370386.39,"₹174,704",Business,516.6,0,72,68.17,2015-09-13,0
C3256,40.0,Female,East,Primary,Self-Employed,,"₹54,475",Medical,726.9,2,70,137.33,2026-04-01,0
C3257,56.0,Female,West,Primary,Self-Employed,211689.25,"₹653,173",Other,629.1,0,64,15.31,2019-04-20,1
C3258,58.0,Female,West,Secondary,Unemployed,724762.74,"₹845,028",Business,692.2,2,83,98.99,2020-01-05,1
C3259,56.0,Male,West,Graduate,Self-Employed,1040586.2,"₹1,349,583",Other,884.4,7,45,80.69,2022-05-20,0
C3260,26.0,Female,West,Graduate,Self-Employed,497105.09,"₹159,627",Business,635.7,0,77,17.4,2017-10-28,0
C3261,48.0,Female,North,Secondary,Self-Employed,650221.63,"₹2,579,109",Home,684.8,7,47,38.78,2019-12-20,1
C3262,56.0,Male,North,Primary,Salaried,2125944.82,"₹206,177",Business,724.8,7,30,83.42,2015-07-02,0
C3263,57.0,Male,South,Secondary,Business,,"₹187,415",Home,788.9,0,51,11.41,2020-06-09,0
C3264,52.0,Female,East,Graduate,Self-Employed,1457654.37,"₹2,653,423",Medical,698.6,1,47,24.12,2021-07-20,0
C3265,21.0,Female,South,Graduate,Self-Employed,,"₹96,399",Other,,4,154,45.77,2020-01-21,0
C3266,47.0,Female,South,Post-Graduate,Unemployed,,"₹318,232",Home,594.5,1,27,37.83,2025-05-30,1
C3267,47.0,Female,North,Post-Graduate,Business,388866.22,"₹287,605",Medical,771.4,0,96,36.15,2025-12-06,0
C3268,45.0,Male,West,Graduate,Salaried,726563.5,"₹523,079",Business,683.7,1,106,26.54,2023-08-19,0
C3269,61.0,Male,West,Post-Graduate,,1860736.27,"₹271,395",Home,679.0,5,103,85.17,2017-10-15,0
C3270,40.0,Female,East,Post-Graduate,,435365.83,"₹246,297",Medical,604.7,2,135,76.2,2019-06-19,0
C3271,33.0,Female,East,Primary,Self-Employed,689032.89,"₹403,252",Home,715.9,7,114,71.17,2022-01-11,0
C3272,37.0,Male,South,Primary,Salaried,123528.18,"₹738,396",Home,650.3,1,50,104.26,2017-09-26,1
C3273,39.0,Male,East,Post-Graduate,Self-Employed,4057574.96,"₹231,771",Business,848.3,3,48,52.36,2023-09-21,0
C3274,36.0,Male,South,Secondary,Self-Employed,463295.03,"₹232,663",Car,730.9,4,88,37.4,2023-03-30,0
C3275,33.0,Female,West,Graduate,Salaried,316749.58,,Car,587.9,1,90,60.64,2022-06-05,1
C3276,41.0,Male,South,Primary,Unemployed,1417199.97,"₹641,933",Car,652.6,0,99,30.54,2017-03-23,0
C3277,68.0,Other,North,Post-Graduate,Salaried,312462.24,,Business,690.4,3,110,101.5,2018-02-04,0
C3278,53.0,Male,North,Graduate,Unemployed,1499612.48,"₹498,286",Education,711.8,0,69,66.22,2024-11-01,0
C3279,42.0,Female,North,Graduate,Unemployed,577958.86,"₹68,690",Other,556.0,3,62,24.79,2017-10-29,0
C3280,35.0,Male,East,Primary,,1736168.47,"₹352,874",Other,761.4,0,55,28.75,2023-08-15,0
C3281,47.0,Female,South,Post-Graduate,Business,,"₹822,866",Medical,635.5,0,118,50.93,2025-09-04,1
C3282,70.0,Male,East,Primary,Salaried,757912.06,"₹227,387",Other,733.1,3,78,42.52,2022-03-31,0
C3283,48.0,Other,North,Secondary,Business,877301.18,"₹520,013",Other,694.2,2,51,125.07,2025-07-28,0
C3284,59.0,Female,South,Post-Graduate,Salaried,1326470.11,"₹186,077",Business,702.1,1,76,25.63,2019-05-09,0
C3285,49.0,Female,South,Post-Graduate,Business,1254676.53,"₹68,543",Business,,4,154,68.41,2017-07-19,0
C3286,33.0,Male,West,Graduate,Salaried,1492588.62,"₹409,903",Education,698.4,3,86,69.47,2020-06-25,0
C3287,36.0,Female,South,Secondary,Self-Employed,,"₹122,755",Car,738.5,0,69,18.13,2024-06-28,0
C3288,31.0,Female,North,Secondary,Self-Employed,614954.16,"₹1,270,995",Business,719.8,9,78,50.84,2016-06-27,1
C3289,60.0,Male,South,Post-Graduate,Salaried,160789.37,"₹64,035",Medical,599.6,0,123,68.63,2022-08-28,0
C3290,54.0,Female,South,Graduate,Salaried,285989.68,,Car,648.3,0,1,90.91,2017-05-06,0
C3291,37.0,Male,East,Graduate,Self-Employed,806455.62,"₹601,081",Home,537.9,0,63,36.36,2015-04-17,0
C3292,,Female,North,Graduate,Self-Employed,653270.67,"₹563,961",Education,543.0,6,105,55.08,2019-07-21,1
C3293,44.0,Female,North,Post-Graduate,Salaried,384171.09,"₹507,520",Business,733.1,5,86,33.59,2024-11-11,0
C3294,27.0,,East,Secondary,Unemployed,343739.71,"₹87,133",Home,701.2,4,89,88.92,2019-08-01,0
C3295,43.0,Female,South,Secondary,Unemployed,792936.73,"₹75,222",Business,667.1,2,1,23.87,2018-11-08,0
C3296,,Male,West,Graduate,Self-Employed,1640022.01,,Other,676.7,2,93,32.32,2015-06-15,0
C3297,39.0,Male,North,Primary,Salaried,398043.06,"₹354,799",Education,710.9,1,120,124.8,2022-06-23,1
C3298,23.0,Male,West,Secondary,Self-Employed,579020.7,"₹277,234",Education,637.4,7,134,76.46,2026-01-11,0
C3299,45.0,Male,North,Graduate,Unemployed,744138.02,"₹17,532,525",Home,712.9,7,4,35.64,2021-10-17,1
C3300,62.0,Female,South,Post-Graduate,Self-Employed,752520.07,"₹153,944",Home,667.6,3,81,94.47,2015-11-21,0
C3301,59.0,Male,North,Graduate,Self-Employed,865185.72,"₹346,084",Other,686.6,5,4,100.71,2022-05-20,0
C3302,20.0,Other,West,Primary,Unemployed,290093.24,"₹362,234",Medical,577.0,2,73,53.34,2024-01-11,1
C3303,50.0,Female,East,Secondary,Self-Employed,621652.55,"₹1,012,185",Business,557.3,0,58,198.58,2016-11-13,1
C3304,67.0,Male,East,Graduate,Business,624122.49,"₹245,590",Other,637.4,0,16,27.93,2017-06-18,0
C3305,42.0,Female,North,Graduate,Salaried,1276990.29,"₹1,208,472",Home,827.9,5,86,53.67,2015-09-30,0
C3306,39.0,Female,East,Graduate,Business,502177.98,"₹367,213",Other,500.1,0,117,101.12,2018-08-22,1
C3307,35.0,Female,South,Secondary,Business,910567.57,"₹370,124",Car,733.7,2,29,23.67,2019-03-13,0
C3308,53.0,Female,North,Post-Graduate,Salaried,414049.31,"₹618,597",Business,613.0,3,23,48.29,2025-03-26,1
C3309,51.0,Male,West,Secondary,Business,452579.88,"₹386,148",Business,670.8,4,69,21.95,2015-04-11,0
C3310,27.0,Female,East,Graduate,Business,189683.39,"₹125,342",Medical,701.5,0,64,82.07,2017-05-07,0
C3311,36.0,Female,South,Secondary,Self-Employed,141854.67,"₹626,888",Business,748.8,2,164,78.65,2025-04-13,1
C3312,60.0,Male,East,Graduate,Business,595266.43,"₹1,024,915",Education,,5,74,63.44,2023-07-14,1
C3313,70.0,Male,East,Secondary,Business,143946.27,"₹105,096",Car,557.1,3,95,40.68,2019-12-18,0
C3314,60.0,,North,Post-Graduate,Salaried,398231.16,"₹68,810",Education,630.8,5,144,45.32,2015-03-30,0
C3315,38.0,Male,West,Primary,Salaried,814497.77,"₹694,064",Other,682.5,2,36,16.73,2024-02-29,0
C3316,,Male,West,Graduate,Salaried,987593.91,"₹325,105",Car,635.4,2,38,8.1,2024-03-14,0
C3317,,Male,West,Post-Graduate,Self-Employed,146550.75,"₹446,555",Business,680.9,1,149,39.21,2025-03-18,1
C3318,36.0,,South,Post-Graduate,Business,,"₹163,117",Medical,574.0,2,150,32.12,2022-06-08,0
C3319,18.0,,East,Secondary,Salaried,434046.61,"₹478,521",Car,515.7,0,86,63.66,2019-11-07,1
C3320,52.0,Female,East,Graduate,Unemployed,1244050.9,"₹333,185",Car,659.4,6,75,45.35,2016-04-04,0
C3321,30.0,Male,West,Post-Graduate,Business,852615.95,"₹525,174",Medical,723.0,0,70,56.06,2019-09-13,0
C3322,61.0,Male,South,Primary,Salaried,1119944.11,,Car,607.3,2,1,82.5,2023-07-05,0
C3323,51.0,Female,South,Secondary,Self-Employed,616345.97,"₹125,526",Other,,7,160,36.59,2016-03-13,0
C3324,60.0,Male,West,Secondary,Unemployed,5228383.23,"₹745,317",Other,735.9,7,118,87.24,2024-04-20,0
C3325,46.0,Male,North,Graduate,Salaried,1902111.67,"₹5,051,778",Home,662.7,1,134,48.74,2018-09-25,1
C3326,60.0,,North,Post-Graduate,Salaried,717899.01,"₹62,984",Business,645.5,7,94,18.21,2018-04-09,0
C3327,30.0,Female,North,Primary,Unemployed,916942.89,"₹257,201",Education,605.1,7,90,26.27,2022-03-13,0
C3328,58.0,Male,East,Secondary,Salaried,439288.19,"₹337,337",Education,683.1,2,57,77.92,2021-09-30,0
C3329,44.0,Male,West,Secondary,Self-Employed,458793.1,"₹182,760",Business,564.1,6,96,71.26,2021-09-22,0
C3330,69.0,Female,West,Post-Graduate,Business,185740.02,"₹460,216",Home,680.4,3,53,11.49,2025-03-08,1
C3331,52.0,Male,South,Primary,Business,634171.58,"₹165,908",Car,569.2,0,133,46.06,2018-04-02,0
C3332,70.0,Male,West,Primary,Unemployed,399876.89,"₹300,842",Car,694.4,0,61,76.18,2021-02-02,0
C3333,45.0,Male,South,Post-Graduate,Salaried,584603.79,"₹233,422",Business,578.7,3,3,85.26,2025-05-28,0
C3334,29.0,Female,South,Primary,Self-Employed,269660.04,"₹642,571",Business,675.5,2,74,23.01,2020-11-22,1
C3335,21.0,Male,North,Secondary,Self-Employed,442818.1,"₹398,431",Other,595.1,0,106,24.47,2018-05-21,0
C3336,70.0,Male,West,Post-Graduate,Self-Employed,993912.57,"₹158,732",Education,532.4,0,118,37.66,2016-12-04,0
C3337,32.0,Female,South,Post-Graduate,Business,972836.9,"₹369,244",Other,502.9,9,117,86.7,2016-11-09,1
C3338,52.0,Female,South,Post-Graduate,Salaried,126423.42,"₹725,974",Business,642.5,5,61,28.49,2023-11-11,1
C3339,67.0,Female,South,Graduate,Salaried,561264.7,"₹177,026",Business,634.5,0,66,108.53,2018-10-31,0
C3340,60.0,Male,North,Secondary,Business,739573.41,"₹281,422",Home,729.9,8,152,70.62,2022-02-27,0
C3341,47.0,Male,West,Primary,Unemployed,290451.89,,Education,652.1,3,78,12.84,2021-03-04,0
C3342,33.0,Female,East,Graduate,Business,233235.15,"₹278,025",Other,778.4,3,19,99.05,2017-12-24,1
C3343,20.0,Male,East,Secondary,Self-Employed,224733.49,"₹617,154",Business,756.9,0,124,34.48,2016-12-02,1
C3344,40.0,Male,West,Graduate,Salaried,192225.91,"₹694,942",Business,,0,119,12.7,2025-11-05,1
C3345,60.0,Male,North,Secondary,Unemployed,164384.24,"₹707,139",Other,543.5,2,35,12.44,2026-03-15,1
C3346,51.0,Female,South,Primary,Salaried,,"₹569,034",Education,738.7,2,95,23.47,2017-04-13,0
C3347,30.0,Male,West,Primary,Salaried,630096.96,"₹439,343",Other,672.8,2,89,41.43,2016-04-11,0
C3348,38.0,Male,East,Secondary,Self-Employed,230494.49,"₹1,124,434",Car,592.4,3,65,52.17,2015-03-01,1
C3349,39.0,Female,South,Secondary,Salaried,176201.99,"₹100,488",Home,532.3,0,68,52.14,2020-02-27,0
C3350,56.0,Female,North,Primary,Salaried,1158100.29,"₹470,829",Education,598.4,4,49,29.78,2019-06-11,0
C3351,58.0,Female,South,Secondary,Business,,"₹219,333",Business,485.0,2,126,69.67,2019-10-08,0
C3352,63.0,Male,North,Post-Graduate,Salaried,359616.76,,Other,896.7,0,60,5.85,2025-02-11,0
C3353,33.0,Male,South,Graduate,Self-Employed,,"₹76,272",Car,752.2,1,145,16.12,2015-08-02,0
C3354,29.0,Female,East,Primary,Salaried,632440.77,"₹159,041",Business,799.4,6,84,72.46,2024-05-17,0
C3355,53.0,Female,East,Post-Graduate,Business,1164916.12,"₹613,418",Car,723.5,1,121,16.83,2017-05-29,0
C3356,52.0,,South,Secondary,Self-Employed,239243.87,"₹412,442",Medical,761.1,1,108,84.65,2015-01-15,1
C3357,39.0,Female,West,Secondary,Salaried,405807.36,"₹136,523",Education,980.0,7,128,64.07,2025-10-06,0
C3358,37.0,Male,West,Secondary,Salaried,600529.6,"₹236,815",Education,805.3,5,134,152.88,2025-11-23,0
C3359,53.0,Female,North,Secondary,Salaried,239322.13,"₹388,886",Medical,681.7,8,94,37.02,2018-08-18,1
C3360,41.0,Male,South,Post-Graduate,Salaried,524519.35,"₹695,550",Home,777.6,1,43,24.52,2026-04-03,0
C3361,29.0,Female,East,Secondary,Salaried,1732805.72,"₹867,164",Home,610.1,5,45,24.31,2025-05-22,0
C3362,33.0,Female,East,Primary,Business,274667.64,"₹442,062",Other,657.1,6,61,16.6,2019-07-30,1
C3363,63.0,Male,South,Secondary,Business,782323.57,"₹252,405",Car,620.8,0,100,144.13,2025-10-05,0
C3364,47.0,Male,East,Post-Graduate,Self-Employed,333561.93,"₹205,180",Business,626.5,7,111,27.89,2015-01-23,0
C3365,64.0,Female,West,Graduate,,586336.71,"₹2,478,702",Car,766.1,2,184,44.01,2018-04-01,1
C3366,27.0,Male,West,Primary,Salaried,1121895.05,"₹81,380",Car,710.9,0,151,32.05,2016-07-11,0
C3367,35.0,Female,South,Secondary,Unemployed,744193.99,"₹50,000",Car,755.0,7,99,33.07,2018-03-21,0
C3368,69.0,Female,West,Post-Graduate,Business,419294.8,"₹454,477",Home,705.3,0,63,53.76,2024-12-21,0
C3369,70.0,Male,West,Secondary,,538620.49,"₹123,102",Other,491.2,5,31,54.97,2023-08-24,0
C3370,51.0,Male,South,Post-Graduate,Salaried,259917.95,"₹254,674",Other,,1,36,12.2,2018-06-20,0
C3371,19.0,Female,East,Graduate,Unemployed,236692.45,"₹128,198",Medical,670.9,0,76,29.59,2022-11-19,0
C3372,27.0,,East,Graduate,Salaried,305607.33,"₹349,891",Education,798.3,3,69,12.04,2016-09-05,0
C3373,55.0,Male,South,Secondary,Business,569014.96,"₹1,124,607",Medical,571.1,4,78,34.58,2023-11-16,1
C3374,24.0,Female,North,Secondary,Self-Employed,365008.64,"₹50,000",Education,829.3,2,74,59.02,2015-10-23,0
C3375,28.0,Male,East,Post-Graduate,Salaried,600873.33,"₹851,150",Home,588.3,1,128,59.91,2019-05-28,1
C3376,40.0,Male,North,Primary,Unemployed,2351447.73,"₹444,743",Other,795.0,3,140,84.5,2023-08-28,0
C3377,60.0,Male,North,Graduate,Business,378483.35,"₹50,000",Medical,715.7,12,65,30.36,2016-07-04,0
C3378,48.0,Male,North,Secondary,Unemployed,101698.31,"₹137,339",Medical,601.9,1,47,27.56,2019-08-05,0
C3379,65.0,Female,North,Graduate,Unemployed,,"₹475,894",Business,617.0,1,88,50.44,2016-03-04,0
C3380,34.0,Male,North,Secondary,Salaried,751745.24,"₹1,356,969",Medical,683.7,1,78,16.67,2018-06-20,0
C3381,44.0,Male,East,Post-Graduate,Business,119418.49,"₹191,072",Other,672.1,4,40,15.19,2019-01-22,1
C3382,33.0,,East,Graduate,Self-Employed,380397.41,"₹245,578",Home,663.0,0,77,78.29,2016-12-09,0
C3383,18.0,Male,South,Primary,Salaried,,"₹4,933,593",Medical,673.2,6,117,56.11,2016-04-11,1
C3384,29.0,,North,Primary,Salaried,168358.67,"₹115,259",Medical,614.8,10,69,41.43,2025-05-19,1
C3385,,Female,South,Post-Graduate,Business,2014189.94,"₹261,685",Car,846.0,4,128,49.65,2019-02-05,0
C3386,41.0,Male,West,Graduate,Business,,"₹533,244",Medical,794.2,5,45,42.05,2024-03-06,0
C3387,43.0,Male,West,Post-Graduate,Unemployed,468054.62,"₹417,516",Business,684.2,3,109,46.12,2015-11-19,0
C3388,63.0,Male,South,Secondary,Business,397908.74,"₹216,277",Business,,3,60,31.98,2015-05-30,0
C3389,,Male,West,Graduate,Salaried,657422.63,"₹321,505",Other,920.0,6,80,53.63,2022-03-13,0
C3390,53.0,Male,South,Graduate,Business,411884.52,"₹805,021",Car,628.5,2,92,145.02,2019-06-12,1
C3391,67.0,Male,West,Primary,Unemployed,772850.07,"₹426,759",Medical,659.8,0,91,14.52,2022-05-11,0
C3392,55.0,Male,East,Primary,Salaried,615015.71,"₹67,357",Education,595.6,2,25,27.09,2021-11-24,0
C3393,49.0,Female,East,Secondary,Business,674151.33,"₹431,882",Business,571.2,0,77,40.07,2016-02-08,0
C3394,27.0,Female,West,Graduate,Self-Employed,716551.99,"₹134,677",Education,519.9,3,84,62.37,2016-11-23,0
C3395,50.0,Male,South,Graduate,Self-Employed,1937748.29,"₹633,198",Education,724.5,1,65,52.88,2023-01-19,0
C3396,20.0,Male,West,Secondary,,1320977.07,"₹78,268",Home,641.1,3,51,85.88,2018-08-17,0
C3397,48.0,Male,South,Post-Graduate,Unemployed,1241362.99,"₹686,683",Other,700.2,2,63,39.01,2021-05-06,0
C3398,52.0,Male,North,Graduate,Business,572974.5,"₹178,802",Medical,,3,92,66.3,2022-03-18,0
C3399,47.0,Female,South,Graduate,Unemployed,314462.6,"₹510,521",Business,629.8,8,96,9.52,2017-02-24,1
C3400,35.0,Female,West,Graduate,Salaried,1061302.36,"₹660,008",Other,801.1,0,122,91.57,2016-07-24,0
C3401,36.0,Male,East,Graduate,Salaried,727336.54,"₹146,119",Business,808.1,5,51,36.16,2021-09-15,0
C3402,58.0,Female,North,Primary,Unemployed,263330.25,"₹620,615",Other,622.9,4,35,62.13,2015-05-21,1
C3403,,Female,East,Post-Graduate,Salaried,417498.83,"₹263,147",Car,553.6,0,111,28.82,2017-02-21,0
C3404,64.0,Male,South,Secondary,Salaried,526981.2,"₹78,898",Car,828.9,2,126,5.0,2016-11-05,0
C3405,49.0,Male,South,Graduate,Salaried,1928507.24,"₹312,738",Medical,836.3,4,49,26.56,2017-08-06,0
C3406,24.0,Female,West,Graduate,Business,351246.89,"₹259,081",Other,599.3,2,43,116.59,2019-04-07,1
C3407,60.0,Female,South,Primary,Self-Employed,173264.89,"₹50,000",Car,655.4,4,89,11.87,2022-02-24,0
C3408,32.0,Male,West,Post-Graduate,Salaried,292356.09,"₹1,004,008",Car,769.9,3,94,49.19,2023-10-18,1
C3409,56.0,Male,South,Post-Graduate,Business,739101.64,"₹285,502",Business,,5,59,43.91,2023-01-01,0
C3410,40.0,Female,East,Primary,Salaried,314173.89,"₹259,740",Medical,685.8,5,42,19.98,2026-04-03,0
C3411,42.0,Male,West,Primary,Salaried,3687084.39,"₹62,542",Education,684.8,2,168,8.31,2025-05-11,0
C3412,29.0,Male,West,Secondary,Business,4347785.7,"₹503,349",Medical,719.9,6,97,27.06,2026-06-27,0
C3413,24.0,Male,East,Secondary,Unemployed,490538.64,"₹193,848",Home,810.9,3,91,38.15,2024-04-10,0
C3414,18.0,Male,East,Graduate,Self-Employed,130364.15,"₹200,099",Business,682.6,1,132,13.95,2024-03-16,0
C3415,18.0,Female,North,Secondary,Business,240380.06,"₹140,180",Other,720.4,0,93,18.72,2024-04-02,0
C3416,29.0,Male,West,Graduate,Self-Employed,42880.64,"₹3,091,496",Car,559.5,7,81,46.51,2021-02-26,1
C3417,43.0,Male,East,Primary,Business,286921.85,"₹103,292",Car,,1,49,68.4,2016-07-02,0
C3418,50.0,Female,North,Primary,Salaried,433098.24,"₹918,141",Other,613.5,4,85,48.03,2022-05-23,1
C3419,53.0,Female,West,Post-Graduate,Salaried,96823.27,,Education,652.6,5,63,32.34,2019-02-13,1
C3420,52.0,,South,Secondary,Salaried,504010.96,"₹62,342",Home,697.3,2,133,25.57,2020-11-29,0
C3421,,Female,North,Graduate,Salaried,355075.95,"₹157,254",Medical,688.2,1,136,22.61,2018-06-08,0
C3422,34.0,Female,South,Secondary,Unemployed,793428.88,"₹357,031",Home,713.9,7,22,64.77,2024-09-18,0
C3423,40.0,Female,East,Secondary,Business,673398.73,"₹627,063",Home,704.7,5,1,18.65,2026-01-04,0
C3424,,Male,North,Post-Graduate,Salaried,396331.4,"₹439,383",Car,670.0,4,84,38.12,2022-01-18,0
C3425,,Female,West,Graduate,Self-Employed,1208771.17,"₹709,705",Business,696.9,3,71,52.56,2018-05-02,0
C3426,62.0,Female,East,Secondary,Salaried,602802.11,,Medical,615.7,0,73,64.0,2021-09-17,0
C3427,21.0,Male,South,Primary,Unemployed,716194.89,"₹1,043,600",Business,650.7,2,127,53.25,2026-02-13,1
C3428,49.0,Other,East,Primary,Unemployed,198507.29,"₹540,962",Education,629.0,3,40,19.98,2021-12-31,1
C3429,60.0,Male,East,Graduate,Salaried,999382.57,"₹190,791",Car,746.5,2,17,39.47,2024-12-21,0
C3430,24.0,Male,East,Secondary,Business,452091.7,"₹200,637",Business,762.9,0,146,33.19,2022-08-24,0
C3431,65.0,Female,West,Post-Graduate,Salaried,169506.18,"₹314,150",Home,752.3,9,105,15.94,2025-08-23,1
C3432,19.0,Male,South,Graduate,Salaried,978703.79,"₹452,846",Business,741.0,5,102,56.51,2026-04-01,0
C3433,34.0,Male,West,Primary,Business,650642.78,"₹240,796",Medical,639.5,1,98,108.71,2024-10-01,0
C3434,57.0,Male,South,Post-Graduate,Business,158335.4,"₹563,471",Business,677.4,0,51,52.36,2016-05-25,1
C3435,36.0,Female,North,Post-Graduate,Salaried,344832.51,"₹659,822",Car,698.9,0,106,50.16,2021-01-10,1
C3436,38.0,Female,East,Post-Graduate,Business,531026.15,"₹50,000",Medical,658.9,0,118,28.44,2021-01-29,0
C3437,57.0,Male,North,Graduate,Unemployed,472312.51,"₹258,470",Home,820.9,9,91,26.43,2020-10-02,0
C3438,51.0,Female,North,Post-Graduate,Self-Employed,,"₹110,660",Other,681.0,3,106,29.68,2015-10-11,0
C3439,23.0,Male,North,Secondary,,229880.93,"₹1,881,159",Medical,706.4,0,96,28.47,2025-08-10,1
C3440,60.0,Female,East,Secondary,Unemployed,335596.55,"₹255,728",Other,621.5,3,157,79.29,2024-02-13,0
C3441,,Male,East,Secondary,Unemployed,328837.4,"₹415,407",Home,663.0,3,55,52.59,2021-02-28,1
C3442,36.0,Female,West,Primary,Self-Employed,447428.52,"₹276,253",Medical,640.1,3,48,29.91,2020-10-16,0
C3443,62.0,Male,East,Graduate,Self-Employed,237843.07,"₹349,017",Other,729.9,3,58,33.91,2026-03-01,0
C3444,41.0,,East,Post-Graduate,Self-Employed,,"₹575,893",Other,625.6,5,48,6.98,2020-05-05,0
C3445,,Male,South,Post-Graduate,Business,1195353.6,"₹105,829",Home,639.9,1,37,21.59,2023-11-25,0
C3446,42.0,Male,East,Primary,Salaried,389287.07,"₹282,198",Medical,645.6,4,128,16.86,2020-02-02,0
C3447,50.0,Male,North,Graduate,Business,341207.28,"₹50,000",Business,798.2,4,88,64.18,2015-02-23,0
C3448,24.0,Female,West,Secondary,Self-Employed,,"₹352,503",Business,575.2,1,40,22.22,2017-03-22,0
C3449,32.0,Female,South,Primary,Business,1719456.62,"₹533,518",Education,750.9,6,93,25.92,2017-04-07,0
C3450,22.0,Male,East,Post-Graduate,Self-Employed,445008.03,"₹168,219",Car,680.4,3,82,32.03,2023-05-19,0
C3451,29.0,Female,North,Secondary,Self-Employed,322804.41,"₹259,341",Education,512.8,6,34,64.39,2017-02-04,1
C3452,36.0,Male,South,Secondary,Business,697436.41,"₹91,035",Medical,643.4,8,56,65.35,2023-11-22,0
C3453,48.0,Female,South,Post-Graduate,Salaried,557075.54,"₹281,350",Medical,,0,24,48.34,2015-05-13,0
C3454,49.0,Female,East,Primary,Unemployed,514372.19,"₹689,780",Business,586.0,1,101,15.43,2022-05-21,0
C3455,29.0,Male,South,Primary,Self-Employed,954969.84,"₹615,412",Car,757.6,0,160,27.08,2024-08-27,0
C3456,61.0,Female,East,Secondary,Self-Employed,1866670.1,"₹137,140",Other,768.1,8,146,17.99,2022-06-16,0
C3457,24.0,Male,South,Primary,Salaried,235607.67,,Medical,,4,144,7.26,2026-04-19,1
C3458,,Male,East,Secondary,Salaried,710700.5,"₹1,120,965",Home,694.0,0,110,18.77,2022-08-16,0
C3459,56.0,Female,East,Post-Graduate,Business,202829.56,"₹175,074",Education,734.2,0,88,88.51,2019-08-30,0
C3460,63.0,Female,West,Secondary,,1399113.7,"₹627,176",Education,738.1,6,122,79.55,2024-06-07,0
C3461,28.0,Female,West,Secondary,Salaried,612580.69,"₹641,948",Business,680.1,2,140,126.01,2015-03-17,1
C3462,,Male,West,Post-Graduate,Unemployed,410650.02,"₹207,393",Home,851.9,3,127,66.05,2020-10-18,0
C3463,34.0,Female,South,Primary,Salaried,,"₹1,270,739",Business,699.2,5,70,81.67,2015-12-31,1
C3464,45.0,Female,East,Primary,Business,836300.89,"₹178,713",Home,,6,122,23.22,2016-02-17,0
C3465,26.0,Female,South,Graduate,Self-Employed,1080906.52,"₹107,471",Home,732.6,6,95,54.12,2016-03-04,0
C3466,22.0,Male,East,Post-Graduate,Unemployed,,"₹2,306,544",Business,668.3,2,110,137.44,2017-07-31,1
C3467,55.0,,South,Post-Graduate,Unemployed,616671.02,"₹167,745",Other,643.9,5,117,26.97,2017-11-03,0
C3468,43.0,,East,Post-Graduate,Business,549153.26,"₹106,663",Medical,,6,194,39.11,2021-01-06,0
C3469,70.0,Male,North,Secondary,,861614.5,"₹363,705",Car,589.2,4,78,51.59,2020-04-05,0
C3470,60.0,Male,East,Primary,Salaried,2041069.24,"₹180,493",Car,699.9,7,152,26.2,2019-08-16,0
C3471,21.0,Female,North,Secondary,Business,248582.8,"₹648,217",Business,571.4,5,59,38.64,2022-11-08,1
C3472,30.0,Male,South,Secondary,,582089.19,"₹152,757",Business,787.4,2,34,12.58,2018-07-04,0
C3473,34.0,Male,South,Primary,Unemployed,,"₹550,727",Home,481.3,1,119,30.74,2023-04-29,0
C3474,41.0,Male,South,Primary,Unemployed,594078.09,"₹305,973",Car,616.0,0,162,48.96,2016-05-19,0
C3475,27.0,Male,South,Graduate,Business,277539.44,"₹360,517",Car,812.5,2,87,26.82,2021-08-04,0
C3476,18.0,Female,South,Secondary,Business,814033.76,"₹153,972",Car,683.2,3,83,77.52,2015-02-05,0
C3477,26.0,Male,South,Secondary,Self-Employed,375398.25,"₹269,867",Car,731.8,0,111,38.33,2017-03-28,0
C3478,23.0,Male,South,Secondary,,621956.57,"₹324,466",Business,690.2,2,77,87.27,2016-03-20,0
C3479,,Male,North,Primary,Business,1304091.05,"₹253,866",Other,826.5,1,107,56.7,2023-02-14,0
C3480,60.0,Male,East,Secondary,Self-Employed,630442.27,"₹142,599",Home,120.0,0,184,90.77,2015-04-30,1
C3481,64.0,Male,East,Post-Graduate,Salaried,1233149.72,"₹888,780",Car,651.7,0,54,46.57,2024-09-20,0
C3482,67.0,Female,West,Primary,Salaried,236735.68,"₹845,495",Education,580.2,0,150,152.66,2021-02-06,1
C3483,27.0,Female,South,Primary,Self-Employed,237412.83,"₹119,585",Business,603.5,1,102,37.63,2020-05-13,0
C3484,57.0,Female,North,Post-Graduate,,582828.6,"₹548,522",Business,640.8,1,146,58.42,2017-03-04,0
C3485,44.0,Male,West,Primary,Self-Employed,1495679.01,"₹1,483,268",Other,660.5,3,124,101.15,2024-01-25,1
C3486,,Female,West,Secondary,Business,1192446.95,"₹420,824",Home,775.7,2,123,51.54,2019-06-12,0
C3487,,Female,North,Graduate,Salaried,1247977.06,"₹96,790",Medical,601.3,5,110,51.51,2019-06-19,0
C3488,33.0,Male,North,Post-Graduate,Self-Employed,126241.31,"₹299,790",Car,631.2,4,107,17.3,2015-06-17,1
C3489,55.0,Male,North,Primary,Unemployed,1139682.0,"₹186,567",Medical,630.4,4,53,34.37,2017-07-10,0
C3490,61.0,Male,East,Secondary,Salaried,646181.34,"₹152,454",Business,617.8,2,39,59.15,2020-04-16,0
C3491,47.0,Male,South,Secondary,Business,765864.64,"₹2,017,585",Car,829.3,0,112,23.3,2020-07-22,1
C3492,64.0,Male,North,Post-Graduate,Business,967383.36,"₹373,533",Business,651.8,8,137,37.29,2023-10-30,0
C3493,,Other,East,Graduate,Unemployed,759251.13,"₹50,000",Business,661.8,4,106,41.69,2016-04-03,0
C3494,32.0,Female,West,Primary,Business,352894.42,"₹129,375",Education,691.7,7,60,42.03,2021-11-11,0
C3495,19.0,Female,East,Primary,Self-Employed,765182.24,"₹189,115",Other,791.2,3,65,22.93,2021-11-27,0
C3496,28.0,,North,Post-Graduate,Business,1753409.25,"₹57,934",Education,587.6,2,106,39.49,2019-04-09,0
C3497,63.0,Male,East,Graduate,Unemployed,337848.74,,Car,640.0,6,71,57.58,2015-07-03,0
C3498,45.0,Female,East,Post-Graduate,Unemployed,446506.7,"₹343,818",Medical,657.3,3,133,30.01,2024-12-06,0
C3499,37.0,Female,South,Primary,Self-Employed,459821.5,"₹545,550",Other,827.5,2,67,149.96,2025-09-07,1
C3500,55.0,Male,West,Graduate,Self-Employed,1695739.26,"₹233,755",Business,662.5,0,148,20.96,2020-08-25,0
C3501,60.0,Female,East,Graduate,Salaried,450647.33,"₹383,209",Medical,836.5,1,68,70.33,2023-06-02,0
C3502,43.0,Female,South,Primary,Unemployed,473529.22,"₹453,788",Education,708.0,5,67,26.38,2015-12-22,0
C3503,48.0,Female,West,Primary,Self-Employed,128317.9,"₹281,691",Medical,,0,113,7.95,2016-05-18,0
C3504,38.0,,West,Primary,Unemployed,1853319.86,"₹80,488",Home,747.3,0,81,32.12,2024-09-11,0
C3505,19.0,Female,North,Graduate,Business,1315251.39,"₹2,224,648",Other,763.1,3,178,35.73,2020-07-11,0
C3506,61.0,Male,East,Secondary,Salaried,465748.95,"₹143,709",Home,717.9,6,86,48.18,2016-03-24,0
C3507,66.0,Female,North,Post-Graduate,Business,987236.91,"₹609,747",Home,726.9,3,46,16.49,2023-08-28,0
C3508,70.0,Female,East,Secondary,Salaried,153854.75,"₹334,110",Car,583.7,5,33,71.84,2022-02-17,1
C3509,27.0,Male,East,Secondary,Business,179943.74,"₹522,174",Business,742.7,6,163,18.95,2015-11-02,1
C3510,22.0,Other,North,Secondary,Self-Employed,2046376.1,"₹257,108",Education,543.4,0,78,73.37,2022-03-29,0
C3511,67.0,Female,West,Post-Graduate,Self-Employed,2300366.51,"₹7,027,116",Education,663.5,1,74,65.38,2024-06-10,1
C3512,64.0,Male,West,Secondary,Self-Employed,401970.09,"₹7,924,203",Home,705.5,0,63,13.09,2015-11-20,1
C3513,60.0,Male,North,Post-Graduate,Self-Employed,567804.72,"₹494,150",Education,700.3,2,100,97.11,2019-04-02,0
C3514,38.0,Male,East,Secondary,Salaried,,"₹532,311",Business,634.5,0,26,38.34,2022-04-11,1
C3515,49.0,Female,South,Primary,Business,878275.03,"₹174,374",Car,682.2,4,165,8.89,2018-08-24,0
C3516,43.0,Female,South,Secondary,Business,444701.36,"₹177,061",Car,715.0,5,123,42.85,2022-08-10,0
C3517,22.0,Female,East,Graduate,Business,795469.85,"₹308,551",Medical,767.8,1,37,38.56,2024-09-08,0
C3518,43.0,Male,East,Primary,Unemployed,411709.19,"₹144,917",Car,728.5,6,99,29.93,2016-12-04,0
C3519,46.0,Male,South,Graduate,Unemployed,951636.26,"₹360,013",Medical,740.4,0,48,57.89,2018-11-28,0
C3520,55.0,Female,South,Primary,Unemployed,287834.68,"₹267,038",Business,766.2,4,67,130.12,2018-05-05,1
C3521,35.0,Male,North,Post-Graduate,,259886.26,"₹244,090",Home,844.9,2,90,59.77,2024-02-09,0
C3522,24.0,Female,East,Primary,Unemployed,453819.38,"₹383,908",Car,667.0,5,179,107.49,2023-06-01,1
C3523,26.0,Female,East,Primary,Unemployed,279295.34,"₹356,571",Medical,670.9,0,77,14.2,2020-09-17,0
C3524,46.0,Male,West,Primary,Self-Employed,376975.11,"₹118,821",Business,732.4,2,138,28.37,2024-01-28,0
C3525,30.0,Female,North,Primary,Salaried,1733909.41,"₹782,391",Car,735.6,5,144,15.98,2015-02-11,0
C3526,55.0,Male,East,Primary,Salaried,636946.45,"₹95,303",Medical,705.5,0,133,40.05,2025-09-11,0
C3527,66.0,Male,South,Post-Graduate,Unemployed,805509.92,"₹270,402",Medical,634.3,4,79,42.14,2019-03-05,0
C3528,,Male,South,Primary,Salaried,1313789.76,"₹168,534",Medical,642.5,5,162,23.14,2019-02-07,0
C3529,51.0,Other,South,Primary,Business,89221.6,"₹417,076",Car,726.9,1,63,207.68,2019-04-25,1
C3530,62.0,Male,East,Secondary,Self-Employed,529221.0,"₹389,768",Car,792.5,6,106,64.86,2025-05-07,0
C3531,33.0,Other,South,Post-Graduate,Self-Employed,256125.19,"₹149,272",Other,745.9,2,15,45.08,2021-06-15,0
C3532,18.0,Female,East,Post-Graduate,,443179.9,"₹832,921",Home,756.9,7,78,15.06,2021-08-28,1
C3533,55.0,Male,North,Secondary,Self-Employed,410024.65,"₹180,171",Business,850.6,0,43,79.74,2021-11-24,0
C3534,41.0,Male,South,Secondary,Salaried,734070.69,"₹136,307",Education,662.0,4,24,143.24,2020-04-15,0
C3535,24.0,Female,East,Secondary,Self-Employed,677887.51,"₹331,316",Home,615.5,4,110,159.18,2016-04-24,1
C3536,53.0,Female,North,Graduate,Business,120278.48,"₹325,032",Education,618.9,7,124,14.25,2025-10-14,1
C3537,56.0,Female,East,Secondary,Self-Employed,219715.67,"₹134,170",Other,662.0,3,75,24.92,2015-08-05,0
C3538,22.0,Male,South,Graduate,Salaried,916422.69,"₹225,737",Home,799.3,2,48,43.5,2019-12-29,0
C3539,35.0,Male,East,Post-Graduate,Unemployed,301595.0,"₹376,742",Car,741.9,0,96,53.4,2017-08-01,0
C3540,47.0,Male,North,Post-Graduate,Self-Employed,302946.05,"₹1,430,459",Business,731.5,0,64,60.12,2021-02-08,1
C3541,41.0,Male,South,Secondary,Business,438571.51,"₹260,032",Home,519.8,0,62,70.31,2017-08-12,0
C3542,26.0,Female,North,Post-Graduate,Business,586737.53,"₹376,553",Education,666.9,4,87,17.25,2018-07-27,0
C3543,51.0,Male,South,Secondary,Salaried,524193.19,"₹712,213",Home,601.4,2,90,37.64,2017-01-30,1
C3544,62.0,Female,West,Primary,Unemployed,210932.1,,Medical,510.5,0,65,43.77,2015-01-06,1
C3545,,Male,South,Post-Graduate,Salaried,1963048.73,"₹1,323,050",Education,,5,66,73.11,2018-12-30,0
C3546,24.0,Female,West,Post-Graduate,Salaried,251557.18,"₹419,490",Education,512.2,6,50,52.12,2023-01-07,1
C3547,25.0,Female,East,Post-Graduate,Salaried,479864.58,"₹279,792",Education,610.9,1,93,32.4,2024-08-30,0
C3548,56.0,Female,South,Primary,Business,330230.74,"₹541,283",Education,608.4,2,78,81.4,2023-07-15,1
C3549,34.0,Female,South,Secondary,Salaried,445611.58,"₹177,903",Business,,0,70,221.02,2017-04-09,1
C3550,59.0,Male,South,Graduate,Salaried,838917.57,"₹891,140",Home,752.6,5,76,54.6,2015-12-15,0
C3551,37.0,Male,North,Graduate,Salaried,495788.87,"₹311,989",Education,732.4,0,83,40.99,2019-05-01,0
C3552,70.0,Male,East,Post-Graduate,Self-Employed,541541.62,"₹310,519",Business,611.0,8,113,29.69,2018-05-12,0
C3553,58.0,Male,West,Primary,Unemployed,847770.16,"₹279,057",Home,737.8,0,95,39.82,2018-10-15,0
C3554,40.0,Male,North,Primary,Salaried,5751749.23,"₹254,209",Other,607.5,5,91,43.48,2015-02-08,0
C3555,64.0,Female,North,Primary,Business,290346.14,"₹431,364",Car,639.9,5,41,72.78,2021-08-01,1
C3556,59.0,Male,South,Secondary,Salaried,1431071.16,"₹720,069",Other,582.2,9,50,43.43,2019-07-15,1
C3557,70.0,Female,North,Primary,Business,357410.72,"₹99,102",Business,717.9,5,58,112.96,2021-01-14,0
C3558,,Male,West,Secondary,Unemployed,736964.87,,Home,653.3,4,68,19.37,2015-08-30,0
C3559,58.0,Male,East,Post-Graduate,Salaried,1306741.78,"₹159,400",Medical,719.0,4,80,77.19,2019-09-18,0
C3560,39.0,Male,West,Primary,Salaried,442713.35,"₹582,424",Education,625.2,2,113,56.42,2018-01-29,1
C3561,33.0,Female,North,Graduate,Self-Employed,159828.61,"₹135,071",Home,900.0,3,45,11.72,2018-02-21,0
C3562,59.0,Male,East,Post-Graduate,Self-Employed,814366.47,"₹81,561",Home,629.5,6,74,7.45,2016-10-05,0
C3563,29.0,Male,South,Post-Graduate,Business,610849.32,"₹428,801",Medical,723.3,1,66,12.78,2015-09-05,0
C3564,,Female,North,Graduate,Unemployed,1312035.22,"₹321,966",Business,665.9,0,109,41.74,2015-12-27,0
C3565,54.0,Female,North,Primary,Business,254630.73,"₹348,929",Business,722.6,11,88,28.72,2020-01-11,1
C3566,68.0,Male,West,Secondary,Business,994530.04,"₹819,894",Medical,624.1,4,51,42.58,2024-03-01,0
C3567,51.0,Male,East,Primary,,369885.82,"₹53,098",Other,,0,101,17.69,2017-12-30,0
C3568,48.0,Male,North,Post-Graduate,Self-Employed,,"₹50,000",Other,682.6,0,86,40.91,2023-04-11,0
C3569,40.0,Female,South,Primary,Business,1271321.98,"₹330,628",Education,383.0,3,62,49.97,2026-05-02,0
C3570,67.0,Male,West,Graduate,Self-Employed,247608.05,"₹114,295",Education,571.8,0,75,18.89,2019-11-12,0
C3571,50.0,Female,East,Post-Graduate,Self-Employed,503615.9,,Medical,684.3,1,124,44.24,2015-12-03,0
C3572,58.0,Male,East,Graduate,Salaried,987146.84,"₹1,648,911",Home,664.5,0,164,85.26,2024-07-20,1
C3573,48.0,Male,North,Graduate,Business,3034144.24,"₹508,213",Car,,3,136,44.14,2018-06-23,0
C3574,55.0,Female,West,Graduate,Business,2822838.37,"₹824,971",Home,737.0,9,59,33.98,2017-11-06,0
C3575,47.0,Male,West,Post-Graduate,Salaried,176518.3,"₹555,722",Education,765.7,4,83,118.45,2015-01-23,1
C3576,35.0,Male,South,Primary,Salaried,703220.48,"₹540,411",Education,711.5,5,67,57.07,2022-04-20,0
C3577,19.0,Male,West,Graduate,,565438.79,"₹200,883",Business,778.9,3,106,23.26,2020-12-13,0
C3578,62.0,Male,North,Graduate,Unemployed,265930.37,"₹749,862",Medical,679.8,1,101,36.45,2021-06-28,1
C3579,19.0,Male,West,Post-Graduate,Unemployed,,"₹233,911",Home,616.8,1,168,35.74,2019-06-29,0
C3580,28.0,Female,West,Post-Graduate,Business,,"₹393,328",Medical,733.0,1,77,37.13,2023-12-23,0
C3581,52.0,Male,South,Graduate,Business,225909.36,,Car,609.2,4,126,16.96,2017-01-23,1
C3582,64.0,Female,South,Post-Graduate,Business,452707.93,"₹97,574",Education,504.5,4,82,54.24,2026-06-07,0
C3583,,Male,East,Post-Graduate,Self-Employed,2421403.24,"₹293,362",Other,,5,80,20.23,2024-12-08,0
C3584,69.0,Male,West,Secondary,Salaried,193003.37,"₹467,652",Other,713.0,0,167,14.41,2024-03-18,1
C3585,24.0,Female,South,Graduate,Business,,"₹924,794",Car,739.4,4,102,34.0,2022-09-04,0
C3586,34.0,Male,East,Post-Graduate,Unemployed,812154.62,,Business,659.8,3,72,77.53,2019-07-05,1
C3587,60.0,Male,North,Primary,Business,543912.07,"₹6,468,488",Education,646.7,0,1,38.8,2015-12-20,1
C3588,26.0,Female,South,Secondary,Unemployed,937247.2,"₹179,554",Education,812.9,4,106,26.9,2019-11-04,0
C3589,50.0,Female,South,Post-Graduate,Business,461048.79,"₹1,555,770",Other,656.4,5,99,21.66,2026-06-09,1
C3590,64.0,Female,North,Graduate,Self-Employed,,"₹302,798",Business,804.6,1,170,51.77,2019-11-13,0
C3591,62.0,Male,North,Graduate,Salaried,318225.49,"₹430,699",Medical,810.9,0,78,32.0,2015-04-18,0
C3592,63.0,Female,West,Secondary,Business,2140917.62,,Car,665.5,0,70,22.72,2015-07-22,0
C3593,63.0,Male,West,Secondary,Salaried,545987.88,"₹107,708",Car,647.0,0,97,29.97,2015-12-18,0
C3594,43.0,Male,East,Secondary,Unemployed,530035.62,"₹258,943",Education,624.7,0,56,16.32,2021-12-03,0
C3595,23.0,Male,West,Post-Graduate,Business,544017.5,"₹135,864",Other,784.6,0,131,67.57,2015-05-29,0
C3596,65.0,Male,North,Graduate,Unemployed,186768.0,"₹140,022",Home,737.7,2,68,37.97,2020-03-23,0
C3597,22.0,Male,South,Primary,Business,,"₹129,414",Business,540.0,1,33,14.08,2024-02-21,0
C3598,24.0,Female,West,Graduate,Self-Employed,884542.25,"₹361,086",Business,695.4,0,116,10.16,2024-02-11,0
C3599,42.0,Male,North,Primary,Self-Employed,460169.22,"₹327,627",Car,632.5,0,105,63.2,2018-12-03,0
C3600,62.0,Male,East,Post-Graduate,Self-Employed,185264.93,,Business,592.8,8,8,49.63,2024-05-27,1
C3601,27.0,Male,West,Primary,Salaried,295737.9,"₹139,904",Home,534.8,2,99,48.35,2017-11-08,0
C3602,44.0,Female,West,Post-Graduate,Self-Employed,421792.87,,Car,681.2,0,53,13.69,2016-05-20,0
C3603,54.0,Female,North,Primary,Unemployed,818920.65,"₹202,208",Education,811.4,1,76,57.58,2024-05-22,0
C3604,,Female,East,Post-Graduate,Business,242730.32,"₹512,517",Other,631.8,0,61,22.89,2023-02-11,1
C3605,50.0,Male,West,Secondary,Unemployed,910046.76,"₹168,359",Other,630.6,3,132,280.71,2024-12-23,1
C3606,60.0,Female,West,Primary,Unemployed,174003.52,"₹317,424",Education,676.8,0,102,33.65,2019-07-02,1
C3607,59.0,Male,North,Graduate,Business,251128.69,"₹105,502",Home,,3,117,71.96,2025-05-15,0
C3608,,,North,Secondary,Unemployed,410187.82,"₹2,167,206",Home,558.4,0,138,44.93,2023-06-01,1
C3609,47.0,Male,North,Post-Graduate,Salaried,159859.82,"₹583,701",Car,715.3,5,88,18.99,2018-02-17,1
C3610,51.0,Female,South,Post-Graduate,Salaried,1137759.86,"₹292,780",Car,710.2,0,54,62.66,2022-03-29,0
C3611,,Male,East,Primary,Salaried,419135.94,"₹289,047",Medical,758.0,3,49,58.61,2024-09-28,0
C3612,19.0,Female,South,Primary,Self-Employed,443185.19,"₹177,911",Business,627.6,7,95,21.19,2017-12-20,0
C3613,53.0,Male,West,Secondary,Business,218418.33,"₹293,135",Car,805.5,4,84,43.1,2019-06-13,0
C3614,59.0,Male,West,Graduate,Self-Employed,555892.34,"₹395,079",Education,789.6,4,61,36.94,2022-05-17,0
C3615,25.0,Male,South,Secondary,Unemployed,74618.27,"₹565,601",Medical,597.2,0,53,52.67,2020-11-14,1
C3616,37.0,Male,South,Primary,Business,396277.19,"₹972,100",Business,628.9,0,82,45.79,2025-02-16,1
C3617,64.0,Male,South,Primary,Unemployed,715575.7,"₹623,091",Medical,900.0,4,130,83.44,2024-05-21,0
C3618,41.0,Male,South,Post-Graduate,Salaried,1259709.16,"₹279,214",Home,775.3,1,86,51.95,2015-04-08,0
C3619,25.0,Male,North,Primary,Self-Employed,1078316.98,"₹163,696",Car,720.8,5,114,72.21,2021-04-23,0
C3620,56.0,Male,East,Graduate,,507372.19,"₹360,432",Car,525.1,5,146,78.54,2019-06-21,1
C3621,,Female,South,Post-Graduate,Salaried,1169175.41,"₹372,430",Car,718.8,5,61,23.91,2020-12-26,0
C3622,29.0,Male,North,Primary,Salaried,772306.65,"₹269,112",Education,718.9,0,114,27.08,2018-08-08,0
C3623,24.0,Female,South,Graduate,Salaried,513001.79,"₹581,267",Other,648.5,3,20,80.59,2018-12-20,1
C3624,52.0,Female,North,Graduate,Salaried,737471.63,"₹7,023,400",Other,635.0,0,61,58.36,2022-10-02,1
C3625,39.0,Female,South,Post-Graduate,,608056.61,"₹596,877",Medical,695.2,4,103,25.47,2017-08-28,0
C3626,23.0,,South,Graduate,Self-Employed,236878.87,"₹1,117,962",Business,645.0,3,51,51.09,2019-02-01,1
C3627,19.0,Male,West,Secondary,Unemployed,567922.52,"₹450,266",Other,735.3,0,43,41.02,2023-08-23,0
C3628,28.0,Female,West,Post-Graduate,Business,308708.12,"₹490,855",Home,686.9,4,19,64.88,2026-06-24,1
C3629,37.0,Female,West,Secondary,Business,287885.23,"₹1,293,670",Other,677.0,0,87,32.79,2021-10-15,1
C3630,50.0,Male,West,Graduate,Salaried,457165.15,"₹1,804,765",Education,649.0,7,65,32.74,2023-03-30,1
C3631,,Male,West,Post-Graduate,Salaried,1386469.9,"₹731,440",Education,120.0,1,108,300.0,2022-12-14,1
C3632,58.0,Female,West,Primary,,130930.58,"₹6,943,365",Education,595.6,7,95,28.11,2016-05-11,1
C3633,47.0,Female,West,Primary,Self-Employed,607208.26,"₹213,415",Car,,1,55,8.15,2024-09-26,0
C3634,27.0,Female,West,Primary,Business,746582.05,"₹50,000",Education,718.6,7,16,75.54,2017-05-31,0
C3635,29.0,Other,East,Secondary,Unemployed,1100051.55,"₹140,137",Medical,739.2,0,92,59.65,2015-12-20,0
C3636,66.0,Male,South,Graduate,Salaried,1858902.34,"₹1,266,312",Business,709.1,3,78,26.14,2026-05-31,0
C3637,49.0,Male,East,Graduate,Business,1085539.86,"₹158,921",Education,577.8,1,96,48.83,2017-07-17,0
C3638,37.0,Male,East,Graduate,Self-Employed,521457.01,"₹3,912,942",Other,550.5,4,91,35.01,2019-01-08,1
C3639,28.0,Female,North,Post-Graduate,Salaried,91094.65,"₹162,895",Other,542.1,2,60,70.2,2023-11-23,1
C3640,54.0,Male,North,Primary,Salaried,172822.88,"₹78,691",Education,651.4,5,105,43.69,2021-02-19,0
C3641,33.0,Male,East,Post-Graduate,Salaried,299626.29,"₹1,042,338",Medical,698.8,0,95,48.35,2018-05-11,1
C3642,34.0,Male,East,Post-Graduate,Salaried,1430739.35,"₹189,136",Business,410.6,3,103,19.76,2025-08-18,0
C3643,60.0,Female,North,Graduate,Business,526924.03,"₹145,291",Other,736.1,1,165,50.72,2025-08-22,0
C3644,43.0,Female,North,Secondary,Unemployed,518217.06,"₹203,930",Education,659.7,0,41,31.31,2021-10-28,0
C3645,27.0,Male,East,Secondary,Salaried,189241.09,"₹82,216",Medical,864.4,3,116,36.94,2021-12-02,0
C3646,36.0,Female,East,Secondary,Salaried,314871.03,"₹866,768",Car,686.4,2,84,14.57,2019-01-07,1
C3647,54.0,Male,South,Graduate,Business,1772537.47,"₹276,647",Home,555.5,0,81,25.6,2019-12-26,0
C3648,59.0,Female,West,Graduate,Salaried,43697.09,"₹687,742",Car,700.6,3,90,36.43,2025-06-26,1
C3649,33.0,Female,West,Secondary,Business,899462.32,"₹101,088",Business,686.5,6,18,73.07,2023-10-22,0
C3650,64.0,Female,West,Secondary,Salaried,887100.17,"₹50,000",Home,606.7,3,105,64.8,2022-12-19,0
C3651,35.0,Female,North,Post-Graduate,Self-Employed,73371.47,"₹160,140",Medical,673.2,0,99,61.58,2023-11-15,1
C3652,60.0,Male,North,Graduate,,491631.01,"₹338,452",Home,590.0,8,126,75.11,2019-03-14,1
C3653,25.0,Female,North,Graduate,Business,345192.78,"₹239,792",Car,710.2,6,49,25.83,2023-05-21,0
C3654,55.0,Female,East,Graduate,Salaried,602588.54,,Other,624.7,2,26,137.3,2024-05-21,1
C3655,44.0,Male,North,Graduate,Salaried,146988.4,"₹435,149",Home,720.1,0,114,26.37,2018-07-18,1
C3656,19.0,Male,South,Graduate,Business,463058.39,"₹223,688",Home,590.5,3,49,48.2,2023-12-06,0
C3657,48.0,Female,North,Secondary,,304059.24,"₹56,815",Other,605.5,0,30,85.96,2017-09-13,0
C3658,51.0,Female,South,Post-Graduate,Unemployed,766493.46,"₹451,950",Other,576.5,0,183,68.5,2022-09-02,0
C3659,49.0,,South,Graduate,Self-Employed,357038.59,"₹287,938",Medical,,0,25,128.56,2017-10-11,1
C3660,40.0,Male,North,Graduate,Unemployed,,"₹267,491",Other,574.0,4,11,48.5,2021-09-02,0
C3661,25.0,,North,Primary,Self-Employed,584928.13,"₹202,083",Other,641.3,1,80,127.36,2024-05-28,0
C3662,53.0,Male,West,Graduate,Salaried,818052.82,,Medical,725.0,6,92,37.55,2019-06-13,0
C3663,26.0,Female,West,Primary,Unemployed,594969.42,"₹591,515",Business,605.2,0,87,7.78,2025-07-26,0
C3664,19.0,Male,South,Primary,Self-Employed,132559.14,"₹128,315",Home,663.3,3,64,56.14,2017-07-30,0
C3665,41.0,Female,East,Graduate,Salaried,252233.94,,Home,,0,105,40.59,2025-11-04,1
C3666,35.0,Male,East,Primary,,767267.78,"₹405,902",Business,705.2,3,81,36.22,2026-01-10,0
C3667,23.0,Female,West,Post-Graduate,Self-Employed,168400.48,"₹206,228",Medical,559.4,0,73,37.76,2024-01-02,0
C3668,70.0,Male,South,Post-Graduate,Salaried,1030428.79,"₹549,570",Home,610.7,0,69,107.21,2023-10-28,0
C3669,20.0,Male,East,Graduate,Salaried,292023.35,"₹80,703",Car,863.3,0,130,24.32,2018-05-05,0
C3670,62.0,Male,North,Primary,,4812298.68,"₹361,013",Medical,720.5,5,156,21.22,2021-06-24,0
C3671,25.0,Male,North,Graduate,Salaried,196641.01,"₹913,425",Car,695.7,0,63,22.95,2026-02-17,1
C3672,40.0,Female,East,Secondary,Business,206849.14,"₹372,790",Business,794.7,0,122,33.37,2016-11-06,0
C3673,63.0,Male,South,Graduate,Salaried,,"₹509,266",Home,593.4,2,56,81.91,2018-04-20,1
C3674,68.0,Male,East,Primary,Self-Employed,365445.6,"₹98,914",Home,609.9,5,115,14.24,2016-04-25,0
C3675,68.0,Male,East,Primary,Salaried,1038323.54,"₹1,275,452",Car,721.3,3,122,78.39,2026-01-06,1
C3676,33.0,Female,West,Graduate,Business,545575.9,"₹594,464",Other,755.4,4,116,5.92,2025-06-23,0
C3677,60.0,Female,North,Secondary,Unemployed,695339.69,"₹216,163",Business,787.9,3,138,57.21,2018-09-05,0
C3678,25.0,Male,North,Graduate,Business,921274.14,"₹1,194,765",Car,,0,76,27.43,2016-10-10,0
C3679,70.0,Other,West,Primary,Business,750439.11,"₹87,656",Car,626.1,7,141,31.17,2023-03-08,0
C3680,35.0,Male,North,Primary,Unemployed,619655.13,"₹941,375",Car,783.2,2,65,35.09,2025-02-08,0
C3681,41.0,Female,East,Secondary,Business,,"₹211,826",Medical,603.1,2,87,10.76,2015-09-07,0
C3682,64.0,Female,West,Secondary,Unemployed,1539425.21,"₹332,813",Medical,688.7,0,85,24.81,2016-03-11,0
C3683,58.0,Male,South,Graduate,Salaried,632940.7,,Other,623.2,4,54,55.23,2022-12-22,1
C3684,33.0,Female,North,Secondary,Self-Employed,2610860.94,"₹895,206",Other,720.7,0,133,16.49,2020-10-08,0
C3685,66.0,Female,West,Graduate,Business,1491438.9,,Home,665.2,2,100,18.99,2025-05-05,0
C3686,20.0,Male,North,Graduate,Business,1111688.8,"₹843,677",Medical,540.3,5,129,29.32,2025-11-19,0
C3687,20.0,Female,East,Post-Graduate,Self-Employed,387670.16,"₹133,273",Home,751.8,1,93,148.83,2018-07-23,0
C3688,39.0,Male,North,Primary,Business,1719489.64,"₹153,801",Car,597.7,8,157,26.67,2016-03-26,0
C3689,61.0,Female,South,Primary,Self-Employed,991861.26,"₹1,068,337",Home,700.2,0,99,21.32,2025-05-18,0
C3690,52.0,Male,South,Graduate,Salaried,421838.09,"₹192,934",Car,650.7,11,109,81.91,2015-02-22,1
C3691,38.0,Female,North,Secondary,Unemployed,1104862.74,"₹619,423",Medical,642.3,0,91,146.38,2026-04-09,1
C3692,36.0,Male,West,Post-Graduate,Self-Employed,154988.62,"₹166,653",Home,,0,94,79.54,2017-10-02,0
C3693,45.0,Female,West,Primary,Salaried,1019262.85,"₹3,316,318",Medical,652.0,5,45,63.93,2024-09-01,1
C3694,46.0,Male,West,Primary,Salaried,531180.07,"₹805,780",Home,613.4,5,47,30.02,2025-10-16,1
C3695,31.0,Female,South,Graduate,Salaried,209680.42,"₹451,860",Other,712.0,9,34,25.29,2015-04-23,1
C3696,,Female,East,Secondary,Self-Employed,82706.22,"₹234,058",Car,674.6,6,36,38.27,2016-08-24,1
C3697,68.0,Male,West,Graduate,Unemployed,279018.35,"₹421,527",Car,755.4,3,77,29.38,2021-02-09,0
C3698,36.0,Female,West,Secondary,Business,526935.54,"₹121,579",Other,598.1,5,98,40.54,2025-07-27,0
C3699,33.0,Male,North,Post-Graduate,Self-Employed,745178.9,,Education,685.2,7,105,61.32,2020-02-25,0
C3700,38.0,Male,North,Post-Graduate,Salaried,419578.56,"₹179,339",Education,745.0,5,146,32.1,2020-02-23,0
C3701,64.0,Female,West,Primary,Business,1748446.99,"₹190,099",Home,666.7,1,51,29.88,2021-05-24,0
C3702,57.0,Male,West,Primary,Self-Employed,576408.19,"₹845,877",Home,677.2,1,27,13.68,2024-11-22,0
C3703,19.0,Male,South,Post-Graduate,Business,235934.47,"₹369,832",Other,532.4,4,28,32.94,2017-04-07,1
C3704,28.0,Male,East,Secondary,Business,1302051.92,"₹83,994",Home,,5,68,60.23,2020-05-05,0
C3705,20.0,Female,East,Secondary,Salaried,542518.0,"₹225,725",Other,641.4,8,106,18.48,2016-07-06,0
C3706,50.0,Male,West,Primary,Unemployed,251379.03,"₹161,568",Medical,700.2,4,119,52.59,2025-11-30,0
C3707,30.0,Male,South,Secondary,Salaried,425831.32,"₹470,364",Other,709.7,4,101,117.3,2017-03-24,1
C3708,49.0,Female,North,Primary,Salaried,1256941.37,"₹231,034",Home,714.6,0,72,43.23,2017-08-01,0
C3709,54.0,Female,West,Secondary,Business,325416.47,"₹8,385,041",Medical,693.0,2,80,13.19,2016-02-09,1
C3710,53.0,Female,East,Primary,Salaried,243296.91,"₹95,588",Education,731.2,2,68,140.99,2018-08-17,0
C3711,18.0,Male,South,Post-Graduate,Business,193797.36,"₹338,951",Other,,6,101,67.8,2022-07-24,1
C3712,49.0,Female,West,Secondary,Unemployed,314727.44,"₹588,717",Other,676.8,5,119,43.75,2018-08-01,1
C3713,55.0,Male,North,Post-Graduate,Business,1398974.12,"₹372,913",Car,753.3,4,143,88.75,2025-03-19,0
C3714,65.0,Male,West,Post-Graduate,Salaried,1060071.7,"₹2,085,094",Education,,7,74,88.07,2015-10-19,1
C3715,19.0,Male,North,Primary,Self-Employed,218451.67,"₹1,337,169",Other,602.7,5,95,163.0,2023-04-21,1
C3716,68.0,Male,West,Post-Graduate,Business,378838.09,"₹50,000",Other,592.1,1,98,21.17,2019-02-25,0
C3717,49.0,Male,South,Secondary,Salaried,2188360.07,"₹109,298",Medical,660.7,5,110,155.8,2017-12-28,1
C3718,22.0,Female,South,Post-Graduate,Self-Employed,333269.32,"₹233,064",Car,594.9,3,59,6.78,2023-08-08,0
C3719,58.0,Female,South,Graduate,Business,575837.66,"₹429,779",Home,633.7,5,49,137.95,2020-08-12,1
C3720,33.0,Male,North,Post-Graduate,Salaried,281285.69,"₹455,846",Business,653.0,2,167,159.73,2022-03-24,1
C3721,62.0,Male,East,Post-Graduate,Unemployed,488585.22,"₹443,929",Business,666.9,0,90,13.02,2022-06-23,0
C3722,69.0,Female,East,Graduate,Salaried,839174.47,"₹220,914",Medical,591.2,2,94,33.3,2021-02-04,0
C3723,36.0,Male,East,Post-Graduate,Business,349775.43,"₹164,867",Business,771.5,4,143,118.23,2016-09-04,0
C3724,62.0,Male,East,Primary,Salaried,,"₹227,578",Medical,663.4,0,57,57.29,2015-12-26,0
C3725,60.0,Male,South,Post-Graduate,Unemployed,721183.55,"₹526,130",Education,714.8,1,123,30.93,2016-06-05,0
C3726,39.0,Male,East,Post-Graduate,Self-Employed,,"₹461,194",Education,670.7,1,1,157.47,2015-10-10,1
C3727,31.0,Male,North,Post-Graduate,Salaried,88345.08,"₹640,777",Medical,596.5,0,111,40.52,2023-02-17,1
C3728,69.0,Male,West,Post-Graduate,,,"₹194,824",Medical,775.1,1,110,47.52,2016-11-07,0
C3729,51.0,Other,North,Graduate,Salaried,325627.74,"₹243,743",Home,,0,127,12.21,2019-06-05,0
C3730,46.0,Male,South,Primary,Business,336728.22,"₹512,220",Other,675.2,1,24,40.4,2018-06-15,0
C3731,46.0,Male,South,Post-Graduate,Business,,"₹78,417",Other,712.3,5,123,39.97,2016-03-06,0
C3732,45.0,Male,North,Primary,Self-Employed,1030410.43,"₹304,726",Home,690.1,1,103,11.21,2017-10-14,0
C3733,57.0,Female,East,Graduate,Self-Employed,376677.99,"₹540,487",Education,651.2,4,120,39.33,2015-02-07,1
C3734,20.0,Male,West,Primary,Self-Employed,25315041.93,"₹487,754",Other,741.7,7,161,62.58,2017-07-07,0
C3735,64.0,Female,South,Graduate,Business,408228.62,"₹160,131",Business,635.5,3,63,16.81,2016-10-12,0
C3736,,Female,East,Post-Graduate,Unemployed,337093.54,"₹217,255",Business,588.6,8,167,40.46,2025-04-23,1
C3737,52.0,Female,South,Graduate,Business,519732.86,"₹97,765",Home,736.8,2,62,63.6,2021-09-19,0
C3738,70.0,Male,East,Primary,Unemployed,131199.68,"₹259,158",Home,789.9,4,130,86.18,2021-04-02,1
C3739,28.0,,East,Primary,,2664102.42,"₹625,302",Home,748.8,7,120,53.49,2024-10-13,0
C3740,61.0,Female,South,Post-Graduate,Unemployed,433321.22,"₹311,752",Home,582.7,8,185,51.92,2018-05-10,1
C3741,25.0,Male,South,Post-Graduate,Unemployed,,"₹201,020",Education,834.5,6,82,25.5,2016-03-24,0
C3742,54.0,Male,North,Secondary,Salaried,,"₹298,609",Medical,675.3,0,61,59.66,2025-06-25,0
C3743,30.0,Male,North,Primary,Salaried,426700.98,"₹63,802",Car,703.2,7,110,40.45,2017-01-12,0
C3744,41.0,Male,East,Primary,Salaried,671684.7,"₹282,449",Car,631.7,3,47,36.66,2024-09-07,0
C3745,25.0,Male,East,Post-Graduate,Business,,"₹870,894",Car,773.5,4,68,12.78,2024-09-17,0
C3746,41.0,Male,North,Post-Graduate,Business,297670.79,"₹50,000",Other,746.9,4,101,130.86,2015-06-18,0
C3747,60.0,Female,South,Post-Graduate,Unemployed,,"₹186,934",Other,769.3,1,108,72.67,2026-01-13,0
C3748,27.0,Female,West,Secondary,Unemployed,397198.81,"₹325,008",Car,676.1,1,140,38.99,2019-09-20,0
C3749,67.0,Male,East,Secondary,Salaried,239876.74,"₹162,002",Medical,586.1,0,132,94.78,2017-02-03,0
C3750,64.0,Male,North,Post-Graduate,Unemployed,800683.78,"₹62,249",Home,746.5,0,118,47.91,2015-12-08,0
C3751,32.0,Female,North,Primary,Self-Employed,364521.73,"₹167,518",Medical,837.2,0,109,80.77,2025-07-19,0
C3752,33.0,Female,East,Graduate,Unemployed,722985.29,"₹147,758",Home,601.6,0,112,73.64,2026-04-27,0
C3753,,Male,West,Primary,Salaried,490201.26,,Education,620.6,7,132,14.06,2016-03-21,0
C3754,54.0,,West,Primary,Business,387541.01,"₹666,798",Car,714.0,0,59,16.83,2017-05-11,0
C3755,61.0,Male,North,Post-Graduate,Business,298694.57,"₹443,530",Car,677.0,0,131,32.48,2017-02-24,0
C3756,58.0,Female,South,Post-Graduate,Business,183185.9,"₹356,516",Other,640.2,2,129,59.51,2020-09-14,1
C3757,46.0,Male,South,Primary,Salaried,217627.66,"₹181,721",Car,697.5,2,114,32.04,2017-11-04,0
C3758,27.0,Other,North,Post-Graduate,Salaried,199610.22,"₹119,467",Car,607.8,2,93,21.27,2015-07-03,0
C3759,67.0,Female,West,Post-Graduate,Salaried,654228.22,"₹184,915",Education,,0,101,32.06,2026-05-24,0
C3760,26.0,Female,West,Post-Graduate,Unemployed,420786.67,"₹176,587",Home,678.0,1,102,138.53,2021-02-27,0
C3761,64.0,Female,East,Primary,Business,363710.85,"₹70,270",Medical,707.9,0,46,35.4,2021-04-03,0
C3762,,Male,West,Graduate,Unemployed,268971.18,"₹301,757",Education,516.1,0,144,185.76,2023-08-15,1
C3763,52.0,Female,South,Post-Graduate,Salaried,,"₹292,507",Home,743.6,2,191,37.5,2018-04-09,0
C3764,,Female,South,Post-Graduate,Self-Employed,125887.4,"₹211,692",Other,651.2,1,149,51.13,2022-08-04,1
C3765,42.0,Male,North,Graduate,Unemployed,822092.15,"₹180,659",Medical,676.8,4,92,42.48,2024-10-25,0
C3766,50.0,Male,South,Secondary,Self-Employed,2485670.85,"₹452,328",Car,723.2,2,49,45.92,2026-03-01,0
C3767,28.0,Male,West,Primary,Self-Employed,1759558.62,"₹362,758",Medical,,5,21,116.03,2015-04-25,0
C3768,36.0,Male,North,Post-Graduate,Unemployed,760381.04,"₹215,817",Car,666.7,4,62,24.69,2023-08-22,0
C3769,33.0,Female,North,Post-Graduate,Unemployed,888346.46,"₹97,541",Education,765.2,0,89,26.84,2018-04-14,0
C3770,,Female,East,Post-Graduate,Unemployed,358208.1,"₹407,838",Business,756.2,2,64,74.5,2024-03-08,0
C3771,21.0,Female,East,Secondary,Self-Employed,796286.98,"₹212,008",Other,727.0,3,65,46.76,2025-02-08,0
C3772,18.0,Male,West,Secondary,Business,282994.69,"₹1,766,537",Business,487.4,6,135,24.7,2023-12-30,1
C3773,30.0,Female,South,Secondary,Unemployed,690141.71,"₹609,864",Education,758.0,3,70,41.52,2026-01-21,0
C3774,26.0,Male,West,Post-Graduate,Unemployed,270627.43,,Business,656.9,2,107,32.69,2017-09-02,1
C3775,,Male,East,Secondary,Unemployed,267066.32,,Education,654.7,4,102,72.22,2016-03-25,0
C3776,56.0,Female,East,Primary,Salaried,5538996.64,"₹331,098",Car,568.0,1,56,49.04,2017-03-06,0
C3777,49.0,Male,South,Post-Graduate,Unemployed,390104.34,"₹833,210",Car,648.4,1,142,39.7,2017-06-10,1
C3778,,Female,East,Graduate,Unemployed,191396.17,"₹442,949",Home,682.8,6,74,37.49,2024-04-24,1
C3779,47.0,Male,North,Graduate,Salaried,464159.6,"₹152,413",Other,761.9,0,102,42.26,2025-02-19,0
C3780,66.0,Male,West,Graduate,Salaried,357886.83,"₹328,545",Medical,676.2,5,110,29.91,2026-02-22,0
C3781,34.0,Male,South,Primary,,1283833.89,"₹461,174",Car,,0,76,20.84,2019-03-11,0
C3782,,Male,West,Primary,Unemployed,108058.03,"₹377,055",Medical,825.6,8,55,8.98,2023-02-03,1
C3783,43.0,Male,West,Primary,Business,1286877.33,"₹333,916",Business,720.0,0,137,21.7,2021-11-21,0
C3784,26.0,Male,West,Secondary,Self-Employed,243896.97,"₹679,681",Business,630.6,3,156,84.91,2021-08-23,1
C3785,61.0,Male,East,Graduate,Unemployed,558462.13,"₹1,752,584",Medical,610.3,4,62,12.06,2025-09-26,1
C3786,38.0,Male,West,Secondary,Business,382343.71,"₹50,000",Home,690.2,4,99,15.81,2018-03-17,0
C3787,33.0,Male,West,Secondary,Self-Employed,416025.3,"₹4,517,991",Education,689.5,0,178,43.56,2025-08-17,1
C3788,57.0,Male,North,Secondary,Self-Employed,272587.78,"₹635,243",Car,634.2,1,184,15.3,2024-07-08,1
C3789,65.0,,East,Graduate,Unemployed,138224.75,"₹124,988",Home,,6,128,62.55,2022-09-13,0
C3790,62.0,Female,East,Secondary,Salaried,310738.32,,Car,738.1,0,77,18.97,2016-08-03,0
C3791,66.0,Female,South,Graduate,Salaried,698635.03,"₹103,748",Home,792.2,2,139,17.11,2025-12-10,0
C3792,35.0,,North,Primary,Business,85194.95,"₹143,498",Education,656.6,3,74,21.62,2023-10-25,1
C3793,60.0,Female,North,Post-Graduate,Salaried,498212.05,"₹184,534",Car,,4,111,78.02,2018-05-15,0
C3794,35.0,Female,East,Primary,Unemployed,554741.74,"₹237,212",Home,,1,140,35.91,2017-12-04,0
C3795,31.0,Male,North,Post-Graduate,Salaried,1465508.91,,Other,729.4,0,82,32.42,2024-09-24,0
C3796,31.0,Male,East,Primary,Self-Employed,,"₹707,484",Home,769.3,0,56,82.11,2015-12-03,0
C3797,40.0,,West,Post-Graduate,Salaried,368309.65,"₹166,656",Car,651.9,2,21,220.21,2026-01-12,1
C3798,34.0,Female,South,Primary,Business,,"₹113,445",Car,605.6,0,120,68.5,2017-11-28,1
C3799,,Male,North,Graduate,Business,131644.48,"₹493,780",Other,550.5,7,108,39.7,2023-10-06,1
C3800,26.0,Female,South,Post-Graduate,Business,209907.59,"₹2,463,765",Home,689.5,2,69,24.79,2026-06-24,1
C3801,26.0,Female,East,Post-Graduate,Unemployed,870550.31,"₹417,692",Other,603.3,7,60,36.39,2022-03-28,0
C3802,41.0,Male,East,Graduate,Self-Employed,1230221.65,"₹198,245",Home,,2,104,35.39,2016-10-17,0
C3803,64.0,Male,East,Post-Graduate,Business,2537257.85,"₹156,329",Other,736.7,6,88,19.66,2022-03-29,0
C3804,35.0,Male,West,Primary,Self-Employed,357788.47,"₹52,098",Business,602.4,9,127,96.59,2022-08-07,1
C3805,18.0,Female,West,Graduate,Salaried,700720.97,"₹128,346",Home,661.2,2,188,61.06,2025-05-19,0
C3806,48.0,Male,South,Secondary,Self-Employed,462596.86,"₹1,047,385",Other,545.3,8,132,44.81,2025-12-20,1
C3807,30.0,Male,South,Post-Graduate,Unemployed,1192748.79,"₹2,928,973",Education,694.5,1,200,16.57,2018-07-10,1
C3808,52.0,Female,South,Secondary,Self-Employed,695572.95,"₹1,759,284",Education,666.1,2,128,216.74,2017-02-28,1
C3809,47.0,Male,East,Primary,Unemployed,462478.6,"₹1,629,541",Business,584.2,3,78,42.37,2021-08-06,1
C3810,27.0,Male,East,Secondary,Unemployed,203929.17,"₹214,888",Education,788.1,3,64,42.08,2018-02-06,0
C3811,24.0,Male,North,Secondary,Salaried,131518.0,"₹1,524,789",Car,690.4,8,84,37.47,2022-02-27,1
C3812,41.0,Female,West,Secondary,Salaried,415790.13,"₹772,621",Medical,699.3,4,102,45.89,2025-05-01,1
C3813,52.0,,East,Primary,Business,749675.96,"₹175,298",Other,740.9,1,1,257.79,2018-12-28,1
C3814,21.0,Female,East,Secondary,Business,845189.43,"₹422,790",Business,613.8,8,65,16.84,2022-04-04,0
C3815,58.0,Male,North,Secondary,Self-Employed,795258.47,"₹221,747",Home,513.1,2,52,153.43,2017-12-10,1
C3816,60.0,Female,North,Primary,Salaried,433364.42,"₹822,054",Car,540.3,0,90,19.8,2018-11-16,1
C3817,54.0,,South,Primary,Unemployed,852276.99,"₹331,837",Business,781.4,3,49,31.11,2019-07-10,0
C3818,26.0,Male,South,Post-Graduate,Unemployed,1519240.26,"₹462,507",Medical,658.6,0,84,30.74,2024-05-14,0
C3819,56.0,Male,West,Graduate,Business,1767212.96,"₹401,831",Education,702.3,3,39,45.75,2020-09-08,0
C3820,68.0,Male,East,Secondary,,576486.14,"₹455,080",Business,645.9,4,55,45.76,2026-05-29,0
C3821,39.0,Female,East,Post-Graduate,Salaried,159338.98,"₹453,462",Medical,746.1,2,167,75.33,2018-05-27,1
C3822,53.0,Female,West,Secondary,Self-Employed,570876.57,,Business,639.8,7,79,13.28,2023-08-31,0
C3823,31.0,Male,West,Secondary,Unemployed,320596.87,"₹173,819",Business,623.0,7,26,129.0,2018-04-09,1
C3824,,Male,East,Primary,Self-Employed,265247.87,"₹62,408",Medical,840.8,6,135,36.88,2017-12-19,0
C3825,27.0,Male,East,Graduate,Self-Employed,,"₹166,605",Education,816.7,4,93,27.15,2021-02-20,0
C3826,34.0,Male,North,Graduate,Salaried,,"₹106,536",Medical,680.5,6,102,22.55,2018-06-10,0
C3827,59.0,Male,East,Secondary,Salaried,515788.13,"₹77,208",Car,773.7,0,97,40.9,2023-05-31,0
C3828,43.0,Female,East,Graduate,Unemployed,,"₹231,231",Education,700.6,4,41,20.92,2016-05-18,1
C3829,21.0,Male,South,Post-Graduate,Business,973312.49,"₹545,261",Education,806.5,0,150,15.61,2016-10-14,0
C3830,64.0,Female,South,Post-Graduate,Salaried,2000579.57,,Business,120.0,4,161,16.75,2015-08-13,1
C3831,46.0,Female,North,Secondary,Self-Employed,519320.24,"₹77,350",Car,717.5,2,32,29.36,2016-11-15,0
C3832,32.0,Male,North,Primary,Self-Employed,789478.93,"₹130,348",Business,622.5,0,84,47.87,2026-03-15,0
C3833,47.0,,North,Primary,Salaried,693380.77,"₹473,451",Medical,602.9,3,106,32.18,2018-05-18,0
C3834,38.0,Female,North,Post-Graduate,Salaried,284831.8,"₹3,624,699",Business,635.2,0,109,25.58,2019-01-21,1
C3835,32.0,Male,West,Post-Graduate,Unemployed,127199.21,"₹227,772",Education,637.9,5,136,53.63,2021-08-15,1
C3836,32.0,Male,West,Secondary,Self-Employed,342081.9,"₹430,232",Home,,1,26,105.05,2017-07-13,1
C3837,33.0,Female,East,Post-Graduate,Business,500702.0,"₹185,195",Other,730.8,6,96,27.02,2023-03-04,0
C3838,36.0,Female,North,Primary,Salaried,254731.65,"₹248,469",Business,584.7,3,141,50.57,2018-06-13,0
C3839,65.0,Male,North,Secondary,Self-Employed,815427.92,"₹152,076",Education,608.4,0,67,49.17,2016-04-10,0
C3840,,Male,West,Secondary,Self-Employed,182724.21,"₹106,313",Car,545.0,11,120,7.94,2016-02-15,1
C3841,68.0,Male,South,Secondary,Business,678453.72,"₹144,343",Education,865.5,0,81,44.21,2021-08-04,0
C3842,,Male,North,Secondary,Self-Employed,403615.63,"₹124,369",Car,616.5,0,69,28.82,2025-08-24,0
C3843,30.0,Male,West,Primary,Business,905706.0,"₹476,945",Education,558.7,0,120,19.98,2017-12-13,0
C3844,24.0,Female,West,Graduate,Salaried,6345127.77,"₹282,026",Education,654.9,7,79,30.53,2025-11-22,0
C3845,32.0,Female,East,Primary,Unemployed,1116967.89,"₹241,497",Education,574.2,4,75,80.42,2025-09-12,0
C3846,60.0,Female,West,Graduate,Self-Employed,1171543.18,"₹923,007",Education,,5,46,60.55,2022-07-24,0
C3847,21.0,Male,South,Secondary,Unemployed,207373.83,"₹234,737",Education,675.6,2,60,137.01,2022-02-09,1
C3848,41.0,Male,North,Post-Graduate,Business,275163.86,"₹314,418",Business,623.0,6,57,58.62,2024-01-14,1
C3849,29.0,Male,North,Graduate,Business,260395.38,"₹50,000",Medical,667.5,3,141,33.18,2019-07-23,0
C3850,66.0,Female,East,Primary,Unemployed,,,Other,597.0,0,69,44.79,2020-08-07,0
C3851,31.0,Male,North,Post-Graduate,Self-Employed,1961321.24,"₹289,474",Home,631.6,2,49,33.36,2018-11-26,0
C3852,58.0,Female,North,Secondary,Self-Employed,3745609.66,"₹3,633,850",Education,714.8,3,57,35.74,2021-08-30,0
C3853,18.0,Male,North,Secondary,Unemployed,277999.34,"₹58,418",Car,579.0,8,60,24.97,2018-03-13,0
C3854,21.0,Male,West,Post-Graduate,Self-Employed,708713.36,"₹216,182",Other,544.5,7,69,38.2,2017-08-17,0
C3855,69.0,Male,North,Primary,Business,1891398.26,"₹320,110",Car,732.9,5,65,67.58,2025-06-24,0
C3856,38.0,Other,North,Primary,Business,164205.17,"₹598,788",Car,520.1,4,69,42.05,2023-05-29,1
C3857,,Female,East,Secondary,Unemployed,397552.69,"₹600,498",Home,751.7,0,31,47.29,2025-04-25,0
C3858,49.0,Female,East,Post-Graduate,Self-Employed,1169484.65,"₹515,055",Medical,640.0,0,82,53.24,2023-12-06,0
C3859,,Female,East,Secondary,,235445.62,"₹1,113,633",Business,837.8,2,62,23.7,2022-04-09,1
C3860,19.0,Male,North,Primary,,261075.88,"₹652,094",Home,577.7,4,64,19.22,2016-10-08,1
C3861,61.0,Female,West,Graduate,Unemployed,444457.73,"₹350,600",Home,793.4,8,78,38.06,2023-12-02,0
C3862,43.0,Female,North,Graduate,Salaried,2204389.76,"₹157,504",Medical,587.2,6,90,15.95,2021-09-17,0
C3863,30.0,Female,North,Primary,,355665.21,,Education,717.1,4,1,70.96,2024-09-18,1
C3864,44.0,Female,East,Primary,Business,1342174.6,"₹309,393",Other,657.6,3,170,51.42,2022-06-04,0
C3865,39.0,Male,North,Graduate,Salaried,269372.19,"₹500,000",Home,645.8,0,1,11.51,2018-05-20,0
C3866,70.0,Female,North,Primary,Salaried,2325932.84,"₹95,699",Medical,718.7,0,143,82.63,2020-03-11,0
C3867,59.0,Female,West,Primary,Unemployed,2897760.27,"₹209,024",Other,,0,111,55.0,2025-10-11,0
C3868,40.0,Male,East,Graduate,Unemployed,761491.64,"₹50,000",Car,699.2,2,110,6.93,2017-09-18,0
C3869,19.0,Female,West,Graduate,Business,,"₹337,777",Home,726.4,1,145,64.78,2015-08-02,0
C3870,29.0,Female,South,Post-Graduate,Salaried,580854.59,"₹439,189",Education,517.3,0,141,20.49,2023-05-23,0
C3871,28.0,Female,North,Primary,Salaried,830086.74,"₹56,372",Home,758.2,0,95,13.52,2016-01-22,0
C3872,48.0,Male,East,Post-Graduate,Unemployed,,"₹236,607",Medical,767.8,2,116,27.51,2024-09-06,0
C3873,28.0,Female,South,Graduate,,1605215.28,"₹471,077",Car,590.2,1,112,48.84,2025-11-06,0
C3874,50.0,Male,South,Post-Graduate,Salaried,324609.49,"₹1,090,873",Medical,622.7,7,68,16.9,2018-11-24,1
C3875,63.0,Male,South,Primary,Self-Employed,618712.02,"₹419,961",Other,611.9,4,103,25.38,2023-06-19,0
C3876,36.0,Male,East,Post-Graduate,Unemployed,,"₹86,431",Business,749.8,0,19,23.72,2025-04-03,0
C3877,27.0,Female,South,Primary,,134295.65,"₹186,420",Car,,1,79,22.0,2025-10-08,1
C3878,62.0,Male,South,Secondary,Business,344187.88,"₹100,609",Business,651.7,4,116,75.06,2018-10-25,0
C3879,33.0,Male,East,Primary,Business,498566.16,"₹254,149",Business,694.7,6,75,31.99,2024-07-09,0
C3880,62.0,Female,North,Graduate,Self-Employed,372510.53,"₹223,604",Medical,874.1,4,111,119.82,2016-11-28,0
C3881,38.0,Male,South,Primary,Unemployed,547319.24,"₹842,925",Medical,712.4,3,28,37.37,2023-07-02,0
C3882,33.0,Male,North,Post-Graduate,Salaried,446605.35,"₹243,555",Home,611.0,6,100,49.23,2020-02-23,0
C3883,18.0,Female,East,Post-Graduate,Self-Employed,280765.37,"₹874,285",Education,584.2,0,19,46.57,2016-10-23,1
C3884,64.0,Other,North,Secondary,Salaried,1220734.6,"₹187,041",Car,739.2,1,114,11.9,2018-06-13,0
C3885,46.0,Female,East,Primary,Business,462772.75,"₹74,885",Business,766.2,0,111,78.34,2016-08-13,0
C3886,68.0,Male,East,Primary,Business,313975.24,"₹225,567",Home,549.3,1,64,46.93,2022-08-03,0
C3887,31.0,Male,South,Secondary,Business,168346.81,"₹353,241",Car,,1,58,162.38,2018-08-01,1
C3888,61.0,Male,West,Graduate,Unemployed,185287.66,"₹103,202",Car,655.4,6,1,60.66,2016-01-23,0
C3889,65.0,Female,East,Post-Graduate,Self-Employed,768238.99,"₹181,167",Business,622.2,4,102,22.91,2026-06-20,0
C3890,34.0,Male,West,Primary,Salaried,1022980.39,"₹792,116",Education,708.7,0,113,16.2,2024-03-06,0
C3891,38.0,Male,East,Graduate,Self-Employed,204060.86,"₹209,590",Business,676.6,9,145,23.51,2024-10-14,1
C3892,30.0,Female,South,Secondary,Unemployed,520826.1,,Business,685.3,1,56,116.07,2026-06-23,0
C3893,48.0,Male,West,Post-Graduate,Self-Employed,2201582.63,"₹670,528",Business,667.9,6,95,72.04,2016-01-29,0
C3894,44.0,Male,South,Post-Graduate,Self-Employed,279987.12,"₹187,029",Business,769.6,9,82,72.64,2023-10-03,0
C3895,45.0,Female,West,Primary,Business,357294.21,"₹433,454",Home,614.5,1,58,90.16,2016-02-04,1
C3896,68.0,Other,North,Secondary,Unemployed,,"₹238,512",Education,616.6,10,74,28.44,2018-02-13,1
C3897,26.0,Male,East,Primary,Self-Employed,3529108.44,"₹175,675",Education,676.2,0,65,62.73,2015-12-26,0
C3898,20.0,Male,North,Secondary,Unemployed,1121062.37,"₹4,349,465",Home,604.4,1,30,36.36,2025-05-20,1
C3899,68.0,Male,West,Post-Graduate,Business,454799.31,"₹458,910",Business,736.8,5,126,46.55,2018-12-08,0
C3900,66.0,Female,West,Primary,Self-Employed,386808.26,,Business,734.2,2,24,36.88,2020-07-11,0
C3901,20.0,Male,North,Primary,Salaried,712016.36,"₹310,545",Other,980.0,4,72,53.92,2025-01-02,0
C3902,,Female,East,Primary,Business,1520936.97,"₹7,308,228",Business,565.9,2,129,19.56,2024-01-04,1
C3903,28.0,Other,South,Secondary,Business,166119.45,"₹911,146",Business,659.8,1,59,124.29,2021-08-14,1
C3904,35.0,Female,North,Post-Graduate,Self-Employed,531707.12,"₹286,811",Education,666.7,2,143,33.47,2022-11-18,0
C3905,22.0,Male,North,Secondary,Unemployed,705457.85,"₹542,186",Medical,606.6,2,85,35.32,2018-02-23,0
C3906,24.0,Female,East,Primary,Unemployed,760760.15,"₹603,633",Medical,731.3,3,93,40.89,2026-02-27,0
C3907,70.0,Male,North,Graduate,Unemployed,257209.49,,Car,742.8,0,78,39.39,2017-04-18,0
C3908,63.0,Female,West,Post-Graduate,Unemployed,521101.66,,Car,756.8,0,42,10.45,2022-07-19,0
C3909,30.0,Female,East,Post-Graduate,Self-Employed,1027491.34,"₹1,322,535",Education,737.8,0,101,61.11,2018-02-26,0
C3910,49.0,Male,East,Secondary,Business,382160.55,"₹99,659",Medical,568.6,0,157,56.35,2020-12-15,0
C3911,32.0,Female,West,Graduate,Salaried,300557.31,"₹50,093",Home,647.4,1,15,67.14,2016-02-12,0
C3912,26.0,Male,West,Primary,Salaried,224498.77,"₹574,114",Car,616.0,0,107,114.78,2022-08-13,1
C3913,,Female,West,Post-Graduate,Unemployed,1043918.49,"₹304,900",Car,,6,99,110.29,2017-04-20,0
C3914,58.0,Male,West,Post-Graduate,Business,300842.08,"₹1,634,977",Education,691.6,0,37,43.94,2023-02-10,1
C3915,53.0,Female,North,Post-Graduate,Unemployed,139617.26,"₹531,140",Education,692.1,0,118,40.68,2017-11-08,1
C3916,59.0,Male,North,Graduate,Unemployed,2765197.99,"₹428,514",Medical,774.7,0,89,29.75,2019-10-09,0
C3917,25.0,Male,North,Graduate,Salaried,640605.02,"₹76,534",Medical,900.0,2,140,45.93,2020-09-13,0
C3918,56.0,Male,West,Graduate,Business,278873.56,"₹285,402",Education,666.9,4,131,89.07,2025-06-09,1
C3919,64.0,Male,West,Secondary,Unemployed,326066.47,"₹193,316",Medical,705.2,2,94,55.04,2024-12-23,0
C3920,44.0,Female,South,Post-Graduate,Unemployed,623565.0,"₹159,519",Medical,696.2,0,141,20.82,2017-12-24,0
C3921,59.0,Male,South,Secondary,Business,216134.49,"₹217,549",Home,673.9,1,107,35.09,2015-02-12,0
C3922,35.0,Female,West,Secondary,Business,333160.08,"₹967,441",Education,580.8,4,133,74.93,2024-05-25,1
C3923,21.0,Female,South,Primary,Unemployed,1009781.18,"₹197,434",Education,718.1,3,109,26.98,2024-05-14,0
C3924,26.0,Male,East,Graduate,Unemployed,438776.48,"₹220,560",Business,,0,36,27.18,2015-07-25,0
C3925,43.0,Male,South,Secondary,Unemployed,242368.75,"₹407,609",Other,665.4,8,142,42.27,2022-07-15,1
C3926,50.0,Female,East,Post-Graduate,Business,749599.48,"₹191,107",Education,857.0,9,56,93.62,2020-05-17,0
C3927,,Female,North,Primary,Business,649620.07,"₹192,148",Home,710.0,5,102,48.29,2015-09-28,0
C3928,22.0,Female,South,Secondary,Unemployed,174750.22,"₹1,713,544",Education,857.9,1,32,17.61,2026-05-05,1
C3929,40.0,Male,West,Primary,Self-Employed,165768.64,"₹82,565",Car,674.6,0,20,41.42,2020-06-26,0
C3930,51.0,Female,West,Graduate,Unemployed,348921.72,"₹303,472",Business,823.3,4,112,38.15,2020-03-07,0
C3931,65.0,Male,South,Secondary,Business,728320.61,"₹258,665",Business,730.5,0,35,16.69,2023-06-23,0
C3932,66.0,,West,Graduate,Salaried,482063.43,"₹143,570",Other,640.7,1,84,45.6,2015-02-12,0
C3933,35.0,Female,East,Post-Graduate,Unemployed,,"₹19,594,426",Other,642.4,5,46,26.0,2018-05-16,1
C3934,57.0,Male,North,Graduate,Unemployed,448223.89,"₹152,223",Car,650.6,7,26,46.48,2020-08-12,0
C3935,35.0,Male,West,Secondary,Business,725446.12,"₹412,991",Car,572.9,2,96,20.87,2026-05-15,0
C3936,69.0,Other,North,Secondary,Salaried,1399654.19,"₹313,950",Home,623.5,0,70,35.52,2021-04-19,0
C3937,44.0,Female,North,Secondary,Business,452208.02,"₹398,243",Other,626.9,2,103,14.91,2019-07-14,0
C3938,66.0,Other,North,Graduate,Business,892807.16,"₹284,355",Car,556.3,8,43,48.3,2023-07-27,0
C3939,37.0,Female,West,Post-Graduate,Unemployed,9384931.17,"₹123,544",Education,735.3,2,143,27.1,2022-08-16,0
C3940,40.0,Male,East,Post-Graduate,,467204.77,"₹83,953",Medical,718.2,1,127,31.97,2018-03-30,0
C3941,48.0,Other,South,Post-Graduate,Self-Employed,254041.18,"₹492,720",Education,696.1,4,80,46.8,2025-02-21,1
C3942,49.0,Male,South,Primary,,4204778.11,"₹952,763",Medical,731.4,2,44,28.25,2020-03-21,0
C3943,,Male,South,Graduate,Unemployed,373575.42,"₹61,426",Car,,0,145,51.15,2021-04-12,0
C3944,48.0,Male,East,Primary,Salaried,1228945.86,"₹1,547,717",Car,648.7,0,56,42.48,2024-02-12,0
C3945,38.0,,South,Secondary,Salaried,1090788.13,,Medical,730.2,0,111,29.87,2024-06-20,0
C3946,52.0,Female,South,Graduate,Salaried,808258.66,"₹147,118",Home,822.7,2,132,17.4,2019-04-24,0
C3947,55.0,Male,West,Graduate,Self-Employed,593160.64,"₹317,055",Other,701.4,0,25,34.12,2017-10-21,0
C3948,24.0,,South,Primary,Unemployed,164265.71,"₹173,691",Education,516.1,2,85,63.47,2026-01-08,1
C3949,19.0,Female,East,Primary,Business,433584.3,"₹430,181",Home,750.6,4,132,88.6,2022-08-23,0
C3950,43.0,Female,West,Primary,Business,925754.58,"₹236,636",Other,606.8,0,70,125.51,2019-05-27,0
C3951,58.0,,West,Secondary,Business,272542.01,"₹204,912",Car,680.4,2,89,24.7,2024-12-01,0
C3952,55.0,Male,North,Post-Graduate,Salaried,1054680.68,"₹1,117,471",Education,744.2,9,36,22.04,2022-10-07,0
C3953,,,East,Graduate,Unemployed,1686403.77,"₹149,034",Car,625.1,1,121,53.76,2015-03-04,0
C3954,49.0,Female,South,Secondary,Salaried,326706.48,"₹443,255",Other,788.6,2,140,26.74,2015-12-25,0
C3955,66.0,Female,East,Post-Graduate,Salaried,417259.01,"₹860,869",Medical,568.1,2,59,85.36,2022-03-08,1
C3956,52.0,Female,South,Primary,Unemployed,108405.65,"₹246,935",Education,606.0,0,14,57.15,2020-08-03,1
C3957,66.0,Other,North,Primary,Business,792135.18,"₹111,658",Other,613.5,0,131,10.31,2015-06-26,0
C3958,,Male,North,Primary,Self-Employed,1231975.55,"₹3,471,182",Education,733.5,1,129,53.19,2016-11-27,1
C3959,57.0,,North,Post-Graduate,Unemployed,1016900.85,"₹124,060",Education,555.4,4,136,73.3,2020-12-03,0
C3960,21.0,Male,East,Graduate,Self-Employed,691567.92,"₹723,951",Other,809.0,0,102,30.71,2023-02-08,0
C3961,50.0,Male,South,Post-Graduate,Unemployed,896498.76,"₹361,944",Home,709.9,11,96,144.66,2021-09-14,1
C3962,67.0,Male,South,Post-Graduate,Salaried,539632.02,"₹477,522",Education,633.5,5,94,31.47,2022-02-08,0
C3963,20.0,Female,North,Secondary,Unemployed,477327.85,"₹1,494,131",Other,,1,42,37.68,2016-07-10,1
C3964,42.0,Female,East,Graduate,Business,987593.29,"₹276,577",Business,739.6,7,56,16.3,2025-07-25,0
C3965,25.0,Female,North,Primary,Salaried,377076.92,"₹398,292",Car,630.0,0,120,71.43,2023-02-25,0
C3966,57.0,Male,South,Post-Graduate,Unemployed,,"₹159,841",Home,920.0,8,62,104.86,2016-12-31,0
C3967,43.0,Male,West,Secondary,Salaried,396477.75,"₹251,165",Business,693.0,5,9,31.76,2017-04-18,0
C3968,29.0,Male,South,Primary,Business,3419224.56,"₹50,000",Home,642.8,7,112,58.62,2023-06-18,0
C3969,52.0,Female,North,Post-Graduate,Self-Employed,216799.63,,Car,,3,1,70.87,2017-09-19,0
C3970,29.0,Male,East,Graduate,Self-Employed,1015870.01,"₹766,417",Other,,3,45,48.68,2019-05-21,0
C3971,30.0,Male,South,Primary,Salaried,298524.48,"₹330,330",Car,642.0,4,95,26.52,2020-03-17,0
C3972,50.0,Male,West,Post-Graduate,Business,,"₹69,133",Business,701.4,1,124,31.97,2024-07-05,0
C3973,23.0,Male,South,Graduate,Business,174336.57,"₹181,870",Medical,612.5,0,52,39.08,2025-02-27,0
C3974,61.0,Female,North,Graduate,Salaried,795102.2,"₹260,182",Home,561.1,2,1,136.23,2015-07-19,1
C3975,60.0,Male,East,Secondary,,217868.08,"₹533,526",Home,680.6,2,185,52.74,2025-10-24,1
C3976,55.0,Male,East,Graduate,Self-Employed,501830.37,"₹50,000",Business,628.8,6,126,28.65,2019-03-16,0
C3977,60.0,Male,South,Graduate,,1917184.92,"₹278,221",Car,620.2,0,112,22.71,2015-06-28,0
C3978,27.0,Female,East,Post-Graduate,Unemployed,359433.11,"₹643,256",Other,848.5,4,54,14.98,2021-08-18,0
C3979,62.0,Female,West,Post-Graduate,Business,,"₹344,667",Other,683.3,2,122,55.36,2020-02-19,0
C3980,66.0,Other,West,Secondary,Unemployed,,,Car,579.7,0,116,101.11,2024-07-08,1
C3981,45.0,Female,West,Primary,Unemployed,5253680.95,"₹171,630",Business,,7,90,40.51,2016-09-20,0
C3982,35.0,Male,North,Secondary,Business,2127462.34,"₹408,323",Medical,678.9,3,105,26.87,2024-10-24,0
C3983,40.0,Female,East,Secondary,Unemployed,780762.75,"₹50,000",Education,769.6,4,153,23.53,2021-08-17,0
C3984,51.0,Female,South,Graduate,Unemployed,,"₹362,461",Car,687.3,7,41,38.82,2015-03-21,1
C3985,34.0,Male,West,Graduate,Self-Employed,150980.91,"₹136,420",Medical,654.7,0,140,213.2,2021-07-17,1
C3986,40.0,Male,West,Secondary,Salaried,,"₹380,850",Business,584.5,0,92,104.37,2015-05-26,0
C3987,32.0,Female,East,Graduate,Unemployed,118777.2,"₹122,790",Business,655.7,0,66,13.64,2025-12-27,0
C3988,27.0,Male,West,Secondary,,549467.09,"₹738,055",Home,689.3,1,12,36.43,2018-06-15,0
C3989,21.0,Female,South,Post-Graduate,Business,1652852.56,"₹262,171",Car,581.6,2,142,45.66,2023-12-07,0
C3990,39.0,Male,North,Post-Graduate,Business,2097581.01,"₹291,431",Home,856.1,0,30,65.79,2026-06-23,0
C3991,24.0,Male,North,Primary,Salaried,524253.8,"₹116,579",Car,797.2,8,86,67.87,2015-09-03,0
C3992,23.0,Female,West,Secondary,Salaried,329791.82,"₹112,152",Education,740.7,4,106,54.75,2024-12-31,0
C3993,25.0,Female,South,Post-Graduate,Salaried,825614.53,"₹223,436",Other,593.7,1,98,74.12,2025-11-10,0
C3994,22.0,Female,West,Post-Graduate,Unemployed,1010666.88,"₹330,359",Business,604.2,0,100,117.79,2017-01-31,0
C3995,64.0,Male,West,Primary,Salaried,,"₹512,176",Car,628.1,0,127,26.58,2017-03-30,1
C3996,34.0,Female,South,Post-Graduate,Business,76112.39,"₹50,000",Business,684.8,0,65,33.35,2016-05-10,0
C3997,20.0,,South,Primary,Salaried,193146.59,"₹345,871",Medical,756.4,4,76,21.17,2019-06-15,1
C3998,38.0,Female,South,Graduate,Salaried,432915.2,"₹349,445",Business,753.5,4,104,68.3,2021-02-09,0
C3999,20.0,Male,North,Post-Graduate,Unemployed,201801.46,"₹416,140",Medical,529.5,5,29,83.0,2015-05-19,1
C4000,56.0,Male,South,Primary,Unemployed,611644.99,"₹730,860",Business,613.0,5,113,24.48,2021-09-08,1
C4001,18.0,Male,North,Primary,Business,82991.3,"₹292,820",Medical,710.4,5,161,63.96,2023-07-07,1
C4002,40.0,Female,West,Graduate,Self-Employed,309692.72,"₹935,270",Medical,761.5,2,76,37.84,2019-06-02,1
C4003,41.0,Female,East,Primary,Unemployed,340322.26,"₹305,319",Other,784.5,0,114,74.8,2016-05-20,0
C4004,45.0,Male,East,Primary,,,"₹313,964",Education,662.2,1,40,22.34,2018-12-19,0
C4005,32.0,Male,West,Primary,Unemployed,152181.59,"₹97,738",Car,,6,113,22.21,2023-08-28,0
C4006,65.0,Female,South,Graduate,Unemployed,412822.43,"₹212,540",Education,500.6,0,102,28.52,2018-09-22,0
C4007,35.0,Female,East,Post-Graduate,Salaried,537597.04,"₹475,684",Car,806.6,7,71,25.77,2022-03-10,0
C4008,46.0,Male,South,Graduate,Salaried,955236.61,"₹1,600,993",Business,670.9,6,65,19.26,2025-12-16,1
C4009,48.0,Male,East,Secondary,Unemployed,277379.45,"₹261,980",Business,565.1,2,94,25.68,2025-12-30,0
C4010,60.0,Male,South,Graduate,Salaried,157278.69,"₹329,878",Medical,920.0,2,142,22.14,2019-02-19,0
C4011,48.0,Female,South,Secondary,Self-Employed,1358643.44,"₹587,158",Other,752.2,4,13,18.93,2016-11-24,0
C4012,33.0,Other,South,Primary,Business,204077.49,"₹537,273",Education,,7,31,108.51,2015-03-06,1
C4013,48.0,Female,East,Primary,Self-Employed,838744.27,"₹324,796",Business,675.9,0,10,31.0,2017-06-19,0
C4014,51.0,Female,West,Primary,Salaried,850683.83,"₹153,171",Business,666.0,1,94,78.24,2017-11-24,0
C4015,68.0,Male,East,Secondary,Self-Employed,919576.98,"₹68,964",Medical,574.3,5,108,31.81,2017-10-17,0
C4016,66.0,Male,East,Primary,Unemployed,544407.78,"₹184,392",Home,630.2,7,87,22.93,2024-07-08,0
C4017,22.0,Male,West,Graduate,Salaried,304802.38,"₹158,809",Medical,759.6,2,138,16.24,2016-09-16,0
C4018,31.0,Male,North,Secondary,Business,541423.37,"₹906,429",Car,,1,91,74.63,2015-09-18,1
C4019,37.0,Male,South,Graduate,Salaried,,"₹380,679",Business,890.8,0,75,9.59,2016-07-16,0
C4020,34.0,Male,South,Post-Graduate,Business,241109.48,"₹1,975,117",Car,644.5,6,101,28.34,2023-11-27,1
C4021,29.0,Female,East,Secondary,Business,513300.98,"₹334,961",Other,605.5,1,97,35.26,2025-03-29,0
C4022,34.0,Female,South,Secondary,Business,73731.18,"₹1,035,756",Home,832.5,0,95,77.45,2016-05-31,1
C4023,46.0,Female,North,Secondary,,483376.91,"₹1,017,135",Home,815.1,4,115,31.33,2015-10-09,1
C4024,59.0,Male,South,Secondary,Business,,"₹135,216",Medical,646.1,2,113,12.37,2026-02-09,0
C4025,30.0,Male,West,Post-Graduate,Salaried,892321.69,"₹453,415",Home,,0,55,93.62,2015-10-16,0
C4026,40.0,Male,South,Primary,Unemployed,1754225.04,"₹572,186",Other,664.9,5,44,85.6,2024-10-02,0
C4027,,Male,West,Graduate,Salaried,1161149.22,"₹391,960",Medical,120.0,4,152,65.27,2025-04-02,1
C4028,21.0,Female,West,Post-Graduate,Unemployed,440735.29,"₹50,000",Medical,775.1,0,92,25.08,2020-12-07,0
C4029,60.0,Female,South,Post-Graduate,Salaried,266099.35,"₹184,197",Other,642.3,0,128,40.6,2025-09-13,0
C4030,27.0,Other,West,Secondary,Unemployed,387588.42,"₹2,243,340",Medical,856.5,1,79,46.19,2015-09-17,1
C4031,52.0,Female,West,Secondary,Self-Employed,319825.24,"₹6,456,597",Medical,560.4,0,161,43.47,2021-04-06,1
C4032,29.0,Male,South,Graduate,Unemployed,381213.64,"₹609,368",Home,531.2,0,71,27.76,2017-02-04,1
C4033,57.0,Male,North,Secondary,Salaried,675167.16,"₹349,604",Education,609.7,3,107,300.0,2015-03-06,1
C4034,28.0,Male,North,Secondary,Unemployed,359371.06,"₹253,026",Other,671.3,4,142,15.05,2016-11-11,0
C4035,32.0,Female,North,Graduate,Salaried,412721.06,"₹7,829,522",Medical,673.2,1,31,121.62,2022-01-11,1
C4036,62.0,Male,South,Primary,Unemployed,318300.9,"₹502,374",Education,786.9,1,30,17.35,2022-07-06,0
C4037,32.0,Female,East,Graduate,Salaried,173062.56,"₹116,975",Education,672.1,0,129,22.76,2019-08-24,0
C4038,68.0,Male,South,Post-Graduate,Unemployed,250646.95,"₹246,736",Education,666.1,7,59,45.75,2022-02-28,1
C4039,40.0,Female,South,Graduate,Business,319684.64,"₹264,074",Business,648.7,6,91,112.92,2025-08-21,1
C4040,22.0,Male,North,Graduate,Business,574278.97,"₹58,026",Education,741.5,0,165,41.0,2024-01-11,0
C4041,42.0,Male,South,Secondary,Unemployed,523872.45,"₹510,200",Education,739.8,3,23,32.78,2025-07-15,0
C4042,70.0,Male,East,Graduate,Unemployed,465954.32,"₹390,298",Other,,4,127,19.72,2026-06-19,0
C4043,54.0,Male,South,Post-Graduate,,201071.97,"₹158,930",Medical,,0,36,18.78,2021-12-18,0
C4044,50.0,Male,North,Primary,Business,1041489.25,"₹326,105",Car,805.9,1,56,39.19,2020-11-19,0
C4045,55.0,Female,East,Primary,Salaried,532607.44,"₹729,711",Other,668.4,3,56,37.59,2025-01-15,0
C4046,46.0,Female,North,Primary,Salaried,286418.59,"₹1,670,090",Business,714.2,7,56,26.0,2017-09-09,1
C4047,41.0,Male,East,Secondary,Business,183850.09,"₹52,976",Home,,3,1,22.43,2020-11-15,0
C4048,56.0,Female,South,Graduate,Unemployed,153708.72,"₹107,530",Education,611.1,4,157,32.2,2022-05-24,0
C4049,69.0,Female,West,Post-Graduate,Salaried,525048.32,"₹292,539",Home,758.1,3,106,27.02,2016-06-08,0
C4050,52.0,Male,South,Secondary,Salaried,225255.52,"₹556,988",Home,830.5,0,145,92.8,2021-02-02,1
C4051,36.0,Male,West,Graduate,Unemployed,291276.03,"₹339,770",Medical,,3,100,75.13,2025-04-20,1
C4052,53.0,Female,South,Secondary,Salaried,747870.12,"₹194,497",Business,626.6,7,69,65.68,2016-03-05,0
C4053,35.0,Female,West,Primary,Self-Employed,433478.46,"₹338,041",Education,738.6,6,34,49.36,2024-11-24,0
C4054,47.0,Female,North,Post-Graduate,Business,2438364.6,"₹129,752",Medical,556.5,5,37,81.18,2022-06-21,0
C4055,40.0,Other,South,Primary,Business,452525.11,"₹500,456",Medical,665.2,8,52,55.01,2019-05-28,1
C4056,47.0,Other,West,Secondary,Salaried,1625506.25,"₹421,279",Car,826.1,2,190,20.66,2021-12-15,0
C4057,20.0,Female,East,Primary,Self-Employed,,"₹540,584",Car,772.6,3,48,15.81,2023-09-01,0
C4058,42.0,Male,South,Secondary,Business,207234.58,"₹211,638",Car,717.3,2,73,53.56,2016-09-25,0
C4059,38.0,Female,East,Primary,Business,753335.06,"₹526,631",Education,578.5,3,131,102.2,2025-04-26,1
C4060,61.0,Female,North,Graduate,Unemployed,386231.45,"₹253,698",Home,742.6,4,25,49.24,2020-03-15,0
C4061,43.0,Male,North,Secondary,Salaried,589557.42,"₹155,622",Other,662.9,0,116,56.04,2018-02-26,0
C4062,34.0,Male,West,Graduate,Salaried,2070891.85,"₹176,355",Medical,602.3,0,87,18.35,2019-10-31,0
C4063,55.0,Male,East,Graduate,Business,680358.85,,Medical,502.1,3,160,69.81,2020-04-28,0
C4064,43.0,Male,South,Secondary,Salaried,359635.83,"₹445,794",Business,778.6,5,74,99.64,2024-02-05,1
C4065,30.0,Female,West,Primary,Business,457673.37,"₹50,000",Education,722.5,6,98,57.84,2018-04-27,0
C4066,44.0,Female,West,Post-Graduate,,236709.04,"₹367,540",Medical,780.9,0,88,43.49,2023-06-21,0
C4067,70.0,Female,North,Secondary,Self-Employed,315103.91,,Medical,711.9,4,76,54.53,2022-03-20,1
C4068,55.0,Male,South,Post-Graduate,Unemployed,556247.94,"₹50,000",Car,831.1,2,96,27.64,2018-12-27,0
C4069,28.0,Male,West,Primary,Unemployed,308241.28,"₹381,619",Medical,623.8,4,120,21.23,2016-05-20,0
C4070,34.0,Male,West,Post-Graduate,Business,472643.56,"₹107,470",Medical,787.4,0,121,49.08,2024-02-06,0
C4071,57.0,Female,North,Secondary,,115378.1,"₹163,934",Home,711.2,0,67,76.45,2025-08-11,0
C4072,35.0,Female,North,Primary,Self-Employed,427546.76,"₹96,451",Home,665.5,0,85,34.38,2021-03-10,0
C4073,67.0,,North,Post-Graduate,Salaried,,"₹728,039",Business,648.0,8,166,94.57,2019-01-07,1
C4074,62.0,Female,West,Post-Graduate,Business,746436.77,"₹842,463",Business,558.8,0,104,63.79,2016-09-25,1
C4075,35.0,Female,South,Primary,Salaried,184143.62,,Home,723.7,0,48,48.27,2022-08-23,1
C4076,59.0,Male,West,Primary,Unemployed,1033131.12,"₹455,925",Business,560.3,0,70,26.2,2026-01-17,0
C4077,34.0,Male,South,Secondary,Self-Employed,475158.46,,Home,773.6,7,76,33.29,2018-04-21,0
C4078,52.0,Male,South,Primary,Unemployed,339700.21,,Business,690.7,4,21,32.78,2022-10-02,1
C4079,53.0,Male,South,Primary,Salaried,629029.37,"₹83,162",Education,673.3,2,80,118.07,2026-02-21,0
C4080,66.0,Female,North,Post-Graduate,Salaried,161394.82,"₹262,748",Medical,806.5,0,83,42.12,2015-06-07,0
C4081,62.0,Female,South,Post-Graduate,Business,402318.31,"₹392,606",Home,722.3,7,118,22.8,2021-02-11,0
C4082,38.0,Female,North,Post-Graduate,Business,396929.54,"₹791,906",Home,600.4,5,157,52.47,2026-06-04,1
C4083,59.0,Male,South,Graduate,Salaried,920462.79,"₹163,698",Home,675.3,0,106,8.93,2016-02-12,0
C4084,26.0,Female,South,Graduate,Business,155087.25,"₹1,285,568",Home,544.7,2,86,104.17,2022-03-05,1
C4085,57.0,Male,East,Secondary,Business,346671.08,"₹50,000",Other,741.6,0,169,43.76,2018-04-23,0
C4086,32.0,Female,East,Primary,Business,209650.95,"₹539,494",Medical,659.8,2,142,44.38,2015-12-10,1
C4087,53.0,Female,South,Post-Graduate,Business,600490.54,"₹244,244",Business,729.6,8,166,108.41,2020-03-03,0
C4088,62.0,Male,South,Post-Graduate,Self-Employed,897856.02,"₹329,459",Other,468.7,4,85,84.53,2025-01-31,1
C4089,62.0,Other,East,Post-Graduate,Unemployed,,"₹182,869",Medical,,5,111,103.79,2017-11-03,0
C4090,20.0,Male,North,Primary,Self-Employed,376614.21,"₹171,434",Business,688.2,7,65,21.78,2025-11-03,0
C4091,52.0,Female,South,Post-Graduate,Business,1975507.94,"₹233,339",Car,733.5,1,70,27.71,2023-01-26,0
C4092,,Male,South,Graduate,Salaried,138219.55,"₹1,102,512",Education,624.5,0,94,80.46,2018-11-03,1
C4093,68.0,Female,East,Graduate,Self-Employed,689056.54,,Education,607.6,6,50,39.67,2018-11-17,0
C4094,36.0,Male,North,Primary,Business,87515.5,"₹143,795",Other,,0,84,31.28,2022-11-14,0
C4095,21.0,Male,West,Secondary,Unemployed,637295.25,"₹130,612",Business,757.4,6,58,67.83,2017-01-17,0
C4096,28.0,Female,East,Graduate,Self-Employed,337575.49,"₹192,071",Home,652.0,5,79,82.05,2022-02-20,0
C4097,24.0,Male,West,Secondary,Unemployed,187484.35,"₹50,000",Other,665.6,2,79,15.46,2020-04-03,0
C4098,35.0,Female,West,Graduate,Business,9233347.89,"₹563,879",Car,856.0,1,104,79.14,2018-03-02,0
C4099,46.0,Male,North,Graduate,Business,,"₹613,073",Home,580.8,0,89,44.62,2017-02-26,0
C4100,55.0,Female,West,Graduate,Salaried,165907.76,"₹788,071",Business,747.5,4,97,29.1,2018-04-04,1
C4101,57.0,Male,North,Primary,Salaried,463320.45,"₹444,473",Home,699.3,3,105,16.04,2019-09-06,0
C4102,32.0,Female,East,Post-Graduate,Self-Employed,1439961.9,"₹116,845",Other,702.3,0,95,54.65,2023-03-08,0
C4103,32.0,Male,North,Primary,Salaried,1175238.43,"₹2,590,270",Home,702.4,2,13,45.52,2021-09-17,1
C4104,34.0,Female,West,Secondary,Unemployed,218663.25,"₹868,404",Education,120.0,6,82,9.47,2024-09-21,1
C4105,64.0,Female,North,Graduate,Unemployed,1004770.8,"₹177,853",Home,702.1,3,151,31.43,2023-01-30,0
C4106,33.0,Female,West,Secondary,Unemployed,361912.48,"₹6,126,039",Business,856.0,6,199,59.31,2018-06-29,1
C4107,35.0,Other,West,Post-Graduate,,738484.45,"₹186,519",Home,636.3,5,119,47.53,2017-11-01,0
C4108,50.0,Male,East,Primary,Unemployed,118280.51,"₹960,358",Other,732.6,1,97,43.56,2017-07-27,1
C4109,51.0,Female,South,Secondary,Business,,"₹610,870",Car,,5,137,25.67,2017-05-02,1
C4110,,Male,North,Graduate,,,"₹340,287",Home,670.1,0,75,59.71,2017-06-13,0
C4111,56.0,Female,South,Secondary,Unemployed,1201158.3,"₹83,226",Medical,756.7,0,104,36.73,2019-07-13,0
C4112,53.0,Male,West,Graduate,Unemployed,427290.82,"₹452,005",Home,640.3,4,157,27.73,2015-11-18,0
C4113,18.0,Female,East,Primary,Unemployed,,"₹50,000",Car,839.4,6,60,47.0,2025-05-28,0
C4114,65.0,Male,North,Post-Graduate,Self-Employed,698657.53,"₹205,171",Other,585.2,5,126,92.84,2021-08-28,0
C4115,41.0,Female,West,Graduate,Salaried,526419.73,"₹331,788",Car,652.5,6,155,24.14,2024-06-10,0
C4116,30.0,Female,South,Secondary,Salaried,154780.62,"₹135,792",Medical,587.3,3,132,13.01,2023-02-06,0
C4117,49.0,Male,West,Secondary,Business,,"₹637,592",Medical,515.9,0,106,29.04,2020-04-30,1
C4118,52.0,Female,North,Primary,Unemployed,369239.16,"₹152,756",Education,,0,28,93.76,2015-02-19,0
C4119,43.0,Male,North,Graduate,Self-Employed,356678.95,"₹183,789",Education,809.5,2,131,40.53,2020-07-09,0
C4120,,Female,West,Post-Graduate,Self-Employed,590675.19,"₹361,018",Medical,683.9,0,87,32.02,2016-11-12,0
C4121,64.0,Female,West,Secondary,,1166434.11,"₹1,187,665",Other,609.7,3,74,41.66,2015-12-10,0
C4122,39.0,Male,South,Secondary,Business,352389.84,,Car,746.5,0,93,37.27,2019-02-12,1
C4123,69.0,Male,South,Graduate,Business,1590031.98,"₹156,449",Education,698.4,0,98,38.26,2026-04-30,0
C4124,55.0,Male,West,Post-Graduate,Unemployed,,"₹95,416",Home,669.3,3,76,61.96,2022-04-26,0
C4125,18.0,Male,North,Graduate,Self-Employed,395143.4,"₹220,379",Business,637.1,2,64,5.0,2021-04-25,0
C4126,27.0,Male,West,Graduate,Salaried,1093681.41,"₹117,331",Business,623.9,3,113,64.22,2023-04-22,0
C4127,27.0,Female,South,Graduate,Unemployed,468417.77,"₹182,563",Business,686.8,0,87,59.79,2017-06-06,0
C4128,62.0,Female,South,Primary,Unemployed,,"₹271,242",Education,663.1,3,61,17.3,2021-04-19,0
C4129,34.0,Male,North,Post-Graduate,Salaried,308601.53,"₹306,153",Car,692.5,1,95,53.17,2016-05-30,0
C4130,35.0,Female,West,Graduate,Self-Employed,236116.96,"₹179,459",Business,,0,46,127.59,2015-03-24,1
C4131,37.0,Male,North,Primary,Self-Employed,1326454.1,"₹571,119",Car,560.7,1,66,144.81,2021-09-08,1
C4132,35.0,,North,Graduate,Business,1199624.52,"₹653,159",Business,783.6,6,201,63.28,2015-09-11,0
C4133,30.0,Female,West,Graduate,Unemployed,343968.69,"₹1,713,237",Education,667.9,8,95,108.11,2025-07-15,1
C4134,52.0,Male,West,Primary,Self-Employed,,"₹317,457",Home,667.8,7,27,28.05,2024-12-21,1
C4135,51.0,Female,South,Graduate,Business,480366.63,"₹123,639",Other,620.2,1,62,12.07,2018-06-28,0
C4136,63.0,Male,East,Primary,Business,,"₹112,297",Car,658.0,2,108,63.55,2022-09-21,0
C4137,46.0,Male,South,Post-Graduate,,962815.35,"₹132,511",Education,597.0,0,44,8.18,2021-10-23,0
C4138,31.0,Female,West,Graduate,,783208.01,"₹405,376",Education,765.9,6,117,107.31,2016-03-12,0
C4139,65.0,Female,East,Graduate,Salaried,1275958.25,"₹107,789",Car,641.6,0,83,35.32,2015-07-24,0
C4140,58.0,Female,West,Graduate,,159291.61,"₹691,547",Home,,4,77,98.96,2017-04-08,1
C4141,46.0,Female,North,Primary,,1854728.95,"₹1,352,798",Business,649.1,4,70,18.44,2017-05-04,0
C4142,21.0,Male,South,Secondary,Unemployed,1583120.26,"₹72,168",Other,635.1,0,108,172.09,2016-10-12,0
C4143,60.0,Female,South,Secondary,Business,682989.6,"₹630,612",Car,623.0,2,97,19.41,2020-08-20,0
C4144,34.0,Male,North,Primary,Unemployed,347107.81,"₹189,957",Business,744.1,3,7,20.7,2015-11-25,0
C4145,45.0,Male,North,Graduate,Unemployed,277921.84,"₹746,630",Other,697.0,3,85,43.07,2025-10-20,1
C4146,49.0,Female,North,Primary,Unemployed,364494.39,"₹50,000",Business,578.1,0,56,22.7,2025-08-05,0
C4147,31.0,Male,West,Secondary,Unemployed,347372.78,"₹834,053",Medical,677.9,1,115,53.31,2025-01-27,1
C4148,28.0,Female,East,Post-Graduate,Self-Employed,251945.21,"₹1,263,569",Business,705.6,7,60,28.65,2025-10-26,1
C4149,54.0,Male,South,Secondary,Salaried,270849.91,"₹869,948",Business,669.2,6,87,75.25,2024-01-06,1
C4150,41.0,Other,West,Graduate,Business,657195.08,"₹306,742",Other,797.6,5,102,10.42,2019-10-30,0
C4151,,Male,West,Secondary,,646768.22,"₹764,291",Home,792.8,5,1,66.49,2023-06-29,0
C4152,65.0,Male,West,Primary,Business,204075.15,"₹389,187",Home,745.4,0,67,94.45,2019-12-06,1
C4153,37.0,Female,North,Secondary,Business,1021215.67,"₹87,513",Car,740.1,3,130,66.08,2023-06-21,0
C4154,45.0,Male,West,Secondary,Business,1108116.17,,Home,574.2,1,178,156.29,2016-03-20,1
C4155,68.0,Female,North,Post-Graduate,Salaried,1052831.83,"₹1,049,405",Home,679.4,0,134,17.82,2023-02-09,0
C4156,48.0,Female,North,Secondary,Unemployed,648315.6,"₹324,839",Home,,6,84,175.06,2015-08-06,1
C4157,41.0,Male,West,Graduate,Salaried,666932.33,"₹207,303",Medical,597.3,1,89,51.8,2025-11-03,0
C4158,47.0,Female,West,Primary,Business,222644.8,"₹78,738",Medical,655.9,0,139,49.91,2018-04-11,0
C4159,29.0,Other,West,Secondary,Salaried,57203.95,"₹460,299",Education,581.5,3,58,71.09,2025-09-17,1
C4160,55.0,Female,South,Post-Graduate,Business,423371.47,"₹75,241",Education,593.0,0,138,30.93,2020-02-21,0
C4161,35.0,Female,East,Post-Graduate,Unemployed,434653.5,"₹182,351",Home,851.6,2,1,68.6,2019-02-06,0
C4162,26.0,Female,West,Secondary,Business,483912.81,"₹144,606",Home,677.5,8,21,72.93,2015-11-03,0
C4163,,Female,West,Graduate,Salaried,1057087.51,"₹722,974",Business,842.4,6,49,25.97,2025-05-10,0
C4164,,Female,North,Graduate,Self-Employed,521945.24,"₹1,810,292",Home,654.8,2,105,53.71,2018-10-08,1
C4165,47.0,Female,North,Graduate,Unemployed,448018.07,"₹404,823",Education,702.5,0,97,45.39,2020-11-02,0
C4166,29.0,Other,West,Secondary,Self-Employed,500485.37,"₹447,049",Medical,723.3,3,46,14.36,2023-06-08,0
C4167,48.0,Female,East,Primary,Unemployed,656266.14,"₹692,441",Car,575.0,0,108,80.27,2018-04-23,1
C4168,51.0,Female,West,Graduate,Self-Employed,1082824.25,"₹215,042",Medical,623.6,6,172,28.18,2018-09-28,0
C4169,,Female,West,Post-Graduate,Unemployed,845735.4,"₹402,492",Medical,732.2,2,54,29.0,2015-11-24,0
C4170,58.0,Male,East,Graduate,Salaried,,"₹393,760",Other,695.1,1,81,67.29,2018-10-06,1
C4171,43.0,Female,North,Secondary,Salaried,151832.17,"₹321,050",Other,598.6,0,117,34.03,2023-09-03,1
C4172,40.0,Male,East,Secondary,Business,138815.77,"₹325,410",Home,771.8,4,75,48.47,2017-01-03,1
C4173,32.0,Male,South,Primary,Unemployed,653830.56,"₹614,410",Business,662.4,0,112,49.0,2026-03-06,0
C4174,33.0,Female,West,Secondary,Salaried,,"₹490,739",Home,665.4,2,95,39.71,2021-12-21,0
C4175,46.0,Male,South,Post-Graduate,Salaried,174472.74,"₹113,476",Car,647.3,3,169,55.4,2018-01-08,0
C4176,41.0,Male,East,Secondary,Self-Employed,169237.11,"₹114,048",Other,721.4,1,71,11.26,2015-02-26,0
C4177,67.0,Male,North,Secondary,Business,2401992.89,"₹285,989",Business,657.0,0,47,102.6,2018-09-03,0
C4178,53.0,Other,North,Secondary,Unemployed,1255761.98,"₹215,263",Medical,589.0,0,60,40.43,2021-04-11,0
C4179,62.0,Male,North,Post-Graduate,Salaried,630996.8,"₹3,204,115",Other,,4,77,52.51,2025-08-11,1
C4180,65.0,Female,South,Primary,Unemployed,679350.42,"₹1,180,253",Car,874.4,1,34,72.21,2015-05-15,0
C4181,,Male,West,Graduate,Self-Employed,691734.74,"₹151,739",Medical,777.6,1,85,44.7,2022-10-21,0
C4182,63.0,Male,South,Secondary,Salaried,467870.06,"₹137,744",Education,722.2,3,5,46.69,2021-05-08,0
C4183,68.0,,South,Primary,Business,633297.66,"₹293,582",Education,723.2,5,59,66.33,2024-07-17,0
C4184,45.0,Female,North,Primary,Unemployed,215252.03,,Business,691.9,2,125,17.27,2017-06-23,1
C4185,,Male,West,Post-Graduate,Salaried,,"₹2,061,764",Car,604.9,3,140,10.98,2024-09-03,1
C4186,67.0,Male,South,Post-Graduate,,367084.57,"₹81,301",Medical,712.8,4,9,142.8,2025-01-01,0
C4187,,Male,South,Secondary,Self-Employed,226152.35,"₹321,911",Business,,6,59,39.11,2021-07-10,0
C4188,20.0,Male,North,Graduate,Unemployed,261503.44,"₹692,786",Home,807.4,3,177,72.14,2016-09-24,1
C4189,41.0,Male,West,Primary,Business,880504.45,"₹419,878",Medical,662.5,0,199,22.35,2019-12-07,0
C4190,,Female,South,Graduate,Business,1612752.5,"₹956,224",Other,605.0,3,65,13.48,2019-02-13,0
C4191,43.0,Male,West,Post-Graduate,Business,1364920.28,"₹639,261",Medical,762.2,3,75,162.31,2016-11-04,0
C4192,66.0,Male,South,Secondary,Business,6666186.53,"₹111,092",Other,683.7,1,95,68.61,2019-07-03,0
C4193,58.0,Male,West,Graduate,,905959.13,"₹145,715",Business,742.5,1,75,36.48,2024-08-31,0
C4194,18.0,Male,South,Graduate,Self-Employed,1066287.48,"₹269,260",Medical,651.4,0,134,42.25,2021-11-12,0
C4195,56.0,Female,East,Primary,Salaried,546739.92,"₹140,896",Other,487.9,4,151,26.94,2016-06-11,0
C4196,33.0,Male,South,Primary,,1127639.45,"₹2,274,837",Business,655.5,5,90,78.81,2023-02-27,1
C4197,30.0,Female,West,Secondary,Unemployed,986002.18,"₹3,212,122",Education,834.2,7,98,9.63,2018-12-25,1
C4198,33.0,Male,North,Graduate,Business,320332.91,"₹191,560",Home,711.6,4,14,66.95,2017-03-13,0
C4199,31.0,Female,South,Graduate,Self-Employed,198489.31,"₹870,473",Other,605.9,0,82,67.63,2020-10-03,1
C4200,56.0,Male,East,Primary,Salaried,120682.73,"₹305,981",Car,602.5,3,82,31.49,2015-02-27,1
C4201,66.0,Male,North,Primary,Unemployed,351833.14,"₹304,901",Car,626.2,1,107,63.53,2015-01-24,0
C4202,18.0,Other,East,Post-Graduate,Self-Employed,480799.93,"₹174,668",Home,696.2,10,133,54.14,2022-06-21,0
C4203,,Female,North,Primary,Unemployed,966385.17,"₹405,736",Home,679.1,0,81,45.34,2026-01-12,0
C4204,34.0,Female,South,Graduate,Salaried,1061424.73,"₹212,419",Medical,764.8,0,116,40.52,2023-09-19,0
C4205,48.0,Female,East,Graduate,Self-Employed,154105.84,"₹94,915",Car,637.6,5,78,34.16,2026-05-24,0
C4206,67.0,,East,Post-Graduate,Unemployed,354891.35,"₹75,947",Other,721.7,7,37,72.63,2023-04-08,0
C4207,,Female,East,Post-Graduate,Unemployed,320442.31,"₹174,339",Other,760.7,1,63,11.83,2021-02-05,0
C4208,27.0,Female,South,Post-Graduate,Business,926689.67,"₹571,906",Car,673.2,3,108,12.18,2016-03-15,0
C4209,52.0,Female,South,Graduate,Salaried,1379686.96,"₹222,013",Other,785.4,7,71,33.88,2018-06-04,0
C4210,21.0,Female,South,Post-Graduate,Salaried,474064.45,,Home,654.3,3,47,121.73,2024-07-29,1
C4211,,Male,North,Secondary,Unemployed,518728.73,"₹896,023",Other,610.4,1,146,41.16,2016-01-03,1
C4212,63.0,Female,South,Primary,Self-Employed,514257.61,"₹175,782",Car,679.5,0,85,20.58,2015-06-04,0
C4213,,Male,North,Graduate,Business,421170.89,"₹249,819",Other,749.1,3,132,98.89,2023-09-08,0
C4214,65.0,Male,West,Secondary,Self-Employed,215765.6,"₹137,092",Other,744.8,0,63,43.0,2021-07-23,0
C4215,26.0,Male,West,Primary,Salaried,374039.55,"₹420,097",Medical,703.3,0,114,100.12,2023-01-21,0
C4216,70.0,Male,East,Secondary,Self-Employed,108905.76,"₹192,023",Education,605.6,0,36,61.66,2025-04-02,1
C4217,28.0,Female,South,Primary,Unemployed,239457.49,"₹139,257",Home,822.3,5,28,41.63,2024-08-18,0
C4218,60.0,Male,West,Secondary,Self-Employed,345047.97,"₹121,427",Medical,641.2,0,119,75.2,2018-05-31,0
C4219,46.0,Male,East,Secondary,Self-Employed,544272.89,"₹319,737",Medical,628.9,1,78,45.82,2024-09-06,0
C4220,59.0,Female,East,Secondary,Business,469541.99,"₹341,383",Home,480.4,9,124,11.18,2023-08-30,1
C4221,39.0,Female,West,Graduate,Salaried,506303.77,"₹1,080,063",Other,,0,183,35.21,2021-02-19,1
C4222,,Male,East,Primary,Business,108849.95,"₹1,161,646",Other,859.2,5,30,25.01,2016-05-25,1
C4223,64.0,Female,North,Graduate,Self-Employed,513617.54,"₹264,081",Home,,5,106,38.8,2020-01-26,0
C4224,53.0,Female,East,Graduate,Self-Employed,,"₹130,516",Other,636.8,6,89,28.08,2026-01-02,0
C4225,63.0,Male,West,Graduate,Business,1448464.47,"₹492,332",Medical,591.3,0,113,114.31,2022-12-16,0
C4226,49.0,Male,North,Graduate,Unemployed,,"₹556,233",Other,610.8,2,119,58.5,2016-07-12,0
C4227,54.0,Male,East,Primary,Salaried,1420538.34,"₹228,949",Home,673.2,12,113,54.2,2023-04-06,0
C4228,29.0,Female,West,Graduate,Salaried,151722.89,"₹417,429",Business,648.8,0,115,59.9,2024-07-01,1
C4229,30.0,Female,West,Graduate,Salaried,,"₹145,864",Home,671.3,4,112,70.13,2017-08-31,0
C4230,44.0,Male,North,Post-Graduate,Self-Employed,994653.28,"₹342,645",Home,623.7,6,59,10.07,2025-10-19,0
C4231,58.0,Other,North,Secondary,Salaried,1383666.23,"₹389,234",Medical,668.4,1,103,40.82,2017-08-31,0
C4232,57.0,Female,South,Secondary,Business,,"₹1,367,001",Car,629.2,4,159,21.88,2024-05-02,0
C4233,31.0,Female,East,Graduate,,812352.48,"₹92,432",Car,838.6,1,69,10.93,2023-01-02,0
C4234,67.0,Female,North,Secondary,Business,348656.54,"₹218,470",Other,671.8,9,93,82.3,2021-02-16,1
C4235,67.0,Male,East,Graduate,Business,798318.64,"₹138,969",Car,547.0,3,101,19.77,2024-10-04,0
C4236,53.0,Female,East,Graduate,Self-Employed,784160.1,"₹79,051",Car,120.0,4,97,34.27,2020-02-29,1
C4237,27.0,Female,West,Primary,Self-Employed,402166.59,"₹379,848",Business,779.2,3,170,38.3,2017-01-11,0
C4238,20.0,Other,West,Secondary,Self-Employed,959970.07,"₹176,147",Other,795.7,0,61,40.68,2026-06-09,0
C4239,67.0,Male,South,Graduate,,1550076.93,"₹4,427,480",Education,658.8,1,76,300.0,2020-11-19,1
C4240,,Male,East,Secondary,Business,736867.64,"₹226,405",Business,674.7,1,108,22.77,2023-04-25,0
C4241,55.0,Male,North,Secondary,Business,92894.59,"₹127,432",Home,656.6,0,135,42.53,2018-11-02,0
C4242,22.0,Male,South,Graduate,Unemployed,253162.7,"₹138,952",Home,723.1,6,134,22.06,2019-10-12,0
C4243,48.0,Female,West,Primary,Unemployed,323169.42,"₹577,350",Education,751.5,3,162,120.05,2024-03-21,1
C4244,61.0,Female,North,Post-Graduate,Unemployed,234341.58,"₹109,960",Car,578.2,3,120,15.76,2020-07-25,0
C4245,24.0,Male,South,Secondary,Unemployed,248462.08,"₹301,762",Medical,564.3,3,113,29.71,2023-05-24,1
C4246,66.0,Male,West,Graduate,Unemployed,652308.19,"₹517,836",Business,830.8,1,75,38.67,2021-01-05,0
C4247,28.0,Male,South,Primary,Unemployed,411908.78,"₹614,170",Car,756.7,2,90,124.6,2023-05-03,1
C4248,54.0,Female,West,Post-Graduate,Self-Employed,354510.29,"₹210,356",Education,694.5,3,66,15.3,2026-03-14,0
C4249,60.0,Male,North,Post-Graduate,Unemployed,242882.18,"₹163,279",Education,806.4,1,140,103.2,2017-02-08,0
C4250,46.0,Male,North,Post-Graduate,Unemployed,124888.19,"₹151,249",Car,634.2,3,95,61.58,2019-11-08,1
C4251,37.0,Male,West,Graduate,Business,457970.14,"₹194,876",Medical,745.3,0,73,38.59,2024-10-07,0
C4252,66.0,Female,East,Post-Graduate,Business,314247.87,"₹411,643",Other,581.1,4,1,51.41,2015-12-09,1
C4253,54.0,Male,South,Post-Graduate,Self-Employed,332480.3,"₹81,316",Education,615.7,0,14,12.92,2025-10-13,0
C4254,44.0,Female,West,Secondary,Business,666346.64,"₹136,691",Home,593.3,4,102,65.33,2023-12-08,0
C4255,,Female,South,Post-Graduate,Unemployed,409044.15,"₹206,892",Business,719.3,6,63,56.63,2021-07-10,0
C4256,56.0,Male,North,Post-Graduate,Salaried,224360.05,"₹670,284",Education,682.3,1,49,85.39,2018-08-13,1
C4257,59.0,Female,West,Graduate,Self-Employed,81000.76,,Car,733.9,2,77,29.16,2017-07-15,1
C4258,57.0,Male,North,Secondary,Business,336433.1,,Business,652.4,2,66,143.0,2024-09-13,1
C4259,59.0,Male,North,Post-Graduate,Self-Employed,318460.27,"₹176,072",Other,658.5,5,77,48.83,2022-01-04,0
C4260,47.0,Male,West,Graduate,Self-Employed,508480.11,"₹251,593",Other,672.5,3,110,34.55,2023-06-30,0
C4261,46.0,Male,South,Secondary,Unemployed,2992187.33,"₹1,523,605",Car,734.9,2,128,64.57,2022-12-23,0
C4262,33.0,Other,North,Primary,Business,1329315.05,"₹87,355",Business,765.8,5,103,20.68,2016-07-08,0
C4263,70.0,Male,East,Post-Graduate,Self-Employed,685003.98,"₹198,806",Home,747.7,8,114,29.27,2026-03-29,0
C4264,61.0,Female,East,Secondary,Salaried,205332.49,"₹383,170",Other,627.7,2,106,64.73,2022-05-27,1
C4265,22.0,Male,West,Graduate,Unemployed,452763.78,"₹166,980",Education,716.4,0,19,56.8,2023-02-20,0
C4266,27.0,Male,East,Post-Graduate,Self-Employed,1053454.44,"₹3,547,834",Medical,691.8,5,49,50.96,2019-03-28,1
C4267,54.0,Female,South,Post-Graduate,Business,339646.66,"₹543,319",Business,561.7,6,111,17.89,2025-02-07,1
C4268,70.0,Female,West,Graduate,Unemployed,,"₹106,362",Home,,4,108,31.93,2022-03-12,0
C4269,56.0,Female,North,Post-Graduate,Unemployed,695289.14,"₹314,912",Education,769.1,3,82,35.83,2020-05-04,0
C4270,60.0,Other,South,Post-Graduate,Salaried,173409.64,"₹77,826",Education,785.5,5,84,36.62,2024-01-21,0
C4271,,Female,North,Graduate,Business,483726.68,"₹83,459",Business,720.0,5,78,22.56,2026-06-28,0
C4272,30.0,Male,North,Graduate,Self-Employed,,"₹379,188",Car,881.3,2,125,77.72,2016-06-28,1
C4273,53.0,Male,East,Post-Graduate,Business,367860.81,"₹629,842",Medical,725.2,0,69,152.69,2021-05-26,1
C4274,65.0,Female,North,Graduate,Salaried,867575.15,"₹313,427",Other,641.3,6,74,34.73,2024-05-16,0
C4275,18.0,Female,West,Primary,Business,,"₹50,000",Business,700.2,1,141,162.75,2024-10-26,0
C4276,56.0,Female,South,Post-Graduate,Unemployed,560466.14,"₹313,013",Car,593.3,5,127,39.06,2021-07-26,0
C4277,23.0,Male,East,Post-Graduate,Salaried,149994.03,"₹78,512",Other,775.7,2,151,28.72,2023-03-16,0
C4278,18.0,Male,East,Primary,Unemployed,501511.13,"₹630,009",Car,791.9,0,113,37.1,2026-06-07,0
C4279,29.0,Male,West,Graduate,Unemployed,332233.41,"₹77,682",Other,657.3,5,90,15.12,2024-10-28,0
C4280,26.0,Other,West,Primary,Salaried,586991.29,"₹874,163",Education,698.0,0,34,47.97,2016-10-29,0
C4281,54.0,Male,East,Primary,Salaried,122178.01,"₹526,930",Home,702.1,2,77,18.75,2016-03-26,1
C4282,59.0,Female,North,Post-Graduate,Self-Employed,103060.37,"₹674,717",Medical,753.8,1,36,18.89,2026-02-17,1
C4283,32.0,Female,North,Primary,Salaried,455445.99,"₹342,030",Business,743.0,0,109,95.21,2019-03-25,0
C4284,,Male,East,Post-Graduate,Unemployed,754430.51,"₹251,636",Business,980.0,6,106,23.08,2023-06-28,0
C4285,27.0,Male,East,Graduate,Unemployed,311826.57,"₹2,284,161",Business,637.7,3,79,24.36,2025-04-08,1
C4286,70.0,Male,South,Graduate,Business,964867.19,"₹160,830",Other,683.6,6,3,40.52,2023-01-23,0
C4287,25.0,Male,North,Graduate,Business,899616.08,"₹1,414,579",Other,672.4,8,61,63.86,2024-02-04,1
C4288,31.0,Male,North,Post-Graduate,Self-Employed,317030.11,"₹778,996",Home,747.9,0,116,29.24,2022-06-17,1
C4289,37.0,Female,West,Graduate,,742367.71,"₹542,367",Medical,767.7,1,14,99.42,2018-11-16,0
C4290,,Female,North,Post-Graduate,Business,,"₹129,057",Medical,744.2,3,135,30.4,2019-06-16,0
C4291,34.0,Male,North,Secondary,Salaried,724606.97,"₹179,291",Other,663.3,0,57,93.76,2023-03-18,0
C4292,27.0,Male,East,Post-Graduate,Business,176900.13,"₹158,093",Other,627.5,10,113,22.6,2024-09-19,1
C4293,57.0,Male,South,Primary,Self-Employed,1141568.49,"₹171,930",Home,759.4,0,59,6.52,2020-02-22,0
C4294,62.0,Other,North,Primary,Self-Employed,238550.41,"₹1,376,440",Business,687.6,2,8,56.02,2020-10-29,1
C4295,69.0,Female,South,Primary,Self-Employed,649340.65,"₹50,000",Business,668.0,0,97,17.97,2016-06-13,0
C4296,59.0,Female,East,Primary,Self-Employed,892885.79,"₹352,020",Medical,586.2,1,57,54.26,2019-03-13,0
C4297,31.0,Female,West,Graduate,Self-Employed,87122.27,"₹116,603",Education,594.2,1,83,41.42,2020-02-19,1
C4298,42.0,Male,East,Primary,Business,977679.91,"₹482,367",Business,646.5,3,101,49.77,2018-01-06,0
C4299,60.0,Male,North,Graduate,Unemployed,266901.08,"₹304,989",Education,676.9,0,92,30.96,2015-11-28,0
C4300,39.0,Other,South,Secondary,Unemployed,1513708.09,"₹118,419",Car,738.5,3,85,17.02,2016-05-18,0
C4301,53.0,Other,East,Post-Graduate,Self-Employed,324579.75,"₹923,636",Education,723.5,0,8,22.84,2024-07-30,1
C4302,60.0,Female,West,Graduate,Self-Employed,530633.54,"₹68,628",Car,553.4,4,76,78.29,2024-12-24,0
C4303,49.0,Female,South,Secondary,Self-Employed,287450.0,"₹555,181",Home,853.0,0,88,300.0,2020-01-17,1
C4304,18.0,Male,South,Post-Graduate,Salaried,579722.9,"₹227,957",Home,527.1,2,59,23.6,2018-03-09,0
C4305,43.0,Female,East,Graduate,Business,2946600.77,"₹417,103",Education,583.8,2,173,16.46,2026-02-17,0
C4306,61.0,Female,South,Post-Graduate,Business,1020644.6,"₹392,730",Business,733.7,2,88,36.04,2015-05-23,0
C4307,69.0,Female,South,Primary,Self-Employed,1573978.88,"₹181,700",Home,758.0,5,25,9.79,2018-11-29,0
C4308,70.0,Male,West,Graduate,Self-Employed,1326791.01,"₹65,252",Other,763.2,0,108,34.96,2024-10-02,0
C4309,,Female,West,Post-Graduate,Salaried,1086270.48,"₹378,715",Business,771.6,8,76,159.15,2015-10-21,1
C4310,46.0,Male,South,Primary,Unemployed,436731.71,"₹157,261",Home,660.0,1,129,22.38,2023-11-22,0
C4311,42.0,Male,East,Primary,Business,696566.85,"₹346,779",Other,673.7,2,140,48.28,2018-09-08,0
C4312,27.0,Female,South,Secondary,Salaried,187716.38,"₹141,136",Education,691.5,1,76,23.61,2018-04-08,0
C4313,28.0,Female,South,Secondary,Unemployed,188797.57,"₹50,000",Car,678.6,4,84,29.63,2016-07-07,0
C4314,28.0,Male,West,Primary,Business,463989.91,"₹435,340",Education,670.3,5,112,72.39,2017-04-27,1
C4315,37.0,Female,South,Post-Graduate,Business,185326.26,"₹2,410,816",Car,653.3,5,52,29.48,2017-04-02,1
C4316,26.0,Male,East,Graduate,Unemployed,2760082.4,,Other,673.0,0,104,25.49,2018-02-28,0
C4317,43.0,Male,South,Secondary,Unemployed,586587.63,"₹308,284",Home,724.3,7,154,36.11,2019-04-24,0
C4318,58.0,Male,East,Primary,Self-Employed,651609.22,"₹126,038",Medical,744.5,4,99,37.06,2016-10-10,0
C4319,23.0,Male,East,Primary,Self-Employed,2171280.43,"₹144,459",Home,560.2,1,86,41.53,2016-04-01,0
C4320,47.0,Male,East,Graduate,Self-Employed,529123.25,"₹50,000",Business,666.0,0,12,32.41,2022-12-17,0
C4321,65.0,Female,West,Primary,Self-Employed,648349.53,"₹285,260",Home,705.2,0,58,52.44,2020-11-02,0
C4322,43.0,Male,East,Graduate,Business,273469.1,"₹599,566",Business,698.8,0,110,26.6,2015-07-12,1
C4323,49.0,Other,South,Post-Graduate,Salaried,120958.77,"₹172,438",Medical,749.9,1,92,84.23,2021-07-13,1
C4324,44.0,Female,South,Primary,Salaried,538645.42,"₹339,274",Medical,622.8,1,110,19.28,2019-01-06,0
C4325,37.0,Female,South,Secondary,Salaried,110396.99,"₹626,507",Home,694.5,11,112,72.98,2018-02-15,1
C4326,46.0,Female,West,Post-Graduate,Salaried,1828068.11,"₹194,907",Education,706.6,0,69,42.18,2023-03-27,0
C4327,,Male,West,Secondary,Salaried,394915.5,"₹22,383,269",Business,788.7,1,111,30.97,2018-12-27,1
C4328,46.0,Male,West,Post-Graduate,Unemployed,1286585.2,"₹107,415",Other,767.6,1,89,35.09,2022-09-28,0
C4329,67.0,Female,South,Secondary,Salaried,,,Home,773.6,3,114,17.98,2023-04-06,0
C4330,40.0,Male,North,Post-Graduate,Business,1750720.84,"₹209,669",Medical,576.5,4,70,21.94,2021-10-27,0
C4331,24.0,Male,West,Primary,Self-Employed,315694.13,"₹351,496",Business,767.3,9,123,19.62,2022-09-25,0
C4332,36.0,Male,North,Primary,Business,1349966.08,"₹78,593",Home,604.4,4,24,33.38,2016-09-26,0
C4333,53.0,Female,South,Graduate,Self-Employed,,"₹1,742,163",Other,628.0,4,121,33.28,2026-02-03,0
C4334,51.0,Female,East,Primary,Self-Employed,4982996.41,"₹3,051,413",Other,591.5,0,120,34.75,2018-01-14,0
C4335,37.0,Other,East,Post-Graduate,Business,406413.03,"₹258,702",Home,598.8,8,90,43.44,2025-07-28,1
C4336,21.0,Male,South,Primary,Business,331929.63,"₹597,116",Medical,635.7,4,131,24.14,2024-04-28,1
C4337,19.0,Male,East,Primary,Self-Employed,276773.98,"₹145,563",Car,684.6,6,50,28.73,2017-05-19,0
C4338,45.0,Female,West,Primary,Unemployed,580217.77,"₹627,280",Medical,674.6,1,146,108.94,2026-01-07,1
C4339,35.0,Female,North,Primary,Unemployed,360194.77,"₹779,286",Car,519.6,3,99,72.63,2020-01-19,1
C4340,36.0,Female,South,Post-Graduate,Salaried,1525815.11,"₹69,380",Business,,3,41,19.75,2026-04-22,0
C4341,,Male,East,Primary,Self-Employed,1544465.83,"₹101,003",Home,628.2,3,14,34.56,2024-04-25,0
C4342,46.0,Female,North,Secondary,Unemployed,1721344.99,"₹450,250",Other,,5,151,62.32,2017-05-21,0
C4343,65.0,Male,West,Primary,Salaried,275417.11,"₹961,780",Other,547.5,0,16,68.11,2019-03-02,1
C4344,29.0,Male,West,Post-Graduate,Unemployed,2756405.4,"₹832,991",Home,698.9,7,42,33.9,2016-03-16,0
C4345,27.0,Male,West,Secondary,Business,1088653.92,"₹748,318",Home,,0,60,35.08,2023-08-23,0
C4346,28.0,Female,East,Secondary,Salaried,,"₹724,217",Medical,809.1,3,97,72.31,2022-07-25,0
C4347,65.0,Male,South,Post-Graduate,,1461361.46,"₹320,599",Other,850.5,5,60,33.61,2017-03-06,0
C4348,53.0,Male,West,Secondary,,,"₹10,326,297",Education,770.7,1,38,26.23,2025-10-01,1
C4349,31.0,Female,North,Primary,Self-Employed,707515.75,"₹373,114",Other,609.5,4,78,53.05,2026-03-16,0
C4350,24.0,Other,East,Post-Graduate,Business,852134.35,"₹242,870",Car,741.4,7,20,34.02,2015-05-03,0
C4351,46.0,Female,East,Primary,Business,645546.38,"₹1,102,415",Education,509.1,0,71,10.49,2018-11-10,1
C4352,20.0,Male,North,Secondary,Salaried,192717.49,"₹218,579",Home,616.1,3,66,22.91,2020-02-01,0
C4353,60.0,Male,South,Graduate,Salaried,333298.94,"₹105,741",Other,654.9,3,111,27.35,2015-07-20,0
C4354,57.0,Male,South,Primary,Unemployed,3616370.29,"₹539,963",Other,531.4,2,144,13.3,2015-11-15,0
C4355,67.0,Male,West,Post-Graduate,Salaried,638834.46,"₹666,611",Medical,682.1,2,81,82.15,2016-10-18,0
C4356,69.0,Female,South,Primary,Salaried,,"₹93,031",Education,709.3,0,74,52.4,2022-10-29,0
C4357,,Male,North,Graduate,Salaried,347745.35,"₹619,955",Medical,605.4,7,40,12.45,2020-05-05,1
C4358,61.0,Male,East,Secondary,Unemployed,,"₹68,098",Business,,0,61,30.8,2025-12-19,0
C4359,47.0,Male,South,Primary,Unemployed,694223.78,"₹90,658",Education,631.1,4,97,23.26,2017-03-17,0
C4360,46.0,Female,South,Graduate,Business,704650.96,"₹266,644",Home,710.5,0,41,145.54,2022-10-20,0
C4361,60.0,Male,West,Primary,Self-Employed,231281.25,"₹550,598",Business,615.1,1,67,218.73,2019-11-19,1
C4362,69.0,Male,South,Secondary,Unemployed,,"₹2,424,154",Education,720.8,1,152,60.89,2020-09-10,1
C4363,64.0,Male,North,Secondary,Business,673760.26,"₹795,161",Car,601.0,1,62,49.67,2017-10-26,0
C4364,70.0,Male,South,Graduate,Salaried,483426.73,"₹580,894",Education,653.0,1,87,40.68,2018-05-09,0
C4365,32.0,Female,North,Primary,Business,657726.18,"₹133,271",Education,647.3,1,136,46.17,2021-05-13,0
C4366,49.0,,West,Secondary,Unemployed,480268.15,"₹85,388",Other,733.8,3,109,63.39,2024-11-24,0
C4367,58.0,Male,East,Graduate,Self-Employed,306073.3,"₹161,485",Car,662.3,0,119,106.81,2020-07-04,0
C4368,42.0,Male,West,Post-Graduate,Unemployed,289764.41,"₹838,661",Other,,0,76,34.76,2023-11-14,1
C4369,64.0,Male,East,Primary,Business,1061660.04,"₹248,429",Home,594.3,4,31,20.28,2026-02-08,0
C4370,37.0,Female,East,Graduate,Self-Employed,654713.77,"₹57,788",Business,708.0,0,35,20.37,2015-04-13,0
C4371,63.0,Male,West,Primary,Unemployed,800822.69,"₹301,336",Medical,,3,1,47.89,2022-08-03,0
C4372,20.0,Male,South,Primary,Unemployed,1256474.55,"₹526,803",Medical,,0,83,60.14,2026-05-16,0
C4373,33.0,,North,Post-Graduate,Business,376789.83,"₹1,130,091",Education,710.4,3,164,48.5,2018-08-16,1
C4374,26.0,Female,West,Primary,Salaried,527376.74,"₹284,667",Medical,604.3,8,137,29.33,2023-12-28,0
C4375,20.0,,South,Post-Graduate,Self-Employed,230388.49,"₹1,206,318",Business,605.5,2,91,21.27,2025-11-22,1
C4376,64.0,Female,South,Primary,Self-Employed,244377.55,"₹265,284",Other,638.1,2,103,18.05,2017-12-24,0
C4377,20.0,Other,East,Primary,Unemployed,1594873.84,"₹579,633",Car,673.9,9,125,21.28,2025-11-11,0
C4378,24.0,Female,North,Post-Graduate,Business,766744.4,"₹97,969",Business,746.2,3,122,88.85,2020-08-18,0
C4379,69.0,Female,South,Secondary,,983830.14,"₹153,032",Car,767.1,1,52,21.04,2018-12-03,0
C4380,33.0,Male,South,Secondary,,416314.22,"₹145,651",Business,718.0,0,100,25.17,2019-03-28,0
C4381,38.0,Male,East,Post-Graduate,Business,1168384.34,"₹351,015",Business,610.3,8,29,31.4,2015-07-13,0
C4382,18.0,Male,South,Primary,Self-Employed,343486.5,,Car,754.5,5,58,27.76,2017-03-29,0
C4383,59.0,Male,South,Post-Graduate,Unemployed,248537.09,"₹102,240",Medical,593.3,4,54,46.55,2024-03-13,0
C4384,62.0,Male,North,Post-Graduate,Business,1112270.85,"₹518,098",Medical,811.2,0,67,35.54,2021-06-15,0
C4385,41.0,Male,West,Post-Graduate,Salaried,392264.02,"₹463,178",Business,,0,13,36.5,2017-12-04,0
C4386,44.0,Male,East,Primary,Business,455890.32,"₹395,697",Business,595.3,6,140,62.12,2023-01-01,1
C4387,28.0,Female,South,Post-Graduate,Salaried,506827.08,"₹91,555",Car,569.8,0,102,52.83,2016-10-08,0
C4388,36.0,Female,South,Post-Graduate,Business,709028.44,"₹760,893",Car,728.4,6,112,32.24,2023-12-17,0
C4389,56.0,Female,North,Primary,Self-Employed,1648162.81,"₹1,152,176",Other,663.8,4,62,54.02,2025-08-31,0
C4390,44.0,Female,North,Primary,Self-Employed,284886.78,"₹375,226",Education,684.8,0,120,43.12,2021-10-14,0
C4391,32.0,Female,West,Post-Graduate,Salaried,234383.66,"₹130,300",Home,754.9,9,156,19.51,2021-09-18,0
C4392,21.0,Female,East,Post-Graduate,Business,414941.41,"₹119,026",Education,775.5,2,121,20.89,2022-03-27,0
C4393,27.0,Male,West,Primary,Unemployed,510252.65,"₹314,578",Medical,641.1,7,106,65.83,2018-07-20,0
C4394,63.0,Male,South,Post-Graduate,Unemployed,470855.32,"₹191,333",Business,674.5,1,11,49.8,2026-06-15,0
C4395,,Male,East,Primary,Unemployed,245974.64,"₹610,453",Car,783.1,5,49,13.47,2016-02-29,1
C4396,36.0,Female,East,Post-Graduate,Unemployed,,,Medical,692.7,4,162,9.16,2024-09-25,0
C4397,19.0,Male,East,Graduate,Unemployed,353642.25,"₹82,943",Home,715.8,4,84,56.41,2016-06-05,0
C4398,23.0,Male,North,Post-Graduate,Self-Employed,871305.45,"₹210,054",Car,,1,70,34.5,2022-09-19,0
C4399,52.0,Male,West,Secondary,,437927.84,"₹311,097",Car,693.5,9,68,54.35,2022-08-30,0
C4400,25.0,Other,East,Post-Graduate,Business,600019.32,"₹171,388",Other,521.5,7,44,16.94,2025-03-14,0
C4401,27.0,Female,East,Graduate,Self-Employed,1824085.48,"₹194,421",Car,532.4,2,140,158.17,2015-03-26,1
C4402,55.0,Male,North,Primary,Salaried,584616.8,"₹2,701,361",Medical,545.3,6,88,39.71,2019-07-08,1
C4403,66.0,Female,West,Primary,Business,1719807.92,"₹364,408",Car,689.6,1,117,83.29,2017-09-18,0
C4404,49.0,Male,West,Post-Graduate,Unemployed,720874.58,"₹52,430",Business,845.7,1,101,54.02,2024-09-16,0
C4405,56.0,Other,North,Secondary,Self-Employed,2410823.88,"₹471,631",Medical,676.3,0,95,46.41,2026-05-04,0
C4406,39.0,Female,East,Primary,Business,431337.18,"₹288,676",Business,697.9,8,115,43.09,2021-03-21,0
C4407,55.0,,East,Post-Graduate,Salaried,66088.65,"₹155,901",Education,638.1,2,114,8.07,2016-10-17,1
C4408,44.0,Male,West,Secondary,Salaried,839854.68,"₹798,947",Car,707.4,5,61,48.33,2016-02-23,0
C4409,18.0,Male,East,Primary,Unemployed,630687.99,"₹159,749",Business,636.4,1,147,68.11,2017-02-23,0
C4410,22.0,Male,North,Secondary,Salaried,308945.72,"₹227,528",Other,669.5,6,75,75.79,2021-10-25,0
C4411,45.0,Other,East,Primary,,5822086.01,"₹7,114,330",Business,664.3,2,100,54.78,2025-09-05,0
C4412,27.0,,East,Primary,Unemployed,,"₹473,136",Car,792.3,2,19,37.25,2025-05-16,1
C4413,33.0,Female,North,Secondary,Salaried,210108.08,"₹1,150,392",Car,569.4,6,50,98.56,2022-05-06,1
C4414,40.0,Male,South,Graduate,Unemployed,5994656.23,"₹409,395",Car,722.6,4,52,13.58,2019-04-27,0
C4415,57.0,Female,South,Secondary,Unemployed,316514.29,"₹150,612",Business,620.1,7,80,21.17,2017-03-24,0
C4416,53.0,Other,South,Post-Graduate,Self-Employed,482169.67,"₹196,906",Home,632.4,2,75,63.48,2026-04-02,0
C4417,42.0,Male,South,Primary,Unemployed,188617.36,"₹135,923",Car,597.4,0,73,25.33,2021-07-27,0
C4418,44.0,Male,East,Primary,Business,133427.09,"₹644,367",Medical,,6,72,22.94,2016-02-15,1
C4419,18.0,Male,East,Graduate,Business,281388.48,"₹168,849",Education,751.7,1,65,40.75,2016-03-05,0
C4420,59.0,Male,South,Graduate,Salaried,402397.99,"₹249,387",Other,664.7,2,50,30.33,2019-04-25,0
C4421,26.0,Male,East,Secondary,Salaried,839456.36,"₹1,177,695",Car,682.9,0,102,48.8,2022-04-26,0
C4422,31.0,Male,West,Secondary,Salaried,315233.66,"₹872,129",Business,865.3,3,75,47.0,2022-01-20,1
C4423,49.0,Male,North,Post-Graduate,Business,1739443.31,"₹498,494",Car,754.3,0,99,65.65,2018-11-11,0
C4424,67.0,Male,West,Secondary,Unemployed,418235.51,"₹142,032",Education,,2,157,100.57,2023-09-30,0
C4425,41.0,Female,North,Secondary,Unemployed,2382711.2,"₹304,571",Other,676.2,4,81,92.22,2023-08-02,0
C4426,,Male,South,Graduate,Unemployed,1212205.2,"₹94,376",Medical,754.4,2,99,20.58,2025-07-31,0
C4427,60.0,Male,West,Graduate,Self-Employed,,"₹135,057",Business,775.3,1,1,35.82,2020-02-05,0
C4428,,Female,East,Secondary,Unemployed,622745.81,"₹376,615",Car,509.8,0,131,86.72,2016-07-05,0
C4429,45.0,Female,South,Post-Graduate,Business,510747.83,"₹106,951",Other,638.0,3,74,14.32,2023-11-01,0
C4430,33.0,Male,East,Secondary,Unemployed,531237.51,"₹388,843",Home,725.8,0,72,24.45,2019-06-12,0
C4431,64.0,Male,West,Graduate,,3980759.56,"₹358,654",Car,631.4,6,92,12.79,2024-09-08,0
C4432,55.0,Male,East,Post-Graduate,Business,238387.62,"₹230,795",Business,532.5,1,242,37.02,2023-10-31,0
C4433,22.0,Male,North,Secondary,Salaried,2038513.74,"₹181,833",Medical,,0,119,45.44,2018-03-30,0
C4434,19.0,Female,East,Graduate,Business,797313.55,"₹966,659",Car,753.0,3,81,22.3,2015-09-29,0
C4435,39.0,Male,South,Graduate,Business,248186.0,"₹760,531",Car,771.5,0,77,54.41,2017-02-27,1
C4436,62.0,Female,East,Graduate,Self-Employed,175210.42,"₹579,338",Home,601.6,0,22,122.09,2025-12-26,1
C4437,36.0,Male,West,Post-Graduate,Unemployed,468369.55,"₹274,945",Education,,5,138,65.56,2019-08-01,0
C4438,64.0,Male,North,Graduate,Business,869841.16,"₹280,321",Education,614.2,2,63,62.68,2023-07-05,0
C4439,59.0,Female,South,Secondary,Salaried,,"₹500,478",Other,694.2,0,76,25.01,2022-01-21,0
C4440,25.0,Male,South,Secondary,Business,633658.4,,Business,677.3,7,1,21.21,2026-04-23,1
C4441,50.0,Female,West,Graduate,Unemployed,221945.21,"₹106,237",Other,632.4,1,131,16.5,2020-06-11,0
C4442,56.0,Female,North,Secondary,Unemployed,3401290.52,"₹412,318",Education,767.7,0,91,76.19,2024-12-14,0
C4443,62.0,Male,West,Primary,Salaried,701641.41,"₹103,634",Business,586.7,0,97,140.36,2020-06-13,0
C4444,47.0,Female,West,Primary,Self-Employed,2404704.36,"₹3,908,613",Car,589.7,4,116,42.71,2021-08-15,1
C4445,68.0,Other,West,Primary,Salaried,,"₹488,316",Car,577.7,0,92,61.99,2018-02-24,0
C4446,44.0,Male,West,Primary,Business,434997.35,,Home,700.4,4,130,31.78,2015-10-25,0
C4447,34.0,Female,West,Primary,,182337.37,"₹174,430",Medical,811.8,1,115,42.3,2016-04-05,0
C4448,42.0,Other,East,Graduate,Unemployed,586055.75,"₹190,498",Other,660.2,2,60,33.1,2025-02-23,0
C4449,66.0,Male,North,Post-Graduate,Business,810096.68,"₹119,407",Medical,528.1,0,33,34.81,2018-07-18,0
C4450,41.0,Male,East,Primary,Unemployed,10480974.89,"₹559,582",Education,567.5,0,36,12.87,2016-02-27,0
C4451,18.0,Male,East,Secondary,Salaried,1213347.86,"₹138,950",Medical,719.9,0,113,30.11,2024-08-30,0
C4452,34.0,Female,South,Primary,Unemployed,390135.32,"₹219,379",Other,653.9,3,155,63.62,2022-04-11,0
C4453,43.0,Female,North,Post-Graduate,Self-Employed,567318.87,"₹118,842",Education,794.9,3,159,58.95,2015-03-17,0
C4454,,Female,North,Secondary,Salaried,6481768.92,"₹59,837",Car,564.9,0,84,22.42,2015-03-13,0
C4455,54.0,Female,North,Post-Graduate,Salaried,757725.14,"₹307,399",Home,776.1,0,67,35.48,2015-09-29,0
C4456,57.0,Female,West,Secondary,Business,1046461.05,"₹192,396",Education,765.9,0,40,16.68,2026-04-07,0
C4457,49.0,Female,East,Post-Graduate,Self-Employed,415395.06,"₹193,673",Medical,,0,68,64.66,2021-01-03,0
C4458,56.0,,South,Secondary,Unemployed,325182.41,"₹170,508",Medical,636.7,3,1,48.41,2025-08-16,0
C4459,36.0,Male,West,Primary,Self-Employed,287644.91,"₹373,483",Business,760.5,3,95,58.92,2025-07-08,0
C4460,18.0,Female,North,Secondary,Salaried,314172.97,"₹283,757",Education,693.2,7,141,47.21,2018-02-24,0
C4461,23.0,Male,South,Post-Graduate,Self-Employed,604322.74,"₹381,011",Other,,3,107,17.15,2015-03-09,0
C4462,28.0,Male,East,Secondary,,1375098.88,"₹93,512",Home,,1,93,68.04,2019-12-10,0
C4463,23.0,Male,North,Secondary,Unemployed,357324.63,"₹1,136,551",Car,556.9,4,33,17.67,2016-08-24,1
C4464,62.0,Male,West,Secondary,Salaried,448248.72,"₹118,012",Home,513.6,0,48,33.23,2019-10-16,0
C4465,29.0,Male,North,Post-Graduate,Salaried,258680.23,"₹229,376",Home,775.5,0,64,48.54,2023-10-05,0
C4466,61.0,Male,North,Graduate,Self-Employed,233319.5,"₹88,107",Car,757.2,4,148,60.01,2025-06-15,0
C4467,32.0,Male,North,Post-Graduate,Unemployed,1612202.54,"₹200,537",Car,671.2,3,164,31.1,2016-10-25,0
C4468,25.0,,East,Secondary,Self-Employed,265400.39,"₹251,573",Car,694.0,4,36,21.09,2017-07-05,0
C4469,32.0,Male,West,Primary,Salaried,,"₹112,889",Business,872.6,1,32,30.04,2016-05-28,0
C4470,41.0,Female,East,Graduate,Unemployed,1105006.54,"₹61,393",Car,717.7,0,131,34.88,2024-08-06,0
C4471,47.0,Female,East,Graduate,,299962.72,"₹486,045",Education,676.0,0,89,16.19,2020-10-16,0
C4472,57.0,Male,North,Primary,Self-Employed,378539.44,"₹143,169",Home,601.5,5,33,127.59,2024-11-11,1
C4473,27.0,Male,West,Secondary,Salaried,98077.32,"₹673,341",Business,733.0,3,81,32.29,2016-07-09,1
C4474,,Female,West,Primary,Self-Employed,110883.94,"₹272,342",Car,659.6,3,55,25.58,2017-08-31,1
C4475,57.0,Male,South,Primary,Salaried,1322569.44,"₹285,975",Other,531.5,6,163,18.23,2025-06-18,0
C4476,36.0,Female,West,Graduate,Salaried,232699.47,"₹206,096",Business,664.4,2,60,35.12,2019-05-16,0
C4477,54.0,,West,Post-Graduate,Business,599570.14,"₹112,427",Business,578.5,5,129,29.48,2016-07-19,0
C4478,56.0,Male,South,Secondary,Business,709605.72,"₹1,011,672",Education,755.9,6,129,41.66,2025-02-10,1
C4479,29.0,Female,East,Graduate,Self-Employed,,"₹301,750",Car,628.0,3,19,78.55,2025-01-22,0
C4480,31.0,,West,Secondary,Self-Employed,305103.37,"₹383,781",Home,711.5,6,128,172.06,2021-03-08,1
C4481,18.0,Female,East,Primary,Self-Employed,772466.45,"₹571,713",Car,619.7,3,64,15.69,2015-02-19,0
C4482,44.0,Female,North,Secondary,Unemployed,1075537.2,"₹103,505",Medical,980.0,0,167,22.67,2026-06-01,0
C4483,63.0,Female,North,Primary,Business,654334.92,"₹354,310",Medical,715.9,3,104,93.53,2025-12-13,0
C4484,65.0,Male,South,Secondary,Business,124435.22,"₹415,550",Education,696.4,3,82,52.32,2019-06-16,1
C4485,34.0,Female,North,Graduate,Business,289231.41,"₹245,287",Other,754.2,3,135,50.61,2016-07-15,0
C4486,26.0,Male,South,Primary,Self-Employed,,"₹237,253",Medical,,2,42,22.69,2017-06-08,0
C4487,26.0,Male,East,Primary,Business,1753593.77,"₹375,683",Education,559.6,3,19,30.66,2026-02-05,0
C4488,36.0,Male,North,Post-Graduate,Business,326380.87,,Home,723.5,2,119,18.71,2025-03-10,0
C4489,47.0,Female,North,Graduate,Salaried,1717827.98,"₹778,909",Medical,980.0,2,63,47.57,2020-01-07,0
C4490,39.0,Male,North,Primary,Business,733022.12,"₹172,076",Car,721.9,1,1,38.08,2020-02-26,0
C4491,30.0,Male,South,Graduate,Salaried,125721.57,"₹2,474,084",Medical,870.0,8,25,9.43,2018-09-30,1
C4492,34.0,Female,South,Primary,Self-Employed,981378.8,"₹235,770",Medical,652.4,4,124,22.49,2017-09-21,0
C4493,58.0,Male,North,Primary,Unemployed,193926.19,"₹371,027",Education,614.0,1,158,24.75,2018-07-18,1
C4494,25.0,Male,West,Primary,Unemployed,347685.01,"₹252,420",Home,661.3,5,72,89.53,2024-06-26,1
C4495,,Male,South,Graduate,Business,522653.65,"₹73,860",Other,741.2,2,1,99.18,2022-07-24,0
C4496,19.0,Female,South,Graduate,,375021.01,"₹191,110",Car,655.3,0,14,51.31,2017-07-20,0
C4497,53.0,Other,West,Primary,Salaried,317439.4,"₹437,103",Car,650.2,10,54,25.67,2024-02-22,1
C4498,18.0,Male,North,Post-Graduate,Self-Employed,257810.26,"₹535,229",Other,,0,130,37.24,2015-03-04,1
C4499,37.0,Male,South,Secondary,Unemployed,1073148.04,"₹584,659",Home,862.9,0,44,76.85,2025-08-11,0
C4500,20.0,Male,East,Graduate,Business,494103.88,"₹1,615,713",Medical,651.0,9,45,54.64,2022-10-09,1
C4501,52.0,Female,North,Graduate,,85715.23,"₹330,702",Car,779.8,4,162,71.5,2025-09-28,1
C4502,30.0,Other,East,Graduate,Business,375930.83,"₹1,254,378",Car,545.0,3,90,22.54,2021-03-21,1
C4503,43.0,Female,South,Graduate,Business,537191.29,"₹118,154",Education,900.0,3,72,28.02,2018-11-21,0
C4504,40.0,Male,North,Post-Graduate,Unemployed,,"₹237,224",Home,677.1,3,105,62.19,2022-01-15,0
C4505,26.0,Female,South,Secondary,Unemployed,2119482.57,"₹126,829",Education,671.6,4,64,33.9,2018-03-06,0
C4506,23.0,Female,North,Primary,Business,864989.95,"₹98,710",Other,657.7,4,118,49.38,2015-02-10,0
C4507,62.0,Male,North,Secondary,Business,951189.1,"₹86,761",Car,695.6,3,89,115.95,2019-04-06,0
C4508,48.0,Male,West,Graduate,Business,686463.88,"₹746,552",Business,821.5,1,78,59.37,2026-01-02,0
C4509,31.0,Male,North,Primary,Salaried,244111.74,"₹721,925",Medical,,7,79,17.34,2019-11-04,1
C4510,48.0,Female,West,Graduate,Business,1078931.82,"₹341,063",Car,701.9,0,77,51.06,2016-12-04,0
C4511,58.0,Male,East,Primary,Salaried,826296.67,"₹207,849",Home,514.6,2,84,27.39,2019-08-10,0
C4512,55.0,Female,West,Primary,Salaried,796074.54,"₹176,590",Car,729.3,1,23,22.8,2018-01-18,0
C4513,55.0,Female,South,Post-Graduate,Salaried,158126.64,"₹97,318",Business,711.4,1,102,30.79,2015-11-18,0
C4514,39.0,Male,South,Post-Graduate,,315641.91,"₹270,142",Car,742.1,2,66,36.79,2019-07-04,0
C4515,51.0,Female,East,Primary,,942122.8,"₹132,744",Education,688.4,9,68,105.63,2021-08-08,0
C4516,43.0,Male,South,Primary,,474348.95,"₹65,866",Education,685.7,3,99,84.63,2020-04-06,0
C4517,32.0,Male,North,Graduate,Unemployed,395529.36,"₹422,727",Business,612.5,3,133,52.87,2018-10-11,0
C4518,22.0,Other,West,Secondary,Salaried,220481.47,"₹238,822",Home,568.9,0,78,22.29,2025-10-17,0
C4519,53.0,Male,West,Post-Graduate,Business,685574.19,"₹209,679",Home,594.9,0,111,73.92,2020-01-06,0
C4520,55.0,Male,South,Post-Graduate,Unemployed,1949066.49,"₹101,953",Education,632.4,8,78,8.78,2018-02-01,0
C4521,54.0,Female,West,Graduate,Business,2929175.48,,Home,626.4,7,92,10.3,2023-07-14,0
C4522,67.0,Male,West,Secondary,Business,1030869.62,"₹50,000",Home,661.4,0,71,40.96,2021-08-06,0
C4523,57.0,Male,South,Graduate,Unemployed,1308241.41,"₹286,856",Other,596.0,2,132,19.28,2017-08-16,0
C4524,58.0,Female,North,Graduate,Unemployed,,"₹409,196",Home,633.5,3,111,53.26,2022-04-10,1
C4525,45.0,Male,West,Secondary,Self-Employed,1127627.01,,Car,651.7,0,1,34.38,2016-09-23,0
C4526,57.0,,West,Post-Graduate,Business,169573.72,"₹1,226,397",Other,670.2,2,90,83.23,2018-10-21,1
C4527,48.0,Male,East,Secondary,,236401.15,"₹151,179",Business,624.9,4,87,14.39,2024-04-23,0
C4528,70.0,Male,South,Primary,Salaried,210424.07,"₹561,021",Business,685.9,2,102,47.71,2023-05-31,1
C4529,27.0,,North,Secondary,Salaried,254379.79,"₹186,717",Other,542.3,2,85,40.07,2020-05-29,0
C4530,27.0,Female,West,Secondary,,1955885.79,"₹87,451",Business,594.2,7,92,12.27,2019-07-28,0
C4531,44.0,Other,West,Primary,Unemployed,209646.3,"₹296,244",Other,755.7,5,90,20.88,2017-09-18,0
C4532,58.0,Female,South,Secondary,Self-Employed,179606.6,"₹283,858",Car,726.2,7,133,55.19,2018-12-11,1
C4533,58.0,Male,North,Secondary,Salaried,283672.48,"₹1,106,925",Medical,660.8,7,50,15.32,2017-12-18,1
C4534,61.0,Male,South,Graduate,Self-Employed,96683.22,"₹217,601",Car,619.9,1,90,134.83,2016-05-16,1
C4535,68.0,Male,East,Graduate,Salaried,385668.47,"₹384,349",Home,756.9,5,58,84.3,2021-08-25,0
C4536,19.0,Male,East,Graduate,Self-Employed,420908.83,"₹205,788",Medical,,4,71,66.87,2015-03-17,0
C4537,45.0,Female,West,Secondary,Salaried,750458.14,"₹239,561",Car,820.7,2,118,125.1,2017-07-21,0
C4538,32.0,Female,North,Primary,Unemployed,360562.9,"₹339,943",Other,641.7,0,118,80.33,2026-03-26,0
C4539,48.0,Female,West,Post-Graduate,Self-Employed,,"₹1,633,140",Car,,2,119,21.97,2022-07-07,1
C4540,,Male,North,Graduate,Unemployed,592494.73,"₹50,000",Education,692.8,6,78,60.73,2021-01-23,0
C4541,70.0,Female,East,Post-Graduate,,201496.94,"₹52,973",Other,687.1,0,40,60.83,2023-05-25,0
C4542,33.0,Male,South,Primary,,3718376.09,"₹582,872",Home,549.5,1,4,28.34,2019-02-24,0
C4543,36.0,Male,South,Primary,Self-Employed,503175.54,"₹202,728",Other,562.4,7,181,39.51,2019-03-23,0
C4544,47.0,Male,East,Graduate,Salaried,712116.01,"₹215,475",Business,663.0,6,134,47.78,2019-04-05,0
C4545,43.0,Male,East,Primary,Salaried,251653.21,"₹222,380",Car,677.4,0,116,22.77,2017-01-27,0
C4546,44.0,Female,East,Post-Graduate,Business,1158657.88,"₹245,383",Business,689.2,4,120,25.95,2023-10-12,0
C4547,,Female,West,Graduate,Salaried,1561057.15,"₹482,903",Medical,654.5,0,63,11.56,2018-12-03,0
C4548,21.0,Male,West,Graduate,Business,254670.84,"₹85,304",Other,457.6,4,144,21.97,2016-06-05,0
C4549,57.0,Female,East,Post-Graduate,Unemployed,168943.66,"₹588,023",Medical,,3,103,45.89,2026-04-23,1
C4550,43.0,Female,North,Primary,Self-Employed,396452.26,"₹707,575",Business,710.8,4,131,168.93,2023-03-04,1
C4551,61.0,Male,West,Secondary,Business,263585.21,"₹489,437",Other,545.9,1,62,15.5,2015-03-30,1
C4552,32.0,Male,East,Primary,Self-Employed,728063.35,"₹378,834",Other,723.2,0,151,24.13,2018-10-06,0
C4553,19.0,Female,West,Secondary,Self-Employed,95715.66,"₹1,245,816",Car,689.6,2,98,87.92,2017-08-29,1
C4554,68.0,Female,North,Secondary,Unemployed,1872788.32,"₹878,360",Education,712.5,5,77,42.0,2025-06-22,0
C4555,59.0,Female,North,Secondary,Business,657600.09,"₹202,451",Car,717.8,0,153,20.22,2021-05-26,0
C4556,29.0,Male,East,Post-Graduate,Salaried,1725635.95,"₹83,740",Medical,,1,71,9.95,2015-12-08,0
C4557,53.0,Female,East,Primary,Self-Employed,361815.91,"₹118,919",Home,646.8,2,1,60.44,2022-04-12,0
C4558,37.0,Male,East,Secondary,,1906502.56,"₹85,479",Car,735.0,3,155,34.73,2020-08-29,0
C4559,31.0,Female,North,Post-Graduate,Unemployed,261843.76,"₹417,900",Home,643.1,4,184,31.58,2021-03-09,1
C4560,69.0,Female,East,Primary,Self-Employed,540372.82,"₹933,688",Home,626.4,4,97,66.63,2019-03-02,1
C4561,20.0,Male,South,Post-Graduate,Salaried,808722.86,"₹1,543,003",Car,827.0,4,35,21.06,2026-03-03,0
C4562,37.0,,East,Primary,Unemployed,5044536.32,"₹108,678",Home,756.5,3,125,89.37,2026-02-01,0
C4563,30.0,Male,East,Primary,Business,1409778.8,"₹615,471",Car,619.5,0,33,98.21,2020-05-16,0
C4564,18.0,Male,West,Graduate,Business,,"₹238,990",Education,495.2,3,173,87.43,2019-06-10,1
C4565,47.0,Male,North,Primary,Unemployed,,"₹703,285",Home,713.6,0,149,25.01,2019-07-23,0
C4566,36.0,Female,West,Primary,Salaried,164431.16,"₹239,342",Home,644.8,8,95,90.84,2016-06-06,1
C4567,20.0,Male,East,Secondary,Business,1284874.83,"₹152,670",Medical,544.3,3,144,107.33,2021-05-04,0
C4568,35.0,Female,West,Primary,Self-Employed,173685.38,"₹91,177",Education,584.9,1,58,21.56,2015-05-21,0
C4569,28.0,Female,West,Post-Graduate,Salaried,729999.44,"₹307,795",Other,755.5,5,153,52.09,2017-08-01,0
C4570,46.0,Female,East,Graduate,Unemployed,372785.35,"₹275,887",Education,776.9,3,42,20.16,2018-11-30,0
C4571,25.0,Male,East,Graduate,Unemployed,540578.6,"₹248,705",Business,772.8,4,109,46.37,2020-10-31,0
C4572,23.0,Male,East,Primary,Self-Employed,478170.34,"₹145,744",Medical,598.5,0,35,104.98,2019-08-18,0
C4573,44.0,Female,West,Graduate,Unemployed,166387.23,"₹426,902",Car,670.1,0,73,81.98,2018-05-02,1
C4574,68.0,Female,North,Graduate,Salaried,773157.81,"₹137,797",Business,694.2,2,47,88.73,2023-05-03,0
C4575,39.0,Male,East,Post-Graduate,Unemployed,207266.08,"₹429,900",Car,661.0,6,110,37.07,2024-10-23,1
C4576,30.0,Male,North,Primary,Self-Employed,646488.08,"₹332,989",Business,680.4,3,55,68.56,2024-12-13,0
C4577,25.0,Male,South,Primary,Business,194954.33,"₹582,799",Medical,708.1,6,92,48.7,2020-01-02,1
C4578,,Female,West,Post-Graduate,,212287.35,"₹1,137,428",Other,712.0,3,128,26.64,2015-06-22,1
C4579,55.0,Female,West,Secondary,Unemployed,571570.5,"₹430,175",Education,714.2,4,79,105.99,2018-01-29,0
C4580,51.0,Male,South,Post-Graduate,,483743.93,"₹717,262",Medical,668.7,0,136,66.46,2025-11-09,1
C4581,34.0,Female,North,Primary,Self-Employed,350867.33,"₹256,782",Other,851.9,4,170,28.8,2020-03-15,0
C4582,33.0,Female,West,Primary,Business,849403.2,"₹882,628",Car,610.1,0,63,129.74,2018-05-10,1
C4583,19.0,Female,East,Graduate,Business,863146.99,,Business,661.8,1,108,15.26,2025-07-10,0
C4584,39.0,Male,East,Post-Graduate,Business,,"₹110,553",Other,770.1,2,88,33.63,2024-09-04,0
C4585,36.0,Female,East,Secondary,Business,328425.02,"₹578,405",Home,645.3,2,66,90.01,2016-04-06,1
C4586,68.0,Male,South,Secondary,Salaried,1187614.49,"₹766,332",Education,746.2,0,127,25.39,2023-10-15,0
C4587,61.0,Male,North,Primary,Unemployed,231365.42,"₹594,603",Business,589.4,2,104,15.48,2024-12-28,1
C4588,63.0,Male,North,Graduate,Self-Employed,1792571.55,"₹224,682",Education,625.6,3,163,49.31,2025-06-24,0
C4589,37.0,Male,North,Secondary,Self-Employed,1538026.22,"₹402,238",Other,793.1,8,57,78.08,2024-05-29,0
C4590,70.0,Male,East,Post-Graduate,Business,273041.99,"₹436,477",Car,712.5,4,1,33.36,2020-12-31,1
C4591,48.0,Male,East,Primary,Self-Employed,2533867.25,"₹193,673",Other,920.0,2,95,30.57,2018-02-22,0
C4592,64.0,Male,North,Secondary,Salaried,179058.33,"₹551,565",Medical,614.0,4,137,38.41,2023-07-13,1
C4593,23.0,Male,North,Primary,Business,204992.61,"₹1,327,466",Home,696.3,0,78,19.89,2015-03-23,1
C4594,56.0,Male,East,Graduate,Self-Employed,623153.66,"₹343,249",Car,443.9,0,101,26.85,2022-04-30,0
C4595,26.0,Male,South,Post-Graduate,Self-Employed,175623.18,"₹914,624",Business,765.3,0,55,54.46,2018-10-24,1
C4596,36.0,Female,North,Secondary,Salaried,286595.96,"₹862,408",Other,713.4,0,88,71.01,2016-11-27,1
C4597,30.0,Male,South,Primary,Unemployed,138284.01,"₹210,377",Business,736.5,6,130,75.8,2016-05-16,1
C4598,,Male,South,Secondary,Self-Employed,227229.33,"₹329,335",Medical,584.3,8,122,20.02,2016-05-05,1
C4599,58.0,Female,West,Secondary,Business,,"₹220,443",Medical,616.6,0,100,40.54,2016-03-26,0
C4600,31.0,Female,West,Post-Graduate,Salaried,1673381.98,"₹96,268",Business,829.3,4,35,48.44,2015-04-22,0
C4601,43.0,Female,South,Secondary,,652634.99,"₹50,000",Business,730.8,2,80,10.95,2018-10-04,0
C4602,,Female,North,Post-Graduate,Self-Employed,188749.79,"₹293,734",Car,742.0,3,73,63.54,2021-08-05,1
C4603,70.0,Male,West,Graduate,Salaried,238495.2,"₹4,088,710",Education,727.9,5,169,25.5,2021-12-11,1
C4604,46.0,Female,North,Post-Graduate,Business,303331.57,"₹157,049",Business,636.7,6,172,66.96,2015-11-01,0
C4605,19.0,Male,South,Graduate,Self-Employed,229496.09,"₹1,208,562",Home,,1,99,20.49,2019-04-03,1
C4606,42.0,Male,East,Secondary,Salaried,513713.0,"₹117,723",Car,691.6,1,106,145.19,2017-01-27,0
C4607,18.0,Female,South,Secondary,Unemployed,490010.4,"₹313,604",Home,638.6,1,94,34.37,2015-11-24,0
C4608,37.0,Other,South,Graduate,Self-Employed,533164.84,"₹25,999,244",Car,653.2,3,71,99.24,2015-11-15,1
C4609,26.0,Male,North,Primary,Salaried,,"₹330,278",Other,628.5,0,74,29.16,2019-10-09,0
C4610,22.0,Male,South,Post-Graduate,,807700.0,"₹163,306",Education,753.2,1,91,20.9,2024-10-24,0
C4611,66.0,Male,South,Secondary,Unemployed,930787.91,"₹386,672",Medical,735.4,0,95,41.72,2018-03-22,0
C4612,67.0,Female,South,Primary,Self-Employed,1574601.89,"₹184,254",Education,920.0,8,14,56.16,2020-06-17,0
C4613,37.0,Male,North,Secondary,Salaried,811901.58,"₹409,478",Medical,891.7,2,129,64.41,2018-06-11,0
C4614,47.0,Male,North,Post-Graduate,Unemployed,,"₹70,554",Other,694.8,8,53,26.7,2021-06-24,0
C4615,50.0,Male,West,Graduate,Unemployed,,"₹196,594",Business,680.3,5,102,27.02,2019-04-25,0
C4616,33.0,Other,South,Secondary,Salaried,3721538.11,,Car,564.2,5,156,69.64,2015-11-15,0
C4617,59.0,Male,North,Graduate,Business,1438524.44,"₹510,855",Home,642.6,4,118,123.42,2021-07-27,0
C4618,27.0,Male,East,Graduate,Business,428852.21,"₹157,937",Medical,,3,83,49.19,2022-12-24,1
C4619,57.0,Male,East,Secondary,Business,309206.7,"₹368,767",Home,665.1,4,43,36.05,2015-09-09,0
C4620,20.0,Female,East,Graduate,Salaried,708084.24,"₹1,429,518",Other,716.1,2,49,20.63,2023-12-20,1
C4621,67.0,Female,West,Graduate,Business,233441.59,"₹305,237",Education,676.4,4,119,37.57,2017-10-10,0
C4622,,Other,East,Primary,Salaried,,"₹78,461",Car,597.7,5,127,78.32,2026-03-18,0
C4623,41.0,Female,West,Post-Graduate,Business,789586.76,"₹268,046",Business,682.5,2,58,56.07,2020-05-09,0
C4624,56.0,Male,North,Primary,Self-Employed,491270.45,"₹175,291",Medical,615.7,6,54,23.37,2022-07-18,0
C4625,50.0,Male,East,Primary,Self-Employed,179522.4,,Business,796.9,0,58,134.33,2016-02-27,1
C4626,63.0,Female,North,Post-Graduate,Unemployed,1335225.56,"₹623,109",Home,688.0,2,44,14.86,2025-04-11,0
C4627,29.0,Male,South,Post-Graduate,,1633023.8,"₹446,618",Medical,793.4,3,68,34.05,2025-08-02,0
C4628,20.0,Male,North,Post-Graduate,Salaried,86132.36,"₹105,787",Education,686.3,0,47,16.89,2016-06-23,0
C4629,42.0,Female,South,Graduate,,287778.66,,Home,544.3,0,31,34.24,2018-05-29,0
C4630,27.0,Female,South,Post-Graduate,Salaried,,"₹164,369",Car,586.5,3,72,20.94,2025-05-30,0
C4631,39.0,Female,East,Post-Graduate,Self-Employed,2780511.82,"₹395,964",Home,688.0,3,82,39.53,2021-10-09,0
C4632,46.0,Female,West,Graduate,Self-Employed,262931.32,"₹764,499",Business,700.0,1,97,36.68,2020-08-25,1
C4633,69.0,Male,South,Post-Graduate,Business,1083111.62,"₹127,255",Car,696.1,7,115,20.79,2024-08-26,0
C4634,48.0,Female,South,Graduate,Self-Employed,2612172.53,"₹114,232",Other,710.7,2,108,31.86,2015-05-11,0
C4635,,Female,West,Graduate,,490987.31,"₹426,107",Business,617.7,2,143,27.02,2024-11-02,0
C4636,50.0,Female,South,Secondary,Business,198241.21,,Business,579.9,4,44,93.3,2023-08-29,1
C4637,24.0,Female,West,Primary,Self-Employed,166609.51,"₹2,132,736",Car,661.6,0,113,201.73,2018-04-29,1
C4638,28.0,Male,South,Primary,Unemployed,216477.66,"₹365,030",Home,678.4,5,58,88.81,2024-04-07,1
C4639,65.0,Female,North,Primary,Unemployed,1495289.3,"₹403,602",Medical,836.1,5,101,52.62,2016-02-26,0
C4640,54.0,Male,West,Primary,Unemployed,2909405.0,"₹240,967",Car,670.7,5,113,18.85,2019-12-14,0
C4641,57.0,Male,North,Post-Graduate,Business,429357.3,"₹219,646",Home,730.2,3,46,30.3,2020-02-15,0
C4642,55.0,Female,South,Post-Graduate,Unemployed,3055880.13,"₹702,377",Business,542.5,0,115,105.09,2022-11-15,0
C4643,41.0,Male,West,Primary,Business,395652.49,"₹102,646",Home,648.8,0,33,43.77,2015-12-12,0
C4644,35.0,Female,East,Graduate,Salaried,1385541.33,"₹174,416",Other,562.3,2,80,30.56,2026-05-25,0
C4645,59.0,Female,South,Secondary,Self-Employed,577738.88,"₹425,506",Car,544.5,0,93,49.59,2021-12-19,0
C4646,51.0,Male,South,Post-Graduate,Self-Employed,609644.07,"₹52,944",Education,793.9,0,88,34.34,2020-07-03,0
C4647,34.0,Female,West,Post-Graduate,Salaried,354888.33,"₹220,524",Other,628.2,7,109,57.91,2022-09-03,0
C4648,33.0,Male,West,Post-Graduate,Business,713451.43,"₹129,711",Education,534.6,1,41,47.34,2016-02-10,0
C4649,41.0,Female,South,Post-Graduate,Self-Employed,221939.19,"₹242,502",Car,615.8,5,133,52.79,2020-12-04,1
C4650,66.0,Female,East,Secondary,Business,1137125.7,"₹347,024",Education,704.1,4,154,54.87,2015-05-20,0
C4651,28.0,Male,East,Secondary,Unemployed,706720.51,"₹591,454",Business,583.8,7,19,103.53,2022-10-17,1
C4652,52.0,Male,South,Primary,Self-Employed,,"₹166,293",Car,729.7,1,97,101.17,2016-07-26,0
C4653,69.0,Male,East,Secondary,Business,254581.2,"₹1,916,660",Medical,669.9,0,61,72.99,2020-08-18,1
C4654,19.0,Male,North,Post-Graduate,Salaried,625817.89,"₹3,041,329",Education,706.6,4,168,124.2,2021-12-01,1
C4655,42.0,Female,West,Secondary,Business,,"₹145,770",Other,797.2,0,90,47.37,2021-09-08,0
C4656,34.0,Male,East,Post-Graduate,Unemployed,253713.55,"₹254,472",Education,682.7,1,111,34.86,2015-01-25,0
C4657,46.0,Male,West,Post-Graduate,Self-Employed,588318.22,"₹563,709",Education,700.1,8,143,47.36,2022-05-18,1
C4658,56.0,Male,West,Primary,Unemployed,874398.63,"₹224,190",Business,715.2,0,96,12.0,2017-03-25,0
C4659,44.0,Other,North,Secondary,Unemployed,1246517.92,"₹456,216",Other,565.4,0,11,23.84,2025-03-20,0
C4660,36.0,Male,East,Graduate,Unemployed,595606.05,"₹199,092",Other,629.4,0,101,20.67,2024-06-28,0
C4661,44.0,Male,North,Secondary,Salaried,239387.05,"₹2,140,787",Medical,707.1,8,86,41.59,2022-02-02,1
C4662,32.0,Female,South,Primary,Salaried,1097977.05,"₹558,586",Business,617.8,2,56,43.53,2022-05-06,0
C4663,53.0,,West,Graduate,Business,40000.0,"₹335,041",Car,757.4,4,103,72.18,2018-05-21,1
C4664,36.0,Male,East,Secondary,Unemployed,496509.22,"₹5,028,043",Home,568.8,5,40,16.65,2023-05-15,1
C4665,31.0,Male,East,Primary,Self-Employed,112171.41,"₹50,000",Other,601.8,0,84,80.03,2020-04-26,0
C4666,51.0,Female,West,Primary,Salaried,172433.97,"₹1,083,475",Education,590.6,0,8,114.95,2016-02-12,1
C4667,63.0,Male,South,Graduate,Salaried,165260.22,,Education,750.9,0,101,39.11,2020-01-25,0
C4668,70.0,Female,South,Secondary,Unemployed,468340.39,"₹136,804",Home,741.4,3,129,40.95,2016-02-23,0
C4669,19.0,Male,North,Secondary,Unemployed,1021192.27,"₹208,699",Other,804.2,2,41,300.0,2023-05-22,1
C4670,32.0,Male,North,Primary,Self-Employed,3076616.98,"₹507,134",Other,750.2,3,83,26.05,2016-04-07,0
C4671,,Female,South,Primary,Salaried,571454.33,"₹93,309",Car,643.9,5,139,73.47,2019-02-25,0
C4672,70.0,Male,South,Post-Graduate,Business,473357.55,"₹1,024,303",Car,595.7,4,70,12.03,2016-02-28,1
C4673,22.0,Male,South,Post-Graduate,Business,677634.19,"₹371,762",Home,630.0,0,20,28.73,2024-07-13,0
C4674,68.0,Female,South,Primary,Business,538672.75,,Car,645.2,2,65,71.03,2025-05-20,0
C4675,66.0,Female,North,Primary,,1092426.37,"₹199,782",Home,873.2,0,67,29.27,2021-03-20,0
C4676,33.0,Male,South,Graduate,Business,321418.55,"₹1,088,979",Education,657.4,0,109,8.97,2020-07-07,1
C4677,19.0,,West,Graduate,Unemployed,275249.51,"₹76,167",Medical,,1,94,32.54,2024-02-14,0
C4678,63.0,Male,East,Graduate,Salaried,625009.68,"₹1,029,855",Education,,2,79,60.82,2015-05-20,1
C4679,30.0,Male,North,Secondary,,1156561.0,"₹60,001",Car,716.8,5,86,31.21,2020-12-15,0
C4680,56.0,Male,North,Post-Graduate,Business,1090518.04,"₹69,895",Car,,0,61,237.57,2020-12-30,0
C4681,37.0,Female,East,Post-Graduate,Business,,"₹139,008",Medical,733.3,4,109,42.39,2021-09-02,0
C4682,69.0,Male,East,Graduate,Self-Employed,118006.86,"₹329,276",Medical,602.2,4,146,63.95,2022-03-06,1
C4683,70.0,Female,West,Secondary,Salaried,240776.77,"₹148,353",Home,507.6,0,62,11.54,2021-08-25,0
C4684,57.0,Male,South,Primary,Business,283122.67,"₹462,747",Car,,0,112,122.14,2025-01-01,1
C4685,39.0,Female,West,Secondary,Self-Employed,2414932.34,,Home,781.3,0,55,50.34,2015-03-18,0
C4686,41.0,Male,West,Primary,Unemployed,1009740.46,"₹70,770",Education,783.9,1,87,83.23,2025-12-16,0
C4687,44.0,Male,South,Secondary,Salaried,453846.89,"₹367,213",Car,630.3,3,59,8.13,2023-12-20,0
C4688,62.0,Female,West,Secondary,Unemployed,299759.7,"₹212,986",Home,632.6,2,104,48.19,2017-03-26,0
C4689,53.0,Female,East,Post-Graduate,Unemployed,1180933.05,"₹233,646",Medical,,0,16,16.66,2025-12-04,0
C4690,51.0,Female,West,Graduate,Self-Employed,1160108.45,"₹340,643",Car,609.8,1,70,25.16,2019-02-01,0
C4691,47.0,Female,West,Post-Graduate,Salaried,13825716.03,"₹278,538",Car,632.1,2,97,34.72,2017-02-10,0
C4692,25.0,Female,East,Primary,Self-Employed,95966.2,"₹1,450,873",Business,638.4,3,48,41.85,2023-04-07,1
C4693,51.0,Female,North,Primary,Salaried,980100.54,"₹681,797",Medical,600.8,4,76,20.7,2015-03-15,0
C4694,49.0,Male,South,Secondary,Self-Employed,562372.7,"₹385,622",Car,575.1,5,152,12.07,2025-05-27,0
C4695,31.0,Male,North,Post-Graduate,Salaried,836974.87,"₹342,698",Other,711.4,2,77,255.55,2026-04-07,1
C4696,,Male,North,Post-Graduate,Salaried,764311.32,"₹406,715",Other,733.4,3,112,21.53,2017-09-29,0
C4697,43.0,,South,Post-Graduate,Business,409482.61,"₹714,190",Medical,638.8,0,87,32.37,2020-01-30,1
C4698,61.0,Male,South,Post-Graduate,Salaried,387008.94,"₹1,718,150",Business,,0,95,53.95,2018-06-09,1
C4699,45.0,Other,East,Post-Graduate,Salaried,374326.71,"₹306,876",Home,691.8,2,132,59.23,2025-06-10,0
C4700,27.0,Male,West,Primary,Salaried,400197.23,"₹504,210",Education,,4,116,84.36,2019-08-06,1
C4701,45.0,Female,East,Primary,Salaried,317164.97,"₹177,796",Education,709.0,0,35,115.5,2018-03-20,0
C4702,,Female,West,Graduate,Salaried,179385.55,"₹294,002",Home,637.3,6,58,18.08,2017-01-05,1
C4703,39.0,Female,North,Primary,Unemployed,388651.59,"₹50,000",Education,547.5,4,158,48.4,2026-01-02,0
C4704,19.0,Female,South,Secondary,Unemployed,205216.96,"₹162,655",Car,664.6,3,112,15.56,2020-01-21,0
C4705,35.0,Male,North,Post-Graduate,Self-Employed,1435016.19,"₹406,519",Car,707.4,0,98,27.21,2024-07-11,0
C4706,57.0,Female,North,Graduate,Self-Employed,703343.92,"₹109,348",Car,680.1,0,99,64.62,2017-03-24,0
C4707,37.0,Male,South,Post-Graduate,Salaried,188228.12,"₹130,685",Car,767.3,5,33,105.86,2021-05-06,0
C4708,57.0,Male,South,Secondary,Unemployed,,"₹148,890",Medical,700.8,3,174,12.46,2022-03-14,0
C4709,58.0,Female,North,Graduate,,429487.29,"₹269,535",Other,638.3,6,77,49.15,2019-11-02,0
C4710,60.0,,East,Post-Graduate,Salaried,2478967.46,"₹716,625",Car,719.1,0,81,244.19,2019-07-13,1
C4711,35.0,Female,West,Primary,Salaried,351327.08,"₹322,648",Education,662.9,5,68,34.2,2022-04-17,0
C4712,28.0,Female,North,Post-Graduate,Salaried,,"₹231,399",Medical,120.0,7,134,59.18,2021-06-23,1
C4713,62.0,Female,West,Graduate,Unemployed,992196.42,"₹559,995",Business,,0,1,62.86,2019-09-14,0
C4714,57.0,Female,North,Secondary,Business,1170437.99,"₹610,169",Education,748.5,5,131,14.24,2023-04-15,0
C4715,54.0,Female,South,Graduate,Self-Employed,483573.76,"₹807,132",Medical,681.3,4,99,90.26,2015-08-25,1
C4716,43.0,Male,South,Primary,Salaried,400598.9,,Other,834.3,0,61,9.25,2017-12-13,0
C4717,35.0,Male,West,Secondary,Unemployed,326414.38,"₹1,914,273",Other,583.2,0,68,21.69,2022-02-12,1
C4718,67.0,Female,South,Graduate,Salaried,281705.11,"₹709,186",Car,569.5,6,138,169.78,2024-09-01,1
C4719,48.0,Female,North,Secondary,Unemployed,1070266.97,"₹577,983",Business,592.1,4,130,21.4,2016-08-03,0
C4720,42.0,Male,South,Graduate,Unemployed,305292.58,"₹1,160,461",Home,620.7,1,64,59.23,2020-02-21,1
C4721,32.0,Female,North,Primary,Salaried,,"₹221,383",Other,,2,153,20.49,2023-10-20,0
C4722,36.0,,West,Post-Graduate,Unemployed,226442.05,"₹255,518",Medical,711.9,0,89,10.04,2016-11-08,0
C4723,39.0,Male,North,Secondary,Business,162785.77,"₹5,903,218",Business,620.7,1,75,55.34,2025-07-07,1
C4724,38.0,Female,South,Primary,Business,520226.12,"₹113,375",Education,526.8,0,109,43.0,2025-03-08,0
C4725,20.0,Male,East,Secondary,Self-Employed,215614.4,,Medical,758.9,6,89,33.66,2016-08-05,1
C4726,52.0,Female,East,Graduate,,2852173.73,"₹720,492",Home,,4,33,17.37,2015-09-03,0
C4727,31.0,Other,East,Post-Graduate,Unemployed,317906.83,"₹254,546",Medical,653.2,1,13,48.17,2019-05-15,0
C4728,70.0,Female,South,Graduate,Self-Employed,314078.13,"₹493,834",Car,644.5,2,152,49.25,2018-08-29,1
C4729,68.0,,North,Secondary,Self-Employed,420965.73,"₹93,612",Business,794.8,0,120,83.93,2018-11-21,0
C4730,,Male,North,Graduate,Business,402328.47,"₹485,727",Car,603.4,0,208,16.44,2020-06-17,0
C4731,21.0,Female,South,Post-Graduate,Self-Employed,1003722.03,"₹604,243",Education,841.0,1,78,32.08,2016-05-20,0
C4732,32.0,Male,South,Primary,Self-Employed,901887.93,"₹589,150",Medical,710.5,1,153,15.47,2017-10-05,0
C4733,37.0,Male,South,Secondary,,110510.22,"₹455,886",Car,776.0,2,37,67.4,2025-12-04,1
C4734,67.0,Male,North,Secondary,Business,,"₹715,455",Other,646.4,4,129,50.06,2022-05-21,1
C4735,66.0,Male,North,Post-Graduate,Business,141905.74,"₹391,417",Medical,598.6,4,164,70.14,2019-05-27,1
C4736,54.0,Male,North,Post-Graduate,Business,602791.26,"₹500,000",Home,662.8,0,60,16.62,2025-09-18,0
C4737,32.0,Other,East,Graduate,,572296.68,"₹299,339",Medical,743.1,2,107,267.47,2025-10-24,1
C4738,43.0,Male,South,Primary,Business,226016.95,"₹469,484",Car,757.2,3,49,76.45,2017-10-20,1
C4739,22.0,Female,South,Secondary,Self-Employed,115910.46,"₹216,866",Car,665.7,7,135,33.12,2017-04-27,1
C4740,55.0,Female,North,Graduate,Unemployed,959948.51,"₹228,553",Education,868.5,5,96,68.75,2024-01-18,0
C4741,50.0,Male,East,Graduate,Salaried,773987.81,,Business,551.3,1,91,50.95,2018-02-06,0
C4742,63.0,Male,East,Post-Graduate,Business,217558.4,"₹2,916,667",Medical,654.9,0,129,29.49,2024-12-10,1
C4743,61.0,Female,North,Graduate,Salaried,3131796.57,"₹147,006",Home,753.9,0,46,11.24,2017-04-29,0
C4744,20.0,Male,West,Graduate,Salaried,965643.54,"₹481,738",Business,647.9,3,48,17.86,2017-09-01,0
C4745,45.0,Female,South,Graduate,Self-Employed,180309.18,"₹304,307",Business,685.3,5,92,35.23,2016-12-08,1
C4746,51.0,Male,East,Primary,Unemployed,371343.01,"₹131,773",Car,541.8,2,160,33.79,2020-02-25,0
C4747,45.0,Male,West,Graduate,Salaried,803456.93,"₹391,517",Education,800.5,0,73,60.4,2019-01-12,0
C4748,68.0,Male,North,Post-Graduate,Self-Employed,2487983.45,"₹293,615",Other,673.5,4,181,23.03,2026-04-22,0
C4749,31.0,Male,North,Post-Graduate,Business,,"₹1,091,144",Medical,701.8,3,87,73.83,2015-11-26,1
C4750,68.0,Female,West,Graduate,Salaried,1053454.62,,Medical,590.0,7,83,29.89,2017-04-28,0
C4751,24.0,Female,South,Graduate,Unemployed,1079572.69,"₹227,801",Car,578.3,4,74,153.97,2017-02-27,1
C4752,48.0,Other,West,Graduate,,206090.87,"₹504,272",Education,646.5,3,128,31.4,2019-04-03,1
C4753,36.0,Female,West,Post-Graduate,Self-Employed,660780.59,"₹413,209",Education,607.6,2,80,137.06,2018-04-18,1
C4754,31.0,Male,East,Graduate,Salaried,216142.05,"₹554,495",Other,648.3,5,100,63.75,2019-06-28,1
C4755,49.0,,West,Primary,Self-Employed,347788.42,"₹144,045",Medical,,0,6,147.74,2015-08-02,0
C4756,37.0,Female,East,Primary,Unemployed,507190.75,"₹438,249",Home,767.8,0,104,76.25,2020-02-28,0
C4757,18.0,Male,West,Primary,,2015960.46,"₹855,160",Business,652.8,10,113,59.84,2024-08-30,0
C4758,65.0,Male,East,Graduate,Salaried,273222.25,"₹277,851",Car,591.0,0,50,17.46,2022-08-05,0
C4759,67.0,Male,South,Graduate,Unemployed,164629.18,"₹222,464",Business,545.9,1,72,14.6,2022-05-14,0
C4760,49.0,Other,East,Post-Graduate,Unemployed,3560130.64,"₹172,520",Other,698.7,2,111,99.97,2023-07-29,0
C4761,56.0,Male,North,Graduate,Self-Employed,346190.73,"₹50,000",Car,586.9,4,1,30.76,2019-09-27,0
C4762,25.0,Female,East,Post-Graduate,Self-Employed,,"₹424,450",Education,587.9,1,91,29.56,2015-07-23,1
C4763,46.0,Male,West,Secondary,Business,277483.55,"₹1,151,632",Business,764.1,7,102,40.86,2019-11-12,1
C4764,59.0,Female,East,Primary,Salaried,271865.86,"₹128,842",Medical,771.3,3,23,45.72,2024-11-18,0
C4765,20.0,Female,North,Graduate,Self-Employed,,"₹6,441,622",Medical,711.2,2,1,131.98,2015-12-16,1
C4766,,Female,South,Primary,Salaried,1233013.32,"₹302,062",Medical,775.6,1,66,25.58,2019-01-26,0
C4767,18.0,Female,North,Post-Graduate,Self-Employed,1925877.95,"₹808,605",Car,682.3,5,18,59.67,2015-02-12,0
C4768,43.0,Female,North,Secondary,Self-Employed,1707960.8,,Other,744.5,1,80,14.38,2015-06-03,0
C4769,22.0,Male,South,Primary,Self-Employed,798457.79,"₹335,560",Car,735.2,5,124,35.56,2023-10-21,0
C4770,56.0,Female,West,Post-Graduate,Salaried,,"₹473,853",Education,749.4,2,72,24.4,2026-03-03,0
C4771,43.0,Male,West,Primary,Self-Employed,601831.12,"₹750,710",Medical,683.2,0,112,27.98,2020-12-05,0
C4772,67.0,Female,North,Secondary,Business,1016284.4,,Other,704.4,13,147,34.08,2024-07-18,0
C4773,30.0,Female,South,Post-Graduate,Business,2711213.71,"₹693,916",Business,684.2,5,78,43.31,2015-01-02,0
C4774,34.0,Female,East,Secondary,,360271.43,"₹1,775,197",Medical,789.7,4,82,33.32,2026-05-12,1
C4775,55.0,Female,East,Graduate,Salaried,,"₹1,077,451",Other,,6,71,54.45,2017-09-08,1
C4776,43.0,Male,South,Secondary,Salaried,1146181.33,"₹456,444",Car,764.8,0,100,65.72,2018-10-08,0
C4777,64.0,Other,West,Graduate,Unemployed,430862.35,"₹334,863",Business,716.6,4,98,25.69,2020-11-18,0
C4778,,Other,North,Graduate,Business,,"₹56,879",Car,625.4,2,117,27.44,2020-02-08,0
C4779,62.0,Male,West,Post-Graduate,Business,3421397.22,"₹524,177",Business,683.6,1,39,34.18,2022-05-26,0
C4780,60.0,Male,North,Primary,Business,337702.97,"₹110,192",Business,655.4,1,88,11.4,2016-06-07,0
C4781,60.0,Male,East,Graduate,Self-Employed,374305.4,"₹1,026,869",Home,508.1,2,79,63.05,2022-11-24,1
C4782,43.0,Female,North,Graduate,Business,184614.73,"₹183,975",Home,850.7,0,79,114.14,2017-09-25,0
C4783,45.0,Male,East,Secondary,,177519.01,"₹400,385",Car,845.6,6,41,41.47,2026-06-21,1
C4784,37.0,Male,West,Graduate,Unemployed,744843.12,"₹839,133",Home,719.0,5,143,107.62,2019-12-06,1
C4785,40.0,Male,South,Secondary,Unemployed,130670.31,"₹250,130",Business,603.4,2,40,59.97,2016-01-21,1
C4786,23.0,Male,South,Secondary,Business,645241.74,"₹774,066",Home,,2,106,36.64,2021-04-18,0
C4787,57.0,Male,West,Primary,Self-Employed,378550.74,"₹271,606",Business,680.8,1,152,22.0,2019-08-16,0
C4788,18.0,Male,West,Graduate,Unemployed,45268.58,"₹222,834",Car,,2,48,15.27,2025-03-15,1
C4789,55.0,Male,South,Graduate,Unemployed,313029.86,"₹200,895",Medical,,4,90,32.03,2019-12-25,0
C4790,,Male,North,Primary,Unemployed,,"₹604,664",Home,687.7,5,115,47.84,2019-10-28,1
C4791,,Female,East,Secondary,Business,661708.08,"₹312,496",Medical,644.0,3,113,87.2,2017-07-22,0
C4792,35.0,Male,North,Primary,Unemployed,558431.65,"₹471,575",Home,650.0,0,163,10.88,2022-04-30,0
C4793,49.0,Female,South,Primary,Self-Employed,,"₹368,479",Medical,638.0,3,90,95.74,2024-10-22,1
C4794,21.0,Female,South,Secondary,Salaried,264854.44,"₹132,303",Other,721.2,8,58,36.7,2021-09-21,0
C4795,20.0,Other,West,Primary,Unemployed,666346.21,"₹209,920",Car,603.9,6,144,93.61,2015-03-09,0
C4796,29.0,Male,North,Post-Graduate,Salaried,394649.0,"₹1,214,548",Business,488.5,8,1,43.39,2016-09-24,1
C4797,19.0,Female,South,Secondary,Self-Employed,561204.44,"₹687,870",Other,735.1,0,136,50.49,2016-02-19,0
C4798,20.0,Male,West,Primary,Salaried,802173.85,,Other,654.9,0,75,10.75,2019-04-14,0
C4799,,Male,South,Primary,Self-Employed,675522.78,"₹210,231",Medical,900.0,2,118,45.17,2018-02-11,0
C4800,22.0,Male,North,Primary,Self-Employed,1168188.43,"₹469,094",Business,,4,152,72.54,2020-07-02,0
C4801,67.0,Male,East,Graduate,Unemployed,594350.39,"₹244,400",Medical,619.7,0,90,48.27,2016-10-04,0
C4802,62.0,Female,South,Post-Graduate,Self-Employed,192781.78,"₹116,952",Other,720.4,3,119,50.79,2015-04-27,0
C4803,,Female,West,Primary,Business,340340.97,"₹392,341",Home,635.6,5,89,9.38,2021-01-07,0
C4804,,Female,South,Primary,Unemployed,1648075.16,"₹163,622",Education,670.7,6,38,60.04,2021-02-11,0
C4805,50.0,Female,South,Post-Graduate,Self-Employed,1633467.59,"₹689,733",Other,746.6,3,73,17.21,2025-12-21,0
C4806,70.0,Male,North,Primary,,342816.81,"₹816,122",Medical,696.9,1,77,29.25,2019-09-10,1
C4807,31.0,Male,South,Secondary,Salaried,1693596.95,"₹81,945",Business,515.5,0,57,75.18,2018-01-10,0
C4808,27.0,Female,North,Secondary,Unemployed,3016173.96,"₹153,401",Other,660.1,5,33,55.07,2019-01-20,0
C4809,40.0,Male,East,Primary,Unemployed,501768.86,"₹236,455",Business,667.4,4,74,10.9,2024-09-15,0
C4810,59.0,Male,South,Graduate,Business,1175935.03,"₹559,548",Medical,674.2,0,152,8.83,2026-01-03,0
C4811,49.0,Male,South,Secondary,Salaried,2439989.22,"₹165,771",Other,684.4,1,97,22.76,2017-08-17,0
C4812,48.0,Male,South,Secondary,Self-Employed,399475.67,"₹112,919",Home,747.3,3,111,92.21,2015-01-08,0
C4813,32.0,Male,West,Graduate,Self-Employed,158112.34,"₹117,701",Education,759.7,8,185,79.43,2019-06-16,0
C4814,57.0,Male,West,Secondary,Self-Employed,266218.25,"₹1,186,152",Other,704.1,6,57,77.76,2019-05-03,1
C4815,57.0,Female,West,Primary,Self-Employed,252432.09,"₹91,405",Car,542.2,0,151,11.53,2019-07-10,0
C4816,69.0,Male,East,Post-Graduate,Salaried,176203.53,"₹308,360",Medical,679.7,3,43,24.43,2017-04-16,1
C4817,41.0,Other,West,Primary,Salaried,1511095.8,,Other,608.1,6,151,38.79,2020-10-15,0
C4818,47.0,Male,West,Post-Graduate,Salaried,,"₹668,387",Business,680.4,4,39,67.64,2016-06-20,1
C4819,62.0,Male,North,Secondary,Business,2735254.64,"₹707,207",Home,673.7,8,100,60.83,2023-11-27,0
C4820,31.0,Female,South,Primary,Salaried,246721.51,"₹1,138,350",Home,788.2,0,91,22.19,2017-12-07,1
C4821,63.0,Female,East,Graduate,Business,2000798.19,"₹592,030",Home,606.2,0,119,136.31,2018-06-27,0
C4822,54.0,Female,North,Primary,Self-Employed,423999.04,"₹370,926",Car,578.8,3,110,19.75,2015-11-19,0
C4823,62.0,Female,South,Secondary,Self-Employed,4301809.66,"₹604,022",Business,559.6,8,92,55.99,2015-06-11,0
C4824,,Other,South,Post-Graduate,Unemployed,158060.52,"₹113,606",Other,696.9,0,53,23.06,2025-05-31,0
C4825,26.0,Female,West,Graduate,Business,602169.71,"₹2,242,951",Business,801.5,7,60,19.1,2017-06-19,1
C4826,27.0,Female,West,Graduate,Business,326394.96,"₹197,500",Home,718.6,3,66,60.03,2016-07-30,0
C4827,46.0,Male,North,Graduate,Business,683736.0,"₹57,524",Education,650.5,2,100,21.73,2025-03-27,0
C4828,26.0,Male,East,Secondary,Self-Employed,1265869.29,"₹130,881",Business,619.9,3,107,107.01,2025-05-15,0
C4829,60.0,Female,South,Graduate,Business,976122.39,"₹98,752",Education,673.8,0,70,37.15,2025-04-23,0
C4830,19.0,Female,West,Primary,Unemployed,500417.8,"₹252,956",Home,667.3,1,103,36.8,2016-12-16,0
C4831,34.0,Male,East,Post-Graduate,Business,192409.97,"₹132,917",Home,,1,52,26.74,2025-05-15,0
C4832,50.0,Female,North,Graduate,,1314065.16,"₹2,161,445",Education,647.8,4,84,22.68,2017-07-10,1
C4833,51.0,Male,North,Primary,Unemployed,673555.6,"₹1,387,236",Home,586.6,3,30,20.65,2021-05-11,1
C4834,44.0,Male,South,Post-Graduate,Salaried,413358.48,"₹1,116,491",Car,637.6,0,28,145.25,2021-07-29,1
C4835,,Male,West,Graduate,Unemployed,511216.4,"₹344,588",Car,641.7,2,140,59.28,2015-02-10,0
C4836,29.0,Male,North,Post-Graduate,Business,433926.37,"₹104,876",Home,728.4,1,57,19.99,2021-05-06,0
C4837,49.0,Other,North,Graduate,Self-Employed,1515263.65,"₹642,945",Car,656.3,7,89,111.79,2015-07-15,1
C4838,60.0,Male,South,Post-Graduate,Unemployed,555248.33,"₹87,460",Business,,3,67,30.33,2023-07-19,0
C4839,67.0,Male,North,Post-Graduate,Business,436323.82,,Business,725.8,2,102,40.67,2016-10-30,0
C4840,37.0,Male,North,Post-Graduate,Business,260146.16,"₹158,044",Car,669.0,4,85,16.32,2017-01-16,0
C4841,62.0,Female,North,Post-Graduate,Unemployed,2354918.44,"₹869,414",Medical,688.5,1,151,10.53,2021-02-24,0
C4842,30.0,Female,North,Post-Graduate,,1507253.08,"₹66,507",Other,613.2,0,21,104.19,2021-09-17,0
C4843,34.0,,West,Graduate,Business,321832.63,,Education,597.0,7,55,35.92,2016-12-30,1
C4844,70.0,Female,East,Secondary,Unemployed,292509.98,"₹865,832",Business,594.4,3,122,49.93,2023-03-08,1
C4845,44.0,Male,South,Post-Graduate,Self-Employed,200434.55,"₹300,111",Education,614.4,4,115,27.67,2019-09-16,1
C4846,65.0,Female,South,Primary,Self-Employed,454606.6,"₹427,982",Car,599.3,5,35,54.61,2021-03-31,1
C4847,68.0,Male,South,Secondary,Salaried,72769.08,"₹61,167",Medical,727.6,2,90,38.12,2025-10-21,0
C4848,57.0,,West,Secondary,Business,1836847.34,"₹673,378",Other,715.3,0,71,75.58,2024-06-08,0
C4849,58.0,Male,South,Primary,Self-Employed,785938.1,"₹460,946",Business,687.6,3,79,48.35,2017-04-12,0
C4850,63.0,Male,South,Secondary,Self-Employed,493230.8,"₹548,232",Other,763.3,6,115,51.58,2016-09-19,0
C4851,49.0,Female,North,Post-Graduate,Unemployed,382618.61,"₹200,161",Other,715.4,4,72,29.7,2018-08-03,0
C4852,,Female,West,Graduate,Salaried,,"₹292,745",Medical,882.9,4,56,32.93,2020-07-03,0
C4853,65.0,Female,East,Post-Graduate,Self-Employed,,"₹109,126",Car,,11,105,40.76,2023-06-20,0
C4854,62.0,Male,South,Secondary,Business,123115.49,"₹808,576",Other,650.3,8,154,59.91,2016-02-25,1
C4855,32.0,Male,North,Graduate,Business,347680.39,"₹106,143",Business,711.0,3,64,52.51,2020-08-10,0
C4856,,Male,East,Primary,Self-Employed,506324.84,"₹515,884",Education,,4,44,46.25,2022-07-17,0
C4857,40.0,Female,East,Graduate,Unemployed,1138853.32,"₹2,223,906",Business,586.5,5,17,81.56,2022-02-09,1
C4858,66.0,Female,West,Graduate,Self-Employed,207613.72,"₹461,893",Other,695.1,5,26,15.85,2023-03-08,1
C4859,40.0,Other,North,Post-Graduate,,822468.34,"₹51,608",Home,639.6,2,75,111.19,2025-11-18,0
C4860,28.0,Male,West,Graduate,Business,477934.71,"₹311,476",Education,592.1,2,73,11.09,2018-07-07,0
C4861,19.0,Female,West,Post-Graduate,,,"₹250,437",Home,545.7,0,43,36.26,2024-01-10,0
C4862,51.0,Female,North,Post-Graduate,Business,431727.94,"₹400,520",Other,589.9,3,110,56.92,2015-08-20,0
C4863,54.0,Male,South,Secondary,Salaried,375206.8,"₹417,722",Education,659.0,6,35,58.21,2025-05-23,1
C4864,33.0,Male,West,Graduate,Unemployed,350450.44,,Car,658.3,3,45,23.95,2024-02-20,0
C4865,55.0,Male,South,Secondary,Self-Employed,1012954.67,"₹199,565",Other,760.8,0,58,26.22,2025-08-27,0
C4866,53.0,Male,North,Secondary,Unemployed,407310.78,"₹1,361,211",Other,653.6,0,88,62.95,2023-09-03,1
C4867,51.0,Male,South,Secondary,Salaried,195847.58,,Medical,815.0,7,123,51.57,2025-02-10,1
C4868,19.0,Female,East,Graduate,Business,288799.91,"₹80,606",Business,731.1,0,158,38.13,2018-08-26,0
C4869,42.0,Female,East,Graduate,Salaried,318837.87,"₹4,224,051",Car,657.9,5,47,20.24,2017-06-20,1
C4870,70.0,Male,South,Post-Graduate,Business,237620.38,"₹200,322",Home,676.5,2,80,99.49,2024-11-17,0
C4871,62.0,Male,West,Primary,Business,807046.97,"₹288,480",Business,601.9,4,43,41.64,2019-05-05,0
C4872,42.0,Male,South,Post-Graduate,Unemployed,185487.3,"₹515,434",Car,639.6,1,75,33.11,2017-05-17,1
C4873,27.0,Male,East,Primary,Salaried,543335.86,"₹225,119",Business,644.6,4,46,59.79,2021-08-14,0
C4874,39.0,Female,East,Secondary,Salaried,1193918.66,"₹370,825",Car,663.7,4,68,42.02,2018-11-06,0
C4875,32.0,Male,East,Graduate,Salaried,837801.8,"₹194,185",Other,748.7,4,182,18.52,2016-08-20,0
C4876,51.0,Male,West,Graduate,Salaried,721429.63,"₹853,724",Other,570.8,5,91,182.69,2020-12-17,1
C4877,,Other,East,Post-Graduate,Self-Employed,624052.77,"₹467,791",Other,586.4,8,77,32.48,2018-12-15,1
C4878,63.0,Male,North,Secondary,Unemployed,408503.94,"₹552,044",Business,887.0,0,56,78.95,2017-10-23,0
C4879,38.0,Female,West,Secondary,Self-Employed,260089.05,,Other,796.7,4,76,23.14,2021-05-13,0
C4880,54.0,Female,South,Primary,,597786.98,"₹364,800",Medical,612.6,0,21,24.36,2017-06-29,0
C4881,50.0,Male,South,Post-Graduate,Business,679170.43,"₹50,000",Business,589.7,2,68,13.9,2018-04-02,0
C4882,,Female,West,Graduate,Business,643289.13,"₹256,427",Car,784.3,2,57,51.55,2021-02-21,0
C4883,64.0,Male,North,Primary,Self-Employed,,"₹316,234",Other,743.6,1,71,55.85,2023-11-07,0
C4884,39.0,Male,West,Secondary,Salaried,521564.08,"₹2,851,012",Car,,2,133,23.68,2022-06-10,1
C4885,42.0,,South,Post-Graduate,Salaried,2206775.23,"₹655,470",Business,555.8,2,82,16.31,2015-10-30,0
C4886,59.0,Male,South,Graduate,Business,220663.12,"₹272,097",Home,770.1,5,59,17.48,2024-07-24,0
C4887,51.0,Male,South,Secondary,Salaried,442878.36,"₹358,190",Business,716.7,5,126,39.74,2015-07-16,0
C4888,,Male,South,Post-Graduate,Unemployed,1547670.41,"₹260,687",Car,748.0,2,99,39.21,2023-04-24,0
C4889,49.0,Male,East,Primary,Self-Employed,291483.86,"₹162,203",Car,,3,117,45.87,2026-03-31,0
C4890,29.0,Female,East,Secondary,Self-Employed,1080001.61,"₹91,580",Car,607.9,4,112,70.18,2015-12-30,0
C4891,53.0,Male,East,Secondary,Salaried,1471372.98,"₹288,441",Business,,2,90,34.31,2023-07-09,0
C4892,23.0,Female,South,Secondary,Business,148198.77,"₹349,953",Medical,,5,64,15.53,2021-07-04,1
C4893,28.0,Male,South,Primary,Salaried,418766.38,"₹4,288,279",Business,661.8,1,1,80.53,2024-04-14,1
C4894,19.0,Male,North,Secondary,Business,765713.97,"₹183,620",Car,640.2,1,56,12.71,2024-04-12,0
C4895,65.0,Female,West,Primary,Unemployed,567540.89,"₹631,365",Other,771.8,8,110,13.84,2015-12-18,0
C4896,48.0,Male,North,Post-Graduate,Self-Employed,509516.94,"₹73,328",Home,678.1,1,34,61.02,2026-06-07,0
C4897,21.0,Male,West,Primary,Unemployed,327666.83,"₹521,895",Car,743.6,1,84,94.58,2019-09-28,1
C4898,69.0,Male,West,Post-Graduate,Unemployed,1259429.95,"₹265,147",Car,737.3,2,146,115.71,2022-05-29,0
C4899,23.0,Male,North,Primary,Self-Employed,1032766.22,"₹912,590",Other,722.1,2,72,76.83,2015-09-20,0
C4900,50.0,Female,West,Post-Graduate,Unemployed,521161.95,"₹210,675",Home,673.7,1,139,59.16,2019-05-25,0
C4901,55.0,Male,West,Post-Graduate,Unemployed,919671.47,"₹1,286,775",Car,798.3,2,71,50.92,2025-01-06,0
C4902,61.0,Male,South,Primary,Self-Employed,1235248.15,"₹693,012",Home,792.8,2,111,24.28,2021-03-16,0
C4903,23.0,Female,South,Secondary,Unemployed,213527.32,,Business,805.8,4,88,94.0,2020-07-06,1
C4904,62.0,Male,South,Secondary,Self-Employed,758299.09,"₹1,400,775",Business,515.2,5,113,6.74,2017-06-16,1
C4905,66.0,Female,East,Graduate,Business,658846.01,"₹1,909,658",Car,667.9,0,51,70.1,2025-10-16,1
C4906,62.0,Male,West,Secondary,Unemployed,557356.0,"₹276,250",Medical,812.3,0,103,44.49,2020-05-22,0
C4907,18.0,Female,West,Secondary,Business,655210.99,"₹269,928",Other,522.0,4,129,19.03,2018-12-15,0
C4908,58.0,Male,East,Primary,Business,2108224.62,"₹1,575,890",Education,746.6,8,144,35.3,2021-07-16,0
C4909,,Female,South,Post-Graduate,Unemployed,280320.44,"₹644,615",Car,655.3,5,161,22.9,2017-04-26,1
C4910,55.0,Other,South,Secondary,Salaried,,"₹103,203",Home,621.7,5,90,35.49,2021-07-06,0
C4911,39.0,Male,West,Primary,Salaried,417276.25,"₹184,759",Business,689.8,3,80,59.25,2024-07-28,0
C4912,39.0,Male,West,Post-Graduate,Business,649749.09,"₹1,602,728",Education,588.4,2,112,62.92,2018-07-18,1
C4913,37.0,Female,North,Post-Graduate,Business,719859.02,"₹219,011",Other,668.8,2,102,51.32,2018-04-07,0
C4914,23.0,Other,East,Secondary,Salaried,506660.44,"₹166,471",Medical,612.9,0,100,56.76,2017-04-25,0
C4915,53.0,Female,West,Secondary,Unemployed,916741.52,"₹80,262",Other,,0,113,57.09,2015-04-10,0
C4916,25.0,Male,North,Post-Graduate,,441948.62,"₹120,837",Education,753.7,0,101,15.11,2016-04-17,0
C4917,27.0,Female,West,Primary,Self-Employed,1193654.0,"₹249,962",Other,649.2,4,20,29.55,2020-04-23,0
C4918,57.0,Female,South,Primary,Unemployed,692056.72,"₹75,306",Car,606.5,5,53,101.75,2016-04-21,0
C4919,54.0,Male,North,Post-Graduate,Self-Employed,1002485.36,"₹1,277,529",Education,697.5,2,126,90.04,2025-12-07,1
C4920,44.0,Male,East,Post-Graduate,Business,306570.83,"₹147,382",Business,782.5,0,110,18.25,2015-01-23,0
C4921,59.0,Male,North,Post-Graduate,Unemployed,302138.38,"₹197,330",Medical,631.0,5,40,70.56,2022-03-08,0
C4922,41.0,Male,South,Primary,Salaried,135435.74,"₹848,343",Home,693.6,6,99,68.26,2016-07-15,1
C4923,47.0,Female,East,Secondary,Self-Employed,120657.64,"₹759,504",Medical,644.5,4,71,36.99,2025-12-23,1
C4924,69.0,Female,North,Primary,Salaried,5804433.07,"₹412,747",Other,736.6,7,53,42.56,2018-11-19,0
C4925,24.0,Female,East,Post-Graduate,Unemployed,1240861.06,"₹138,827",Education,752.4,5,136,35.78,2017-05-12,0
C4926,68.0,Female,North,Post-Graduate,Salaried,552160.52,"₹388,389",Business,763.2,0,79,79.45,2024-07-14,0
C4927,37.0,Female,East,Primary,Business,276855.66,"₹89,354",Education,,0,55,24.97,2020-12-16,0
C4928,21.0,Female,South,Secondary,Self-Employed,406668.96,"₹138,860",Home,717.0,4,100,14.41,2019-10-26,0
C4929,56.0,Male,West,Secondary,Unemployed,179506.56,"₹1,203,656",Business,683.9,4,101,49.89,2018-06-27,1
C4930,18.0,Female,North,Graduate,Business,2601943.24,"₹291,777",Business,692.2,2,144,24.19,2018-01-31,0
C4931,69.0,Female,South,Secondary,Self-Employed,452700.02,"₹562,269",Education,739.4,7,109,60.37,2019-01-11,1
C4932,63.0,Female,South,Post-Graduate,Unemployed,77914.41,"₹205,172",Education,611.5,0,63,52.96,2019-07-08,1
C4933,53.0,Male,West,Graduate,Self-Employed,262897.33,"₹227,557",Car,678.6,3,96,63.21,2025-04-17,0
C4934,44.0,Male,North,Post-Graduate,Business,846312.13,"₹174,079",Other,751.5,1,68,33.17,2019-12-19,0
C4935,21.0,Female,South,Secondary,Salaried,,"₹65,838",Other,625.0,0,42,24.02,2016-07-01,0
C4936,,Female,East,Primary,Salaried,192178.79,"₹585,802",Business,813.6,5,118,41.81,2023-01-09,1
C4937,31.0,Female,West,Secondary,Salaried,1050356.64,"₹180,189",Business,664.8,2,74,45.33,2025-01-15,0
C4938,54.0,Male,North,Post-Graduate,Self-Employed,378459.04,"₹255,384",Other,621.6,2,77,33.1,2019-05-06,0
C4939,,Female,North,Graduate,Salaried,262227.63,"₹495,151",Medical,678.5,4,174,109.2,2019-05-12,1
C4940,24.0,Female,North,Secondary,Salaried,184578.01,"₹342,189",Business,595.5,0,59,32.18,2024-08-25,1
C4941,51.0,Male,South,Post-Graduate,Self-Employed,175611.93,"₹303,934",Other,765.6,3,119,42.4,2019-12-24,1
C4942,48.0,Male,East,Primary,Salaried,654869.46,"₹220,768",Other,783.2,9,56,64.52,2016-01-23,0
C4943,39.0,Other,South,Primary,Business,505953.0,"₹95,442",Home,697.0,5,57,25.17,2017-12-14,0
C4944,67.0,Male,West,Secondary,Salaried,999972.97,"₹68,203",Car,704.6,0,114,61.1,2017-08-31,0
C4945,23.0,Female,East,Primary,Self-Employed,275586.37,"₹57,430",Home,580.0,3,81,164.34,2022-06-27,1
C4946,42.0,Female,South,Primary,Salaried,1011679.5,"₹234,185",Education,762.4,0,175,32.45,2022-04-05,0
C4947,23.0,Female,North,Secondary,Business,925422.21,"₹170,793",Home,707.3,1,11,50.25,2023-05-16,0
C4948,21.0,Other,North,Post-Graduate,Unemployed,219115.49,"₹1,049,532",Other,627.1,2,71,264.83,2025-11-16,1
C4949,33.0,Male,East,Primary,Business,1277725.13,"₹853,887",Car,647.2,3,141,78.87,2018-06-10,0
C4950,35.0,Male,South,Post-Graduate,Salaried,224593.68,"₹1,329,453",Home,667.8,0,74,91.7,2015-02-01,1
C4951,57.0,Male,North,Post-Graduate,Salaried,485735.31,"₹105,346",Medical,640.1,4,129,48.99,2018-01-04,0
C4952,61.0,Female,North,Graduate,Self-Employed,780017.47,"₹312,465",Other,866.9,4,184,106.67,2018-06-22,0
C4953,51.0,Male,South,Secondary,Unemployed,847348.19,"₹125,598",Education,662.7,6,123,31.18,2019-07-15,0
C4954,49.0,Male,North,Graduate,Business,401067.83,"₹697,553",Home,671.6,3,114,106.72,2021-04-03,1
C4955,66.0,Female,East,Graduate,Unemployed,,"₹217,393",Home,604.6,0,61,28.15,2023-02-19,0
C4956,36.0,Female,West,Secondary,Salaried,180103.5,"₹891,117",Other,782.7,1,99,69.87,2016-05-12,1
C4957,42.0,Male,West,Primary,Self-Employed,136274.98,"₹857,024",Medical,651.4,2,39,80.21,2024-10-25,1
C4958,18.0,Female,West,Primary,Self-Employed,585512.33,"₹1,671,834",Medical,572.0,4,72,117.76,2019-01-13,1
C4959,42.0,Male,East,Primary,Business,,"₹494,784",Other,554.0,0,79,50.17,2023-08-16,0
C4960,20.0,Male,East,Secondary,Salaried,1017132.06,"₹190,697",Business,,8,63,132.19,2022-09-06,0
C4961,26.0,Male,East,Graduate,Business,2359077.57,"₹142,265",Medical,883.2,7,110,68.39,2023-05-11,0
C4962,19.0,Male,West,Secondary,Unemployed,1110074.81,"₹339,559",Other,624.8,7,119,19.75,2016-03-21,0
C4963,48.0,Male,North,Graduate,Self-Employed,1114677.44,"₹236,707",Education,,0,103,59.04,2021-07-04,0
C4964,39.0,Female,South,Post-Graduate,Business,,"₹92,997",Other,632.1,0,97,17.78,2026-04-30,0
C4965,36.0,Male,West,Secondary,Business,613056.97,"₹686,375",Home,692.5,3,122,125.41,2020-05-21,1
C4966,48.0,Male,South,Post-Graduate,Unemployed,248741.06,"₹620,043",Medical,758.8,3,124,27.78,2015-09-30,1
C4967,64.0,Female,South,Secondary,Self-Employed,387470.24,,Other,638.8,6,107,120.84,2019-06-06,0
C4968,49.0,Male,South,Secondary,Business,541069.75,"₹136,949",Home,702.1,5,64,90.45,2024-10-05,0
C4969,27.0,Male,South,Secondary,Salaried,,"₹227,980",Medical,900.0,0,48,39.28,2015-04-23,0
C4970,44.0,Male,North,Primary,Business,756391.23,"₹1,053,397",Home,740.9,1,87,57.49,2021-03-03,0
C4971,45.0,Male,South,Secondary,Salaried,345178.45,"₹612,148",Other,768.8,1,92,34.74,2025-02-22,0
C4972,39.0,Male,North,Post-Graduate,Self-Employed,264747.56,"₹273,379",Other,717.8,0,1,51.92,2017-09-12,0
C4973,57.0,Male,West,Secondary,Unemployed,306720.67,"₹262,172",Home,546.7,6,144,17.21,2019-04-03,0
C4974,64.0,Female,West,Primary,Business,,"₹289,605",Other,822.3,4,77,24.85,2019-05-08,0
C4975,37.0,,East,Graduate,Self-Employed,429952.01,"₹431,107",Medical,685.1,2,46,54.44,2024-04-12,0
C4976,63.0,Female,East,Secondary,Business,1076308.19,"₹4,234,095",Home,656.9,0,36,9.42,2020-07-11,1
C4977,70.0,Female,South,Primary,Salaried,363351.85,"₹617,467",Education,677.5,2,44,45.23,2026-04-08,1
C4978,54.0,Male,South,Primary,Self-Employed,537800.81,"₹738,916",Car,800.8,2,87,49.7,2024-11-28,0
C4979,,Male,South,Graduate,Salaried,369211.05,"₹1,152,709",Medical,,4,79,58.98,2020-03-25,1
C4980,62.0,Male,North,Graduate,Unemployed,,"₹1,343,444",Business,731.9,2,122,14.81,2020-06-25,0
C4981,63.0,Male,West,Post-Graduate,Unemployed,246972.89,"₹438,172",Car,668.8,2,51,43.43,2025-05-17,1
C4982,47.0,Male,East,Primary,Self-Employed,1116662.03,"₹1,910,451",Other,,2,153,25.23,2015-03-04,1
C4983,52.0,Male,East,Primary,Unemployed,1106620.86,"₹990,916",Education,734.7,6,58,15.68,2018-12-18,0
C4984,,Male,West,Secondary,Unemployed,215878.64,"₹516,336",Home,752.7,1,131,21.97,2019-03-13,1
C4985,45.0,Male,West,Primary,Salaried,,"₹285,735",Other,661.6,0,84,29.18,2024-01-02,0
C4986,46.0,,West,Graduate,Salaried,14461924.18,"₹1,116,159",Business,642.5,0,99,39.4,2020-06-06,0
C4987,43.0,Female,North,Secondary,Business,68744.08,"₹845,773",Home,718.8,0,66,55.22,2018-08-02,1
C4988,53.0,Male,North,Primary,Unemployed,399525.53,"₹171,075",Car,545.0,7,94,17.81,2019-11-18,0
C4989,27.0,Male,East,Post-Graduate,Self-Employed,610480.29,"₹50,000",Car,496.1,1,110,60.19,2019-02-06,0
C4990,64.0,Female,South,Primary,Business,985821.58,"₹381,064",Medical,771.0,7,118,104.74,2023-09-08,0
C4991,22.0,Female,South,Post-Graduate,Business,581441.41,"₹104,216",Car,786.8,1,64,163.56,2016-12-24,0
C4992,43.0,Female,East,Secondary,Unemployed,173724.85,"₹1,096,187",Home,614.2,0,59,44.66,2023-11-06,1
C4993,45.0,Female,South,Graduate,Business,176738.43,"₹358,939",Education,644.5,3,47,116.01,2019-11-13,1
C4994,28.0,Female,South,Primary,Business,2003833.23,"₹73,461",Medical,636.2,3,167,49.49,2021-10-06,0
C4995,47.0,Other,South,Graduate,Business,307982.52,"₹1,046,841",Medical,709.1,1,69,57.73,2018-05-09,1
C4996,28.0,Male,North,Graduate,Business,454442.25,"₹408,712",Medical,682.2,0,69,38.82,2024-09-01,0
C4997,35.0,Female,North,Post-Graduate,Self-Employed,227533.69,"₹545,084",Home,612.4,0,145,42.02,2018-05-12,1
C4998,22.0,Female,North,Post-Graduate,Salaried,330484.12,"₹242,082",Medical,633.6,5,76,65.72,2015-05-28,0
C4999,26.0,Male,South,Primary,Business,1130381.08,"₹110,704",Education,653.3,1,88,37.15,2017-02-18,0
C5000,36.0,Male,South,Secondary,Salaried,2218517.93,"₹349,959",Education,726.8,0,112,25.26,2019-06-18,0
