trip_id,rider_id,zone,distance_km,duration_min,fare_amount,payment_mode,ride_date,surge_flag,Z-Score (fare_amount),Z-Score (distance_km),log_transform_fare,log_transform_dis,sqrt_duration,restored_duration,fare_per_km,age,gender,city,total_rides,cancelled_rides,avg_rating,avg_ride_distance,avg_ride_fare,days_since_signup,ride_cancellation_rate,zone_name,population_density,traffic_index,avg_speed_kmph,zone_type,traffic_level,ordinal_traffic_index
T00001,R0037,Zone_10,11.83,74.59,104.88,Cash,2023-11-13,0,-0.34751734901055215,0.8049105737736879,4.662306377358901,2.551786178627545,8.636550237218563,75.0,8.865595942519018,32,Other,Ahmedabad,489.0,6,3.36,9.76125,2.6884662576687117,2126,0.012269938650306749,,,,,,,
T00002,R0104,Zone_9,3.86,35.59,40.48,Cash,2023-07-28,0,-1.1005400573808048,-0.9857367454700674,3.7252113833613265,1.5810384379124023,5.965735495309862,36.0,10.487046632124352,52,Male,Kolkata,328.0,1,3.7,5.187777777777779,2.3335060975609756,1939,0.003048780487804878,,,,,,,
T00003,R0045,Zone_8,4.7,31.03,46.39,Cash,2024-01-14,0,-1.0314350231188762,-0.7970110556125071,3.858411235979497,1.7404661748405046,5.570457790882182,31.0,9.870212765957447,34,Other,Ahmedabad,100.0,16,4.88,9.725555555555555,15.298499999999999,1163,0.16,,,,,,,
T00004,R0089,Zone_2,11.06,59.48,257.64,Cash,2023-12-13,1,1.4386899325211213,0.6319120247375911,5.555437133417177,2.4898941912990393,7.712327793863536,59.0,23.294755877034355,48,Other,Surat,308.0,6,3.91,9.981111111111112,4.595941558441559,1457,0.01948051948051948,Zone_2,6371.0,0.91,58.4,Residential,Low,0.0
T00005,R0003,Zone_5,7.28,67.59,72.74,UPI,2023-03-15,0,-0.7233271292437807,-0.21735357962142948,4.300545392805998,2.1138429683971687,8.221313763626833,68.0,9.991758241758241,34,Male,Pune,45.0,9,3.76,6.768000000000001,21.593555555555557,1232,0.2,Zone_5,2590.0,1.31,43.9,Business,Medium,1.0
T00006,R0255,Zone_2,14.58,80.74,282.52,UPI,2024-02-10,0,1.729609264574722,1.4227625346168906,5.647282667416716,2.7459880404426023,8.985543945694106,81.0,19.377229080932782,37,Female,Bengaluru,475.0,42,3.12,9.0025,2.6573052631578946,1899,0.08842105263157894,Zone_2,6371.0,0.91,58.4,Residential,Low,0.0
T00007,R0224,Zone_4,4.48,40.07,58.38,Credit Card,2023-08-21,0,-0.8912371617313091,-0.8464392124799632,4.083957469335614,1.7011051009599243,6.330086887239385,40.0,13.03125,29,Female,Ahmedabad,200.0,1,4.31,5.958571428571429,2.5707,2235,0.005,Zone_4,4038.0,2.46,48.2,Business,High,2.0
T00008,R0039,Zone_3,11.75,96.11,102.35,Wallet,2024-03-10,0,-0.37710038398224066,0.7869366985491583,4.638121286127777,2.545531271604435,9.803570778037969,96.0,8.71063829787234,24,Male,Chennai,190.0,14,4.2,4.837142857142857,2.674,1034,0.07368421052631578,Zone_3,12971.0,2.11,38.0,Business,High,2.0
T00009,R0223,Zone_5,9.71,66.61,175.75,Credit Card,2024-05-20,0,0.4811584171726746,0.3286028803236553,5.174736304776682,2.3711778844596574,8.161494961096281,67.0,18.099897013388258,30,Female,Surat,158.0,10,4.04,7.05,6.248164556962026,2484,0.06329113924050633,Zone_5,2590.0,1.31,43.9,Business,Medium,1.0
T00010,R0236,Zone_5,7.37,51.09,98.34,UPI,2023-03-01,0,-0.4239889097674069,-0.19713296999383378,4.598548309679204,2.124653884501384,7.147726911403373,51.0,13.343283582089553,28,Male,Ahmedabad,61.0,1,3.36,4.546363636363636,12.599016393442623,2229,0.01639344262295082,Zone_5,2590.0,1.31,43.9,Business,Medium,1.0
T00011,R0191,Zone_10,13.88,88.3,172.04,Credit Card,2023-09-09,0,0.4377777611469969,1.2654911264022575,5.153522781644804,2.700018029404946,9.396807968666806,88.0,12.394812680115272,33,Other,Surat,87.0,6,4.56,7.5609090909090915,15.227701149425286,2225,0.06896551724137931,,,,,,,
T00012,R0199,Zone_1,11.4,64.9,139.35,Wallet,2023-12-15,0,0.05553688635470569,0.7083009944418417,4.9441393028078915,2.517696472610991,8.056053624449133,65.0,12.223684210526315,29,Male,Ahmedabad,344.0,27,3.91,8.515,4.652616279069767,1871,0.07848837209302326,Zone_1,4921.0,2.43,30.9,Residential,High,2.0
T00013,R0248,Zone_6,2.98,18.82,37.95,Wallet,2023-12-12,0,-1.1301230923524932,-1.183449372939892,3.6622787723167574,1.3812818192963463,4.338202392696772,19.0,12.734899328859061,18,Female,Chennai,104.0,12,3.65,8.245714285714286,9.03519230769231,1789,0.11538461538461539,,,,,,,
T00014,R0300,Zone_2,11.2,70.93,249.44,Cash,2024-08-10,0,1.3428081590950955,0.6633663063805176,5.52321937087711,2.501435951739211,8.421995013059554,71.0,22.271428571428572,38,Female,Kolkata,291.0,7,3.67,9.146666666666667,3.4253264604810996,1167,0.024054982817869417,Zone_2,6371.0,0.91,58.4,Residential,Low,0.0
T00015,R0270,Zone_10,14.87,91.83,265.53,Credit Card,2023-08-24,0,1.5309469071956754,1.48791783230581,5.585486807626805,2.7644305345383176,9.582797086446107,92.0,17.856758574310692,35,Male,Hyderabad,455.0,64,3.08,7.38,2.420945054945055,1719,0.14065934065934066,,,,,,,
T00016,R0216,Zone_2,7.35,63.51,145.73,Cash,2024-08-04,0,0.13013758323983313,-0.20162643879996628,4.988594163219376,2.122261538862764,7.969316156358712,64.0,19.82721088435374,44,Female,Chennai,335.0,24,3.4,5.928,1.4891940298507462,2604,0.07164179104477612,Zone_2,6371.0,0.91,58.4,Residential,Low,0.0
T00017,R0168,Zone_3,6.76,56.32,83.57,Cash,2023-12-03,0,-0.5966930309262367,-0.33418376858087157,4.437579593794131,2.048982334195127,7.504665215717488,56.0,12.362426035502958,23,Male,Pune,471.0,74,4.03,7.004,1.2087261146496815,2536,0.15711252653927812,Zone_3,12971.0,2.11,38.0,Business,High,2.0
T00018,R0126,Zone_6,4.65,39.61,69.81,UPI,2024-01-19,0,-0.7575873238947874,-0.8082447276278379,4.260000233663683,1.7316555451583497,6.293647591023825,40.0,15.01290322580645,29,Female,Surat,411.0,20,3.65,5.95,1.009537712895377,1453,0.04866180048661801,,,,,,,
T00019,R0255,Zone_1,7.93,62.56,100.85,Credit Card,2023-05-26,0,-0.39463973277968445,-0.07131584342212713,4.623501142672815,2.189416394888408,7.909487973314076,63.0,12.717528373266077,37,Female,Bengaluru,475.0,42,3.12,9.0025,2.6573052631578946,1899,0.08842105263157894,Zone_1,4921.0,2.43,30.9,Residential,High,2.0
T00020,R0061,Zone_2,11.43,81.48,227.77,UPI,2023-06-19,0,1.0894230334680246,0.7150411976510401,5.432717132027692,2.5201129055226197,9.026627277117406,81.0,19.92738407699038,25,Male,Mumbai,168.0,25,3.69,8.6175,3.5520238095238095,2219,0.1488095238095238,Zone_2,6371.0,0.91,58.4,Residential,Low,0.0
T00021,R0289,Zone_4,3.91,32.07,79.0,Cash,2024-08-15,0,-0.6501295802624486,-0.9745030734547362,4.382026634673881,1.5912739418064292,5.6630380539071075,32.0,20.204603580562658,21,Other,Chennai,322.0,14,4.17,8.26625,3.8337888198757764,1813,0.043478260869565216,Zone_4,4038.0,2.46,48.2,Business,High,2.0
T00022,R0112,Zone_10,1.27,9.05,17.63,Credit Card,2024-03-28,0,-1.3677228040618647,-1.567640955864211,2.924773184613497,0.8197798314933114,3.0083217912982647,9.0,13.881889763779526,41,Female,Delhi,311.0,11,3.24,8.953,3.6986173633440513,2134,0.03536977491961415,,,,,,,
T00023,R0153,Zone_3,6.12,47.77,118.69,UPI,2024-02-26,0,-0.1860384110820865,-0.4779747703771078,4.784905066885279,1.9629077254238845,6.911584478250989,48.0,19.393790849673202,20,Male,Mumbai,76.0,14,4.54,5.768,6.065131578947368,2327,0.18421052631578946,Zone_3,12971.0,2.11,38.0,Business,High,2.0
T00024,R0214,Zone_3,1.1,10.71,13.4,Cash,2023-01-10,0,-1.4171837676706562,-1.6058354407163362,2.667228206581955,0.7419373447293773,3.2726136343907144,11.0,12.181818181818182,20,Female,Kolkata,210.0,2,4.53,6.793333333333333,3.2461428571428574,1464,0.009523809523809525,Zone_3,12971.0,2.11,38.0,Business,High,2.0
T00025,R0272,Zone_2,10.62,56.33,170.34,UPI,2023-01-15,0,0.4178998325098941,0.5330557110026785,5.143649886535898,2.4527277514237653,7.505331438384317,56.0,16.039548022598872,21,Male,Kolkata,432.0,4,4.79,5.755714285714285,1.6012962962962962,2437,0.009259259259259259,Zone_2,6371.0,0.91,58.4,Residential,Low,0.0
T00026,R0045,Zone_3,5.87,48.76,86.71,Credit Card,2024-02-14,0,-0.5599773274435877,-0.5341431304537626,4.47403591796329,1.927164106234258,6.982836100038436,49.0,14.771720613287902,34,Other,Ahmedabad,100.0,16,4.88,9.725555555555555,15.298499999999999,1163,0.16,Zone_3,12971.0,2.11,38.0,Business,High,2.0
T00027,R0096,Zone_9,0.78,5.31,10.51,UPI,2023-01-12,0,-1.4509762463537312,-1.6777309416144544,2.4432162227337915,0.5766133643039938,2.3043437243605824,5.0,13.474358974358974,40,Female,Kolkata,121.0,3,4.46,5.482,2.933471074380165,2455,0.024793388429752067,,,,,,,
T00028,R0191,Zone_1,6.26,58.43,134.46,UPI,2023-05-14,0,-0.0016413907249608487,-0.4465204887341812,4.908676393786758,1.9823798288367047,7.643951857514541,58.0,21.479233226837064,33,Other,Surat,87.0,6,4.56,7.5609090909090915,15.227701149425286,2225,0.06896551724137931,Zone_1,4921.0,2.43,30.9,Residential,High,2.0
T00029,R0197,Zone_6,7.04,42.69,72.84,Credit Card,2024-06-13,0,-0.7221578393239511,-0.27127520529501814,4.301900590194597,2.0844290831908747,6.5337584895678535,43.0,10.34659090909091,29,Female,Bengaluru,475.0,87,3.87,7.108,2.042063157894737,2170,0.1831578947368421,,,,,,,
T00030,R0284,Zone_1,10.25,88.43,216.17,Cash,2024-03-15,0,0.9537854027677926,0.4499265380892295,5.38068045697316,2.4203681286504293,9.403722667114339,88.0,21.089756097560976,28,Female,Surat,135.0,19,4.95,8.70142857142857,7.306148148148148,2605,0.14074074074074075,Zone_1,4921.0,2.43,30.9,Residential,High,2.0
T00031,R0251,Zone_1,7.27,44.39,170.59,Credit Card,2023-04-08,1,0.42082305730946806,-0.21960031402449584,5.14510791029753,2.1126345090356,6.662582082045969,44.0,23.46492434662999,46,Female,Mumbai,213.0,26,4.48,7.6819999999999995,3.5801877934272297,2439,0.12206572769953052,Zone_1,4921.0,2.43,30.9,Residential,High,2.0
T00032,R0228,Zone_5,17.34,154.38,192.42,UPI,2023-11-30,0,0.6760790468082662,2.0428612298631594,5.264863990288817,2.9090844668283187,12.424974849069113,154.0,11.096885813148788,21,Female,Pune,10.0,0,4.84,9.61,67.522,2313,0.0,Zone_5,2590.0,1.31,43.9,Business,Medium,1.0
T00033,R0083,Zone_10,5.41,34.07,133.62,Cash,2024-04-19,1,-0.011463426051529401,-0.6374929129948075,4.902455994582567,1.8578592709325787,5.836951259004995,34.0,24.69870609981516,45,Female,Mumbai,475.0,39,4.4,9.262,2.9796421052631583,1721,0.08210526315789474,,,,,,,
T00034,R0105,Zone_8,7.69,72.38,65.12,UPI,2024-06-21,0,-0.8124270211347949,-0.1252374690957156,4.191471272952824,2.162172939277301,8.50764362206128,72.0,8.46814044213264,31,Female,Jaipur,346.0,9,3.69,7.933333333333334,3.7604624277456646,2180,0.02601156069364162,,,,,,,
T00035,R0221,Zone_4,7.49,44.42,65.75,Credit Card,2023-08-15,0,-0.8050604946398686,-0.17017215715703946,4.200954297280359,2.138889000323256,6.664833081180653,44.0,8.778371161548732,21,Female,Delhi,106.0,1,4.41,7.34125,8.615943396226415,2073,0.009433962264150943,Zone_4,4038.0,2.46,48.2,Business,High,2.0
T00036,R0081,Zone_1,6.59,49.9,125.55,Credit Card,2023-07-29,0,-0.10582512258177698,-0.37237825343299685,4.840637486991133,2.0268315914075385,7.063993204979744,50.0,19.051593323216995,42,Other,Mumbai,114.0,2,3.9,8.82,7.123421052631579,1690,0.017543859649122806,Zone_1,4921.0,2.43,30.9,Residential,High,2.0
T00037,R0067,Zone_10,8.71,57.85,106.26,Cash,2024-06-07,0,-0.3313811481169038,0.1039294400170361,4.675255793554779,2.2731562823032334,7.605918747922567,58.0,12.199770378874856,32,Male,Pune,348.0,9,3.38,8.697692307692307,5.302212643678161,1516,0.02586206896551724,,,,,,,
T00038,R0026,Zone_1,10.71,65.12,172.96,Cash,2023-10-27,0,0.4485352284094293,0.5532763206302745,5.158825387729438,2.460443177609626,8.069696400732806,65.0,16.14939309056956,26,Female,Surat,44.0,5,3.17,8.81,22.11795454545455,2344,0.11363636363636363,Zone_1,4921.0,2.43,30.9,Residential,High,2.0
T00039,R0077,Zone_5,14.7,144.74,322.96,Wallet,2024-03-07,0,2.2024701081538063,1.4497233474536848,5.780620051380789,2.7536607123542622,12.030793822520607,145.0,21.970068027210885,28,Male,Mumbai,406.0,72,3.79,10.489999999999998,5.7729556650246305,2567,0.17733990147783252,Zone_5,2590.0,1.31,43.9,Business,Medium,1.0
T00040,R0110,Zone_9,0.15,1.26,1.28,UPI,2024-08-15,0,-1.5589017059540018,-1.8192752090076245,0.8241754429663494,0.1397619423751587,1.1224972160321824,1.0,8.533333333333333,19,Female,Kolkata,224.0,28,4.43,8.502857142857144,4.217366071428571,1321,0.125,,,,,,,
T00041,R0056,Zone_1,5.45,34.13,108.87,Cash,2024-02-24,0,-0.3008626812093516,-0.6285059753825426,4.699297848712789,1.864080130807681,5.842088667591412,34.0,19.976146788990825,40,Other,Hyderabad,93.0,13,3.25,7.357777777777778,9.976236559139785,2029,0.13978494623655913,Zone_1,4921.0,2.43,30.9,Residential,High,2.0
T00042,R0120,Zone_4,5.76,45.5,57.73,Credit Card,2024-02-25,0,-0.8988375462102014,-0.5588572088874908,4.072950669534428,1.9110228900548727,6.745368781616021,46.0,10.022569444444445,18,Other,Surat,311.0,15,4.55,8.525,3.260289389067524,2258,0.04823151125401929,Zone_4,4038.0,2.46,48.2,Business,High,2.0
T00043,R0178,Zone_2,12.69,71.08,174.11,Cash,2023-08-07,0,0.4619820624874696,0.9981297324373802,5.165414347883809,2.6166656393003573,8.430895563343197,71.0,13.720252167060679,27,Male,Delhi,56.0,7,3.13,9.037142857142857,18.581071428571427,1951,0.125,Zone_2,6371.0,0.91,58.4,Residential,Low,0.0
T00044,R0164,Zone_3,6.22,35.17,149.59,UPI,2024-04-02,1,0.17527217414525528,-0.455507426346446,5.0145609120987285,1.9768549529047348,5.930430001273095,35.0,24.04983922829582,37,Other,Ahmedabad,249.0,23,4.02,8.356666666666667,7.062208835341366,1534,0.09236947791164658,Zone_3,12971.0,2.11,38.0,Business,High,2.0
T00045,R0221,Zone_9,1.48,7.57,22.98,Credit Card,2024-07-11,0,-1.305165793350982,-1.5204595333998208,3.177220149599368,0.9082585601768908,2.751363298439521,8.0,15.527027027027028,21,Female,Delhi,106.0,1,4.41,7.34125,8.615943396226415,2073,0.009433962264150943,,,,,,,
T00046,R0247,Zone_2,8.44,82.23,70.49,Cash,2023-08-13,0,-0.7496361524399464,0.043267611134248624,4.26955757977876,2.244955980157409,9.068075870878012,82.0,8.351895734597155,37,Male,Bengaluru,249.0,47,4.92,10.267692307692307,9.587590361445782,1955,0.18875502008032127,Zone_2,6371.0,0.91,58.4,Residential,Low,0.0
T00047,R0207,Zone_1,7.83,61.12,158.67,Cash,2023-09-03,0,0.28144369886578136,-0.09378318745278896,5.07310918535161,2.178155014615869,7.8179281142768255,61.0,20.26436781609195,31,Male,Mumbai,47.0,3,3.93,7.93375,26.20127659574468,1016,0.06382978723404255,Zone_1,4921.0,2.43,30.9,Residential,High,2.0
T00048,R0077,Zone_10,8.9,76.5,91.12,Wallet,2023-08-03,0,-0.5084116419791029,0.14661739367529364,4.523092074952484,2.2925347571405443,8.74642784226795,76.0,10.238202247191012,28,Male,Mumbai,406.0,72,3.79,10.489999999999998,5.7729556650246305,2567,0.17733990147783252,,,,,,,
T00049,R0115,Zone_6,2.8,27.94,33.7,UPI,2024-08-08,0,-1.1798179139452505,-1.2238905921950836,3.5467396869528134,1.33500106673234,5.285830114561004,28.0,12.035714285714288,40,Female,Bengaluru,170.0,15,4.4,7.58909090909091,8.388058823529413,2391,0.08823529411764706,,,,,,,
T00050,R0010,Zone_3,16.6,90.94,193.05,Cash,2023-03-20,0,0.6834455733031929,1.8766028840362619,5.268115857814915,2.8678989020441064,9.536246641105713,91.0,11.629518072289157,25,Female,Surat,173.0,1,3.38,9.472222222222221,6.962485549132948,1222,0.005780346820809248,Zone_3,12971.0,2.11,38.0,Business,High,2.0
T00051,R0230,Zone_3,6.38,47.94,95.38,Wallet,2023-07-18,0,-0.4585998913943627,-0.41955967589738685,4.5682987112121864,1.998773638612381,6.923871749245504,48.0,14.949843260188088,32,Male,Chennai,183.0,23,3.65,7.3325,4.962950819672131,1395,0.12568306010928962,Zone_3,12971.0,2.11,38.0,Business,High,2.0
T00052,R0032,Zone_1,7.06,36.36,101.01,UPI,2024-05-24,0,-0.392768868907957,-0.26678173648888587,4.625070847694428,2.0869135565185366,6.029925372672534,36.0,14.307365439093486,18,Female,Mumbai,213.0,24,4.0,9.455714285714285,6.542723004694835,1093,0.11267605633802817,Zone_1,4921.0,2.43,30.9,Residential,High,2.0
T00053,R0082,Zone_3,3.5,24.24,60.44,Credit Card,2024-07-22,0,-0.8671497893828196,-1.0666191839804502,4.118061088839417,1.5040773967762742,4.923413450036469,24.0,17.268571428571427,26,Other,Pune,274.0,23,3.15,8.206666666666667,1.0863503649635036,1360,0.08394160583941605,Zone_3,12971.0,2.11,38.0,Business,High,2.0
T00054,R0228,Zone_7,3.34,32.09,80.26,UPI,2023-01-13,1,-0.6353965272725958,-1.1025669344295093,4.397653890559581,1.4678743481123135,5.664803615307419,32.0,24.029940119760482,21,Female,Pune,10.0,0,4.84,9.61,67.522,2313,0.0,,,,,,,
T00055,R0266,Zone_9,1.8900000000000001,14.21,45.33,Credit Card,2024-01-23,1,-1.0438294962690697,-1.428343422874107,3.835789699428557,1.0612565021243408,3.769615364994153,14.0,23.98412698412698,29,Other,Chennai,98.0,13,3.9,8.107777777777777,12.729081632653061,2183,0.1326530612244898,,,,,,,
T00056,R0158,Zone_3,6.03,42.1,137.35,Cash,2023-08-05,0,0.03215108795811399,-0.4981953800047035,4.929786706232935,1.9501867058225735,6.488451279003334,42.0,22.777777777777775,27,Male,Ahmedabad,441.0,60,3.57,6.365,0.8727210884353742,2244,0.1360544217687075,Zone_3,12971.0,2.11,38.0,Business,High,2.0
T00057,R0154,Zone_5,3.21,21.26,61.28,Wallet,2023-01-05,0,-0.8573277540562511,-1.1317744816693698,4.131640346965797,1.43746264769429,4.610856753359402,21.0,19.090342679127726,18,Other,Kolkata,466.0,79,4.68,10.663076923076924,4.419570815450644,2733,0.16952789699570817,Zone_5,2590.0,1.31,43.9,Business,Medium,1.0
T00058,R0020,Zone_10,18.28,161.83,161.65,Cash,2024-01-26,0,0.31628853847670324,2.254054263751382,5.091600652919361,2.9590682891823996,12.721242077721813,162.0,8.842997811816192,35,Female,Chennai,274.0,21,4.03,7.692857142857143,2.722846715328467,2557,0.07664233576642336,,,,,,,
T00059,R0043,Zone_10,1.44,8.19,13.38,UPI,2023-12-21,0,-1.4174176256546223,-1.5294464710120859,2.6658383522929006,0.8919980393051105,2.8618176042508368,8.0,9.291666666666668,28,Male,Ahmedabad,85.0,16,4.68,7.462222222222222,10.147058823529411,1742,0.18823529411764706,,,,,,,
T00060,R0146,Zone_4,2.36,17.35,27.83,UPI,2024-03-25,0,-1.2484552322392473,-1.322746905929996,3.3614165116503107,1.2119409739751128,4.165333119931706,17.0,11.792372881355933,30,Male,Surat,80.0,11,3.89,9.634285714285713,11.730875000000001,2346,0.1375,Zone_4,4038.0,2.46,48.2,Business,High,2.0
T00061,R0235,Zone_8,5.99,44.78,54.34,Credit Card,2024-02-15,0,-0.9384764744924242,-0.5071823176169683,4.01349597435878,1.944480556245719,6.691786009728643,45.0,9.07178631051753,34,Other,Delhi,284.0,8,4.06,6.95625,2.972852112676056,2040,0.028169014084507043,,,,,,,
T00062,R0292,Zone_3,11.37,99.93,252.52,UPI,2023-04-04,0,1.378822288625847,0.7015607912326428,5.535442715382666,2.5152741864043966,9.996499387285532,100.0,22.209322779243625,37,Female,Jaipur,141.0,19,4.39,8.817777777777778,8.070141843971632,2272,0.1347517730496454,Zone_3,12971.0,2.11,38.0,Business,High,2.0
T00063,R0143,Zone_7,5.93,33.28,124.07,Wallet,2023-07-09,0,-0.12313061339525487,-0.5206627240353655,4.828873580560815,1.9358598132018119,5.768882040742383,33.0,20.922428330522767,42,Other,Kolkata,74.0,13,4.56,6.13875,11.630405405405405,1269,0.17567567567567569,,,,,,,
T00064,R0243,Zone_7,11.38,101.38,252.89,Cash,2023-02-10,0,1.383148661329216,0.7038075256357094,5.536901102350124,2.5160822672564502,10.0687635785135,101.0,22.222319859402457,33,Male,Jaipur,315.0,11,3.7,7.901428571428572,3.011206349206349,1319,0.03492063492063492,,,,,,,
T00065,R0215,Zone_7,3.07,22.86,73.11,UPI,2024-04-15,1,-0.7190007565404112,-1.1632287633122964,4.305550475963267,1.4036429994545037,4.7812132351527685,23.0,23.814332247557005,26,Female,Hyderabad,438.0,48,3.24,3.63,0.8495433789954339,2393,0.1095890410958904,,,,,,,
T00066,R0207,Zone_3,8.3,62.92,184.22,Credit Card,2023-01-26,0,0.5801972733822404,0.011813329491322204,5.221544307742123,2.2300144001592104,7.932212806020776,63.0,22.195180722891564,31,Male,Mumbai,47.0,3,3.93,7.93375,26.20127659574468,1016,0.06382978723404255,Zone_3,12971.0,2.11,38.0,Business,High,2.0
T00067,R0032,Zone_6,16.72,100.34,394.44,Wallet,2024-05-03,1,3.0382785428479933,1.9035636968730556,5.979999068998704,2.8746939451769347,10.016985574512923,100.0,23.590909090909093,18,Female,Mumbai,213.0,24,4.0,9.455714285714285,6.542723004694835,1093,0.11267605633802817,,,,,,,
T00068,R0211,Zone_6,3.16,20.03,65.53,UPI,2023-01-05,0,-0.8076329324634937,-1.1430081536847005,4.197652973753796,1.425515074273172,4.47548880012005,20.0,20.737341772151897,36,Female,Mumbai,435.0,17,3.63,6.582857142857143,1.4847816091954023,1992,0.03908045977011494,,,,,,,
T00069,R0077,Zone_10,10.1,58.97,178.77,Cash,2023-02-03,0,0.5164709727515282,0.41622552204323654,5.191678256058324,2.4069451083182885,7.679192665899196,59.0,17.700000000000003,28,Male,Mumbai,406.0,72,3.79,10.489999999999998,5.7729556650246305,2567,0.17733990147783252,,,,,,,
T00070,R0156,Zone_9,9.03,63.18,120.06,Cash,2023-08-31,0,-0.1700191391804211,0.1758249409151539,4.7962862904635415,2.305580601973844,7.948584779695062,63.0,13.295681063122926,33,Female,Jaipur,255.0,18,4.28,8.06,1.8989411764705884,1533,0.07058823529411765,,,,,,,
T00071,R0232,Zone_2,3.26,29.24,56.16,Wallet,2024-03-01,0,-0.9171953979515258,-1.1205408096540388,4.045854353061666,1.449269160281279,5.407402333838309,29.0,17.226993865030675,38,Male,Jaipur,172.0,15,3.94,7.169230769230769,8.667674418604651,1379,0.0872093023255814,Zone_2,6371.0,0.91,58.4,Residential,Low,0.0
T00072,R0263,Zone_9,5.06,48.17,44.44,UPI,2023-07-21,0,-1.0542361765555532,-0.7161286171021243,3.816392774412896,1.801709800081223,6.940461079784253,48.0,8.782608695652174,31,Other,Chennai,297.0,21,3.84,8.718333333333332,5.2110101010101015,2087,0.0707070707070707,,,,,,,
T00073,R0025,Zone_9,13.66,115.24,116.48,Cash,2024-02-23,0,-0.21187971831032024,1.216062969534801,4.766268106330419,2.6851226964585053,10.734989520255713,115.0,8.527086383601757,21,Female,Mumbai,42.0,3,4.01,9.45,17.129285714285714,1791,0.07142857142857142,,,,,,,
T00074,R0048,Zone_7,8.68,58.17,87.92,Wallet,2023-10-09,0,-0.5458289194136496,0.09718923680783728,4.487737089095996,2.2700619012884857,7.626925986267338,58.0,10.129032258064516,35,Male,Hyderabad,207.0,1,3.02,5.826,2.4457971014492754,2666,0.004830917874396135,,,,,,,
T00075,R0008,Zone_5,1.94,14.17,31.82,Cash,2023-01-04,0,-1.2018005644380467,-1.4171097508587762,3.4910380856619447,1.0784095813505903,3.7643060449437424,14.0,16.402061855670105,28,Female,Jaipur,215.0,23,4.02,6.03125,4.1547441860465115,1447,0.10697674418604651,Zone_5,2590.0,1.31,43.9,Business,Medium,1.0
T00076,R0055,Zone_1,11.45,113.56,134.34,Cash,2023-11-11,0,-0.0030445386287564036,0.7195346664571723,4.90779013080408,2.5217206229107165,10.656453443805777,114.0,11.732751091703058,32,Male,Delhi,425.0,12,4.19,8.9625,2.610729411764706,1775,0.02823529411764706,Zone_1,4921.0,2.43,30.9,Residential,High,2.0
T00077,R0115,Zone_4,5.6,54.45,54.1,Wallet,2023-11-26,0,-0.9412827703000153,-0.5948049593365499,4.009149716158869,1.8870696490323797,7.379024325749306,54.0,9.660714285714286,40,Female,Bengaluru,170.0,15,4.4,7.58909090909091,8.388058823529413,2391,0.08823529411764706,Zone_4,4038.0,2.46,48.2,Business,High,2.0
T00078,R0220,Zone_4,9.8,70.64,194.44,Credit Card,2024-06-02,0,0.699698703188824,0.348823489951251,5.275253426949485,2.379546134130174,8.404760555780278,71.0,19.84081632653061,32,Female,Kolkata,491.0,63,3.78,11.16,2.2715478615071283,1248,0.12830957230142567,Zone_4,4038.0,2.46,48.2,Business,High,2.0
T00079,R0080,Zone_10,9.88,54.31,143.26,Credit Card,2023-03-23,0,0.1012561222200424,0.36679736517578054,4.971617227075527,2.3869262414277967,7.369531871157082,54.0,14.499999999999998,19,Female,Mumbai,34.0,6,4.6,9.185,24.814117647058826,1951,0.17647058823529413,,,,,,,
T00080,R0020,Zone_2,2.41,13.57,55.01,Credit Card,2023-08-16,0,-0.9306422320295661,-1.3115132339146651,4.025530246221741,1.2267122912954254,3.6837480912787726,14.0,22.825726141078835,35,Female,Chennai,274.0,21,4.03,7.692857142857143,2.722846715328467,2557,0.07664233576642336,Zone_2,6371.0,0.91,58.4,Residential,Low,0.0
T00081,R0278,Zone_5,11.95,92.3,279.75,UPI,2023-01-06,1,1.6972199337954428,0.831871386610482,5.637464593618552,2.5610957881455465,9.60728889958036,92.0,23.410041841004187,20,Female,Mumbai,382.0,58,4.27,10.838888888888889,5.546492146596859,1841,0.1518324607329843,Zone_5,2590.0,1.31,43.9,Business,Medium,1.0
T00082,R0264,Zone_9,2.96,24.84,67.86,Credit Card,2023-08-03,0,-0.7803884773314644,-1.1879428417460245,4.232075457910378,1.3762440252663892,4.983974317750845,25.0,22.925675675675677,27,Other,Delhi,401.0,54,3.59,4.1466666666666665,0.47408977556109727,2780,0.13466334164588528,,,,,,,
T00083,R0213,Zone_1,1.47,10.77,19.52,Cash,2023-01-22,0,-1.3456232245770856,-1.522706267802887,3.021400020302569,0.9042181506398859,3.281767816284388,11.0,13.27891156462585,29,Female,Chennai,456.0,26,3.74,6.7877777777777775,2.3342105263157893,2662,0.05701754385964912,Zone_1,4921.0,2.43,30.9,Residential,High,2.0
T00084,R0129,Zone_7,3.59,30.5,29.92,Cash,2023-10-16,0,-1.2240170729148088,-1.0463985743528545,3.4314032237192214,1.5238800240724537,5.522680508593631,31.0,8.334261838440112,35,Male,Hyderabad,158.0,10,3.9,8.17090909090909,9.54620253164557,1440,0.06329113924050633,,,,,,,
T00085,R0042,Zone_3,6.27,52.47,156.34,Cash,2023-01-22,1,0.25419924373375224,-0.44427375433111504,5.0584090689010965,1.9837562915454279,7.243617880589782,52.0,24.934609250398726,18,Female,Chennai,23.0,4,3.03,9.232,32.10782608695652,1946,0.17391304347826086,Zone_3,12971.0,2.11,38.0,Business,High,2.0
T00086,R0254,Zone_2,8.55,54.29,70.74,Wallet,2023-01-20,0,-0.7467129276403724,0.06798168956797701,4.273048472104136,2.256541154492639,7.368174807915458,54.0,8.273684210526314,18,Male,Delhi,363.0,70,3.68,11.767142857142858,3.346005509641873,2383,0.1928374655647383,Zone_2,6371.0,0.91,58.4,Residential,Low,0.0
T00087,R0227,Zone_7,4.14,37.02,34.19,Credit Card,2023-04-03,0,-1.1740883933380857,-0.9228281821842139,3.5607619513334936,1.6370530794670737,6.084406298070503,37.0,8.258454106280194,25,Other,Pune,320.0,23,4.12,5.664,1.58815625,2259,0.071875,,,,,,,
T00088,R0145,Zone_3,11.72,88.45,158.4,Credit Card,2023-11-29,0,0.2782866160822417,0.7801964953399598,5.071416766356115,2.543175557911976,9.404786015641186,88.0,13.515358361774744,36,Female,Jaipur,222.0,43,4.3,11.585,2.948918918918919,1378,0.19369369369369369,Zone_3,12971.0,2.11,38.0,Business,High,2.0
T00089,R0154,Zone_3,9.26,64.5,184.33,Credit Card,2023-02-15,0,0.5814834922940532,0.22749983218567643,5.222138019809219,2.3282528397426234,8.031189202104505,64.0,19.906047516198704,18,Other,Kolkata,466.0,79,4.68,10.663076923076924,4.419570815450644,2733,0.16952789699570817,Zone_3,12971.0,2.11,38.0,Business,High,2.0
T00090,R0009,Zone_7,4.53,39.15,79.95,Cash,2024-07-12,0,-0.6390213260240676,-0.8352055404646324,4.393831680123644,1.7101878155342434,6.256996084384263,39.0,17.649006622516556,42,Female,Ahmedabad,172.0,21,4.11,9.268571428571429,5.327848837209302,2468,0.12209302325581395,,,,,,,
T00091,R0205,Zone_1,12.44,87.74,134.42,Wallet,2023-02-27,0,-0.0021091066928929218,0.9419613723607254,4.908381060057499,2.5982353350950036,9.366963221877194,88.0,10.805466237942122,31,Other,Surat,100.0,14,4.66,6.387499999999999,2.659,2685,0.14,Zone_1,4921.0,2.43,30.9,Residential,High,2.0
T00092,R0059,Zone_4,13.81,120.47,115.41,Cash,2024-01-22,0,-0.22439112045249687,1.249763985580794,4.75711844226015,2.6953026282797072,10.975882652433926,120.0,8.356987690079652,43,Male,Delhi,357.0,11,3.27,8.75,1.4979831932773109,1872,0.03081232492997199,Zone_4,4038.0,2.46,48.2,Business,High,2.0
T00093,R0119,Zone_4,7.51,47.47,142.75,UPI,2024-04-21,0,0.09529274362891163,-0.16567868835090718,4.96807567967746,2.1412419425852827,6.8898476035395735,47.0,19.00798934753662,47,Male,Hyderabad,30.0,1,4.39,5.846,13.431333333333333,1231,0.03333333333333333,Zone_4,4038.0,2.46,48.2,Business,High,2.0
T00094,R0271,Zone_7,6.93,58.93,105.07,Wallet,2024-04-18,0,-0.345295698162876,-0.29598928372874633,4.664099253517379,2.0706530356467567,7.676587783644502,59.0,15.16161616161616,22,Male,Bengaluru,58.0,6,4.37,8.1275,16.013448275862068,1441,0.10344827586206896,,,,,,,
T00095,R0004,Zone_3,0.87,6.04,16.87,UPI,2024-04-09,0,-1.3766094074525697,-1.6575103319868587,2.8831233291713367,0.6259384308664953,2.4576411454889016,6.0,19.390804597701152,19,Other,Kolkata,464.0,5,3.19,6.201666666666667,1.4720474137931034,2608,0.010775862068965518,Zone_3,12971.0,2.11,38.0,Business,High,2.0
T00096,R0298,Zone_5,5.96,50.55,107.7,Cash,2023-02-16,0,-0.3145433732713578,-0.513922520826167,4.688591794127164,1.9401794743463283,7.109852319141376,51.0,18.07046979865772,35,Female,Ahmedabad,65.0,11,3.88,9.027142857142858,15.421692307692307,2367,0.16923076923076924,Zone_5,2590.0,1.31,43.9,Business,Medium,1.0
T00097,R0061,Zone_4,6.54,53.61,149.53,UPI,2023-12-24,0,0.1745706001933575,-0.38361192544832773,5.014162399872412,2.020222182019865,7.321885003194191,54.0,22.863914373088686,25,Male,Mumbai,168.0,25,3.69,8.6175,3.5520238095238095,2219,0.1488095238095238,Zone_4,4038.0,2.46,48.2,Business,High,2.0
T00098,R0127,Zone_8,9.23,58.17,197.25,Wallet,2023-09-07,0,0.7325557499360353,0.220759628976478,5.289528860514958,2.325324579963535,7.626925986267338,58.0,21.37053087757313,38,Male,Chennai,43.0,2,4.83,7.867777777777778,32.56906976744186,2375,0.046511627906976744,,,,,,,
T00099,R0290,Zone_2,7.16,64.31,116.82,Credit Card,2023-07-01,0,-0.20790413258289978,-0.2443143924582238,4.7691580360935415,2.0992441689760155,8.019351594736323,64.0,16.31564245810056,34,Other,Chennai,169.0,4,4.28,7.58,6.376745562130178,2325,0.023668639053254437,Zone_2,6371.0,0.91,58.4,Residential,Low,0.0
T00100,R0127,Zone_4,9.22,64.89,200.69,Wallet,2023-04-02,0,0.772779323178173,0.21851289457341186,5.306731865149055,2.3243465847755584,8.055432949258531,65.0,21.766811279826463,38,Male,Chennai,43.0,2,4.83,7.867777777777778,32.56906976744186,2375,0.046511627906976744,Zone_4,4038.0,2.46,48.2,Business,High,2.0
T00101,R0296,Zone_7,15.67,121.5,388.0,Cash,2024-01-11,1,2.9629762720109682,1.6676565845511055,5.963579343618446,2.813610696762703,11.022703842524301,121.0,24.760689215060626,37,Other,Hyderabad,390.0,58,3.97,11.351428571428572,3.3713589743589742,2035,0.14871794871794872,,,,,,,
T00102,R0088,Zone_5,5.35,53.28,125.86,Credit Card,2023-05-10,1,-0.10220032383030524,-0.6509733194132047,4.843084116205751,1.8484548129046001,7.299315036357863,53.0,23.525233644859814,22,Other,Jaipur,438.0,0,4.78,7.78125,2.0405479452054793,2629,0.0,Zone_5,2590.0,1.31,43.9,Business,Medium,1.0
T00103,R0247,Zone_5,5.55,40.75,125.3,UPI,2024-04-15,0,-0.10874834738135093,-0.6060386313518809,4.838660029356445,1.8794650496471605,6.383572667401852,41.0,22.576576576576578,37,Male,Bengaluru,249.0,47,4.92,10.267692307692307,9.587590361445782,1955,0.18875502008032127,Zone_5,2590.0,1.31,43.9,Business,Medium,1.0
T00104,R0021,Zone_1,1.45,8.94,13.26,UPI,2023-06-28,0,-1.4188207735584175,-1.5271997366090195,2.65745841498615,0.8960880245566356,2.9899832775452104,9.0,9.144827586206898,37,Female,Pune,380.0,17,3.91,8.68,1.8147105263157892,2689,0.04473684210526316,Zone_1,4921.0,2.43,30.9,Residential,High,2.0
T00105,R0210,Zone_5,7.96,45.79,63.84,UPI,2024-06-22,0,-0.8273939321086137,-0.0645756402129285,4.171922696867475,2.192770226986839,6.766830868286867,46.0,8.020100502512562,34,Other,Mumbai,94.0,5,3.4,10.135,5.512659574468086,1719,0.05319148936170213,Zone_5,2590.0,1.31,43.9,Business,Medium,1.0
T00106,R0073,Zone_1,12.88,86.01,193.62,Wallet,2023-10-13,0,0.6901105258462215,1.0408176860956382,5.271048939393843,2.6304489550786583,9.274157643689264,86.0,15.032608695652174,41,Other,Ahmedabad,490.0,30,3.01,8.734444444444444,2.6034693877551023,1916,0.061224489795918366,Zone_1,4921.0,2.43,30.9,Residential,High,2.0
T00107,R0051,Zone_3,0.76,6.83,9.71,Credit Card,2023-05-22,0,-1.4603305657123677,-1.6822244104205868,2.3711778844596574,0.5653138090500605,2.613426869074396,7.0,12.776315789473685,21,Male,Kolkata,213.0,14,4.02,5.918,5.169107981220657,2356,0.06572769953051644,Zone_3,12971.0,2.11,38.0,Business,High,2.0
T00108,R0185,Zone_5,4.67,31.35,52.05,Cash,2024-02-03,0,-0.9652532136565217,-0.8037512588217057,3.971234865059992,1.7351891177396608,5.599107071667768,31.0,11.14561027837259,27,Male,Delhi,201.0,12,4.05,6.247142857142857,3.7018905472636816,1847,0.05970149253731343,Zone_5,2590.0,1.31,43.9,Business,Medium,1.0
T00109,R0162,Zone_2,8.18,49.59,93.5,Credit Card,2024-01-14,0,-0.4805825418871589,-0.015147483345472324,4.548599834499697,2.217027204632399,7.042016756583302,50.0,11.430317848410759,30,Male,Hyderabad,394.0,38,4.28,8.855,2.3779187817258887,1130,0.09644670050761421,Zone_2,6371.0,0.91,58.4,Residential,Low,0.0
T00110,R0075,Zone_4,12.25,116.83,202.81,Credit Card,2023-06-30,0,0.7975682694785603,0.8992734187024679,5.317188187298288,2.583997552432231,10.808792717042916,117.0,16.55591836734694,18,Female,Mumbai,108.0,7,4.83,11.7875,6.526018518518519,1966,0.06481481481481481,Zone_4,4038.0,2.46,48.2,Business,High,2.0
T00111,R0046,Zone_8,9.91,84.04,230.69,Wallet,2023-03-31,1,1.1235662991270485,0.373537568384979,5.445400271249282,2.3896797998449792,9.167333309092673,84.0,23.278506559031282,31,Female,Kolkata,31.0,4,3.87,10.0025,41.82,2589,0.12903225806451613,,,,,,,
T00112,R0148,Zone_1,9.63,81.74,205.35,Cash,2024-07-23,0,0.8272682334422317,0.3106290050991258,5.329573756198591,2.363680192353857,9.041017641836564,82.0,21.32398753894081,44,Male,Ahmedabad,412.0,34,3.36,5.7975,0.9918203883495146,2544,0.0825242718446602,Zone_1,4921.0,2.43,30.9,Residential,High,2.0
T00113,R0100,Zone_5,6.88,66.15,85.07,Credit Card,2024-04-29,0,-0.5791536821287929,-0.30722295574407726,4.455160918661383,2.064327903869788,8.133265027035575,66.0,12.364825581395348,28,Male,Delhi,383.0,60,3.79,8.454166666666667,4.327650130548303,1942,0.1566579634464752,Zone_5,2590.0,1.31,43.9,Business,Medium,1.0
T00114,R0038,Zone_3,10.41,99.21,165.03,Wallet,2023-12-29,0,0.3558105377669431,0.4858742885382886,5.112168494919695,2.4344901638739844,9.960421677820673,99.0,15.853025936599424,37,Other,Kolkata,68.0,7,4.07,5.946,6.673970588235294,1314,0.10294117647058823,Zone_3,12971.0,2.11,38.0,Business,High,2.0
T00115,R0165,Zone_7,13.07,83.36,253.42,Credit Card,2024-07-07,0,1.389345897904313,1.0835056397538958,5.538986444728065,2.644044871126298,9.130169768410662,83.0,19.389441469013004,37,Female,Kolkata,34.0,5,3.27,7.785,22.932352941176468,1743,0.14705882352941177,,,,,,,
T00116,R0215,Zone_2,0.54,3.96,5.27,UPI,2023-12-09,0,-1.5122470381528013,-1.731652567288043,1.8357763546448294,0.43178241642553783,1.98997487421324,4.0,9.759259259259258,26,Female,Hyderabad,438.0,48,3.24,3.63,0.8495433789954339,2393,0.1095890410958904,Zone_2,6371.0,0.91,58.4,Residential,Low,0.0
T00117,R0093,Zone_5,11.64,60.74,173.51,Credit Card,2024-08-16,0,0.4549663229684918,0.7622226201154303,5.16198204659078,2.5368663887187113,7.793587107359486,61.0,14.906357388316149,33,Other,Surat,119.0,18,3.77,11.925000000000002,10.72546218487395,2667,0.15126050420168066,Zone_5,2590.0,1.31,43.9,Business,Medium,1.0
T00118,R0266,Zone_2,7.51,43.35,88.93,Cash,2023-05-02,0,-0.5340190912233708,-0.16567868835090718,4.499031589926425,2.1412419425852827,6.5840716885526085,43.0,11.841544607190414,29,Other,Chennai,98.0,13,3.9,8.107777777777777,12.729081632653061,2183,0.1326530612244898,Zone_2,6371.0,0.91,58.4,Residential,Low,0.0
T00119,R0108,Zone_7,5.35,31.23,133.14,Wallet,2023-06-30,1,-0.01707601766671162,-0.6509733194132047,4.898884030671591,1.8484548129046001,5.588380803059147,31.0,24.885981308411214,18,Male,Pune,184.0,32,4.88,6.228571428571429,4.754836956521739,2666,0.17391304347826086,,,,,,,
T00120,R0175,Zone_2,4.22,29.16,40.82,Cash,2024-03-04,0,-1.0965644716533842,-0.9048543069596844,3.7333746940004877,1.6524974018945473,5.4,29.0,9.672985781990523,35,Male,Chennai,98.0,8,3.48,8.7825,13.076632653061225,1491,0.08163265306122448,Zone_2,6371.0,0.91,58.4,Residential,Low,0.0
T00121,R0236,Zone_5,1.1,6.91,17.89,Wallet,2023-12-29,0,-1.3646826502703078,-1.6058354407163362,2.9386326815134183,0.7419373447293773,2.6286878856189833,7.0,16.263636363636362,28,Male,Ahmedabad,61.0,1,3.36,4.546363636363636,12.599016393442623,2229,0.01639344262295082,Zone_5,2590.0,1.31,43.9,Business,Medium,1.0
T00122,R0278,Zone_1,16.49,126.69,387.03,Cash,2023-11-14,1,2.951634159788621,1.851888805602533,5.961082656221897,2.8616292890305104,11.255665240224586,127.0,23.47058823529412,20,Female,Mumbai,382.0,58,4.27,10.838888888888889,5.546492146596859,1841,0.1518324607329843,Zone_1,4921.0,2.43,30.9,Residential,High,2.0
T00123,R0009,Zone_10,4.5600000000000005,34.92,49.82,Credit Card,2023-10-27,0,-0.9913283788687216,-0.8284653372554337,3.928289977892018,1.7155981082624912,5.909314681077663,35.0,10.925438596491228,42,Female,Ahmedabad,172.0,21,4.11,9.268571428571429,5.327848837209302,2468,0.12209302325581395,,,,,,,
T00124,R0297,Zone_8,2.58,13.39,49.39,UPI,2024-05-25,0,-0.9963563255239887,-1.2733187490625397,3.9197927426925068,1.275362800412609,3.6592348927063973,13.0,19.143410852713178,47,Male,Pune,396.0,46,3.87,5.93,1.0166161616161615,1093,0.11616161616161616,,,,,,,
T00125,R0002,Zone_9,5.72,41.44,129.43,Credit Card,2024-03-30,0,-0.060456673692388975,-0.5678441464997556,4.8708366843821915,1.9050881545350582,6.437390775772433,41.0,22.62762237762238,39,Female,Mumbai,70.0,5,4.12,10.812857142857142,16.794428571428572,2490,0.07142857142857142,,,,,,,
T00126,R0287,Zone_1,4.27,31.04,69.77,Cash,2023-07-13,0,-0.7580550398627194,-0.8936206349443535,4.259435182087693,1.6620303625532709,5.571355310873647,31.0,16.339578454332553,18,Other,Delhi,320.0,34,3.33,6.713333333333334,2.3166874999999996,1735,0.10625,Zone_1,4921.0,2.43,30.9,Residential,High,2.0
T00127,R0098,Zone_8,8.62,43.67,118.52,UPI,2024-04-15,0,-0.1880262039457968,0.08370883038944002,4.783483721384507,2.263844264677615,6.608328079022711,44.0,13.749419953596288,21,Other,Bengaluru,286.0,56,3.5,8.85875,3.7473776223776225,1237,0.1958041958041958,,,,,,,
T00128,R0113,Zone_10,15.58,134.76,327.97,Wallet,2024-08-23,0,2.2610515331372687,1.64743597492351,5.795966561197395,2.8081971497071487,11.60861748874516,135.0,21.050706033376123,26,Other,Chennai,423.0,26,4.61,6.8775,2.591702127659574,2749,0.061465721040189124,,,,,,,
T00129,R0047,Zone_4,5.07,29.05,108.85,Wallet,2023-03-14,0,-0.30109653919331764,-0.713881882699058,4.699115798830619,1.803358605071407,5.389805191284746,29.0,21.469428007889544,51,Female,Bengaluru,69.0,3,4.86,8.89,16.592318840579708,1806,0.043478260869565216,Zone_4,4038.0,2.46,48.2,Business,High,2.0
T00130,R0297,Zone_6,8.77,55.57,193.03,UPI,2024-01-21,0,0.6832117153192269,0.11740984643543298,5.268012786283181,2.2793164660546914,7.454528824815154,56.0,22.010262257696695,47,Male,Pune,396.0,46,3.87,5.93,1.0166161616161615,1093,0.11616161616161616,,,,,,,
T00131,R0246,Zone_1,2.26,19.77,54.11,Wallet,2024-04-15,1,-0.9411658413080323,-1.345214249960658,4.009331187895144,1.1817271953786161,4.446346815083142,20.0,23.942477876106196,29,Other,Mumbai,240.0,34,4.79,6.978333333333333,6.460624999999999,1996,0.14166666666666666,Zone_1,4921.0,2.43,30.9,Residential,High,2.0
T00132,R0220,Zone_1,15.6,79.16,238.5,Credit Card,2023-01-24,0,1.214887841865739,1.6519294437296421,5.4785534168509695,2.8094026953624978,8.89719056781409,79.0,15.288461538461538,32,Female,Kolkata,491.0,63,3.78,11.16,2.2715478615071283,1248,0.12830957230142567,Zone_1,4921.0,2.43,30.9,Residential,High,2.0
T00133,R0060,Zone_4,8.95,80.7,77.22,Cash,2023-07-28,0,-0.6709429408354153,0.15785106569062438,4.359525369327368,2.2975725511705014,8.983317872590282,81.0,8.627932960893855,40,Female,Hyderabad,123.0,7,4.57,7.876666666666666,5.954308943089431,1143,0.056910569105691054,Zone_4,4038.0,2.46,48.2,Business,High,2.0
T00134,R0039,Zone_9,2.59,13.62,50.28,UPI,2023-07-30,0,-0.9859496452375054,-1.2710720146594736,3.9373008126124147,1.2781522025001875,3.690528417449187,14.0,19.413127413127416,24,Male,Chennai,190.0,14,4.2,4.837142857142857,2.674,1034,0.07368421052631578,,,,,,,
T00135,R0233,Zone_9,12.52,86.28,309.0,Credit Card,2024-01-13,1,2.0392372353455963,0.959935247585255,5.736572297479192,2.604170070614818,9.288702815786497,86.0,24.680511182108628,30,Other,Hyderabad,469.0,41,4.37,12.752857142857142,3.520767590618337,1029,0.08742004264392324,,,,,,,
T00136,R0009,Zone_3,14.0,100.64,155.38,Credit Card,2023-03-17,0,0.24297406050338813,1.2924519392390514,5.052288942696368,2.70805020110221,10.031948963187562,101.0,11.098571428571429,42,Female,Ahmedabad,172.0,21,4.11,9.268571428571429,5.327848837209302,2468,0.12209302325581395,Zone_3,12971.0,2.11,38.0,Business,High,2.0
T00137,R0003,Zone_10,8.81,55.8,71.01,UPI,2023-01-25,0,-0.7435558448568323,0.12639678404769794,4.276804998260776,2.2834022735772717,7.469939758793239,56.0,8.060158910329172,34,Male,Pune,45.0,9,3.76,6.768000000000001,21.593555555555557,1232,0.2,,,,,,,
T00138,R0132,Zone_1,0.2,1.98,3.5,Wallet,2023-12-18,0,-1.5329434697337851,-1.8080415369922938,1.5040773967762742,0.18232155679395465,1.407124727947029,2.0,17.5,23,Male,Surat,484.0,25,3.32,6.309090909090909,2.2556404958677687,1378,0.05165289256198347,Zone_1,4921.0,2.43,30.9,Residential,High,2.0
T00139,R0053,Zone_7,16.93,85.55,323.75,UPI,2023-03-09,0,2.21170749852046,1.9507451193374457,5.783055655550709,2.8864752876170416,9.249324299644812,86.0,19.122858830478442,45,Female,Delhi,63.0,7,4.85,11.0,11.318095238095237,2558,0.1111111111111111,,,,,,,
T00140,R0101,Zone_2,9.55,63.77,164.23,Credit Card,2024-07-18,0,0.3464562184083063,0.2926551298745962,5.1073384426629,2.3561258599220753,7.985612061701971,64.0,17.196858638743453,37,Female,Delhi,228.0,29,3.03,9.058,2.9445614035087715,2146,0.12719298245614036,Zone_2,6371.0,0.91,58.4,Residential,Low,0.0
T00141,R0112,Zone_4,13.85,137.6,135.59,Cash,2023-08-24,0,0.011571585369113405,1.2587509231930585,4.9169837380148005,2.6979998652487085,11.730302638892145,138.0,9.789891696750903,41,Female,Delhi,311.0,11,3.24,8.953,3.6986173633440513,2134,0.03536977491961415,Zone_4,4038.0,2.46,48.2,Business,High,2.0
T00142,R0277,Zone_8,5.25,37.61,93.01,Cash,2023-02-11,0,-0.48631206249432374,-0.6734406634438665,4.543401159590459,1.8325814637483102,6.132699242584786,38.0,17.716190476190476,42,Female,Jaipur,433.0,16,3.06,9.658888888888889,3.2397228637413393,2064,0.03695150115473441,,,,,,,
T00143,R0278,Zone_1,6.01,35.02,140.33,Cash,2024-01-21,1,0.06699592756903583,-0.502688848810836,4.9510975813800595,1.9473377010464987,5.917769850205397,35.0,23.349417637271216,20,Female,Mumbai,382.0,58,4.27,10.838888888888889,5.546492146596859,1841,0.1518324607329843,Zone_1,4921.0,2.43,30.9,Residential,High,2.0
T00144,R0227,Zone_2,8.55,47.24,140.57,Credit Card,2023-05-11,0,0.0698022233766266,0.06798168956797701,4.952794294406406,2.256541154492639,6.8731361109758335,47.0,16.440935672514616,25,Other,Pune,320.0,23,4.12,5.664,1.58815625,2259,0.071875,Zone_2,6371.0,0.91,58.4,Residential,Low,0.0
T00145,R0182,Zone_6,13.57,111.94,176.46,UPI,2023-09-26,0,0.4894603756034647,1.1958423599072052,5.178745231407191,2.6789646202071133,10.580170130957253,112.0,13.003684598378777,43,Male,Jaipur,8.0,0,4.4,9.906,104.47625,2178,0.0,,,,,,,
T00146,R0288,Zone_2,8.71,64.91,143.0,Wallet,2024-07-17,0,0.0982159684284856,0.1039294400170361,4.969813299576001,2.2731562823032334,8.056674251823763,65.0,16.41791044776119,42,Male,Ahmedabad,43.0,5,4.56,6.51,18.50232558139535,1844,0.11627906976744186,Zone_2,6371.0,0.91,58.4,Residential,Low,0.0
T00147,R0043,Zone_6,1.72,11.0,28.33,Wallet,2023-08-04,0,-1.2426087826400993,-1.4665379077262324,3.3786108829893595,1.000631880307906,3.3166247903554,11.0,16.47093023255814,28,Male,Ahmedabad,85.0,16,4.68,7.462222222222222,10.147058823529411,1742,0.18823529411764706,,,,,,,
T00148,R0162,Zone_3,9.31,67.23,101.61,Credit Card,2023-06-10,0,-0.38575312938897954,0.23873350420100756,4.630935393874117,2.333114298028869,8.19939022122987,67.0,10.9140708915145,30,Male,Hyderabad,394.0,38,4.28,8.855,2.3779187817258887,1130,0.09644670050761421,Zone_3,12971.0,2.11,38.0,Business,High,2.0
T00149,R0232,Zone_4,16.15,114.77,160.8,Credit Card,2023-09-24,0,0.30634957415815184,1.7754998358982825,5.086361004624392,2.8419981736119486,10.713076122197583,115.0,9.956656346749227,38,Male,Jaipur,172.0,15,3.94,7.169230769230769,8.667674418604651,1379,0.0872093023255814,Zone_4,4038.0,2.46,48.2,Business,High,2.0
T00150,R0240,Zone_9,8.33,48.26,75.22,Wallet,2023-06-12,0,-0.694328739232007,0.018553532700520636,4.333623895445714,2.2332350148592526,6.9469417731833625,48.0,9.03001200480192,30,Male,Delhi,174.0,2,4.07,11.515,7.0199425287356325,2313,0.011494252873563218,,,,,,,
T00151,R0260,Zone_6,8.65,81.15,195.04,Wallet,2023-05-30,0,0.7067144427078014,0.09044903359863884,5.278318720041347,2.2669579153508947,9.008329478876759,81.0,22.547976878612715,55,Other,Mumbai,63.0,3,4.24,6.298333333333333,10.94063492063492,2619,0.047619047619047616,,,,,,,
T00152,R0238,Zone_7,1.69,9.88,31.89,UPI,2023-01-25,0,-1.200982061494166,-1.473278110935431,3.4931686602009657,0.9895411936137477,3.1432467291003423,10.0,18.869822485207102,30,Other,Pune,362.0,56,4.91,6.454999999999999,1.6299171270718231,2705,0.15469613259668508,,,,,,,
T00153,R0252,Zone_10,0.99,7.74,20.96,UPI,2023-02-06,0,-1.3287854497315394,-1.6305495191500643,3.08922261664133,0.688134638736401,2.7820855486487113,8.0,21.171717171717173,38,Other,Ahmedabad,392.0,47,4.83,6.275625,4.290943877551021,2185,0.11989795918367346,,,,,,,
T00154,R0096,Zone_8,4.8100000000000005,27.53,43.26,UPI,2023-05-01,0,-1.0680337976095424,-0.7722969771787789,3.7900813346229034,1.75958057086382,5.246903848937962,28.0,8.993762993762992,40,Female,Kolkata,121.0,3,4.46,5.482,2.933471074380165,2455,0.024793388429752067,,,,,,,
T00155,R0134,Zone_3,6.37,46.88,146.78,Cash,2024-01-08,0,0.1424151273980439,-0.421806410300453,4.995724681360501,1.9974177062012453,6.846897107449476,47.0,23.042386185243327,34,Male,Jaipur,410.0,29,4.59,7.974285714285714,2.644878048780488,1510,0.07073170731707316,Zone_3,12971.0,2.11,38.0,Business,High,2.0
T00156,R0272,Zone_10,8.52,83.6,139.92,Cash,2023-02-14,0,0.062201838897734237,0.06124148635877817,4.948192353473037,2.253394848803274,9.143303560529969,84.0,16.422535211267604,21,Male,Kolkata,432.0,4,4.79,5.755714285714285,1.6012962962962962,2437,0.009259259259259259,,,,,,,
T00157,R0191,Zone_3,8.83,65.91,137.29,Wallet,2023-02-01,0,0.03144951400621621,0.13089025285383024,4.929352929476567,2.285438934159075,8.118497397917917,66.0,15.548131370328425,33,Other,Surat,87.0,6,4.56,7.5609090909090915,15.227701149425286,2225,0.06896551724137931,Zone_3,12971.0,2.11,38.0,Business,High,2.0
T00158,R0193,Zone_4,16.01,120.0,245.9,Cash,2024-03-14,0,1.3014152959331284,1.7440455542553566,5.508983396351134,2.8338014064077703,10.954451150103322,120.0,15.359150530918175,33,Female,Chennai,389.0,68,4.41,8.012857142857143,2.5851928020565555,1718,0.17480719794344474,Zone_4,4038.0,2.46,48.2,Business,High,2.0
T00159,R0156,Zone_9,8.29,54.53,194.79,Wallet,2024-02-27,1,0.7037912179082274,0.00956659508825566,5.277042656269182,2.2289385528257473,7.384443106964803,55.0,23.496984318455972,33,Female,Jaipur,255.0,18,4.28,8.06,1.8989411764705884,1533,0.07058823529411765,,,,,,,
T00160,R0284,Zone_6,13.32,86.84,297.22,Wallet,2023-07-04,0,1.9014948827896716,1.1396739998305505,5.697831469162762,2.6616571615324998,9.318798205777396,87.0,22.313813813813816,28,Female,Surat,135.0,19,4.95,8.70142857142857,7.306148148148148,2605,0.14074074074074075,,,,,,,
T00161,R0052,Zone_9,7.8,77.99,101.69,UPI,2023-11-24,0,-0.3848176974531159,-0.1005233906619876,4.631714741210204,2.174751721484161,8.831194709664146,78.0,13.037179487179488,23,Other,Hyderabad,40.0,7,4.74,10.196666666666667,12.866499999999998,2018,0.175,,,,,,,
T00162,R0040,Zone_8,15.24,117.92,127.82,Credit Card,2023-11-05,0,-0.07928224140164544,1.5710470052192593,4.858416081118745,2.787477334733532,10.859097568398582,118.0,8.387139107611548,34,Other,Surat,485.0,36,4.41,8.045,2.352061855670103,1231,0.07422680412371134,,,,,,,
T00163,R0200,Zone_2,1.35,10.81,33.27,Cash,2023-12-31,1,-1.1848458606005177,-1.5496670806396815,3.5342703358865175,0.8544153281560676,3.2878564445547194,11.0,24.644444444444446,30,Other,Bengaluru,443.0,87,3.6,9.9925,1.1048532731376977,1767,0.1963882618510158,Zone_2,6371.0,0.91,58.4,Residential,Low,0.0
T00164,R0098,Zone_9,5.01,36.18,75.78,Wallet,2023-01-26,0,-0.6877807156809612,-0.7273622891174552,4.340944189572651,1.7934247485471162,6.014981296729027,36.0,15.125748502994012,21,Other,Bengaluru,286.0,56,3.5,8.85875,3.7473776223776225,1237,0.1958041958041958,,,,,,,
T00165,R0055,Zone_3,12.92,113.26,307.72,Wallet,2024-04-22,1,2.024270324371778,1.0498046237079028,5.7324347172293635,2.6333266549062735,10.64236815751081,113.0,23.817337461300312,32,Male,Delhi,425.0,12,4.19,8.9625,2.610729411764706,1775,0.02823529411764706,Zone_3,12971.0,2.11,38.0,Business,High,2.0
T00166,R0230,Zone_8,7.14,50.26,122.74,Cash,2023-02-24,0,-0.13868216932898833,-0.2488078612643563,4.818182590102842,2.096790180014449,7.089428749906441,50.0,17.19047619047619,32,Male,Chennai,183.0,23,3.65,7.3325,4.962950819672131,1395,0.12568306010928962,,,,,,,
T00167,R0287,Zone_9,12.66,78.42,300.95,UPI,2024-03-27,1,1.9451093967993145,0.9913895292281818,5.71026144075391,2.614471854142644,8.855506761332183,78.0,23.77172195892575,18,Other,Delhi,320.0,34,3.33,6.713333333333334,2.3166874999999996,1735,0.10625,,,,,,,
T00168,R0131,Zone_9,9.93,63.88,156.99,Cash,2024-01-19,0,0.26179962821264463,0.3780310371911113,5.062531739884758,2.391511302188447,7.992496481075234,64.0,15.809667673716014,24,Male,Surat,99.0,7,3.6,5.394,4.396262626262627,2522,0.0707070707070707,,,,,,,
T00169,R0043,Zone_1,12.73,83.5,211.73,Wallet,2024-03-09,0,0.901868930327359,1.0071166700496452,5.360023755984015,2.6195832197798796,9.137833441248533,84.0,16.632364493322857,28,Male,Ahmedabad,85.0,16,4.68,7.462222222222222,10.147058823529411,1742,0.18823529411764706,Zone_1,4921.0,2.43,30.9,Residential,High,2.0
T00170,R0120,Zone_10,11.07,101.93,252.84,Wallet,2024-08-05,0,1.3825640163693016,0.6341587591406573,5.53670414727494,2.4907230351094403,10.09603882718366,102.0,22.84010840108401,18,Other,Surat,311.0,15,4.55,8.525,3.260289389067524,2258,0.04823151125401929,,,,,,,
T00171,R0279,Zone_7,11.37,105.02,253.41,Credit Card,2023-10-17,0,1.38922896891233,0.7015607912326428,5.5389471388695215,2.5152741864043966,10.24792661956554,105.0,22.28759894459103,25,Other,Pune,454.0,84,3.73,8.309999999999999,1.5398017621145372,1610,0.18502202643171806,,,,,,,
T00172,R0084,Zone_9,15.46,79.01,340.61,Cash,2023-07-23,0,2.408849779003728,1.6204751620867157,5.8336697354906235,2.800933195248924,8.888756943465156,79.0,22.03169469598965,38,Male,Jaipur,366.0,6,4.67,9.3625,3.923060109289618,2615,0.01639344262295082,,,,,,,
T00173,R0015,Zone_7,12.93,82.38,257.06,UPI,2023-08-31,0,1.43190805098611,1.052051358110969,5.5531921160237,2.6340447877917144,9.076342875850383,82.0,19.880897138437742,28,Other,Chennai,46.0,1,3.87,6.0,12.996739130434783,1368,0.021739130434782608,,,,,,,
T00174,R0080,Zone_7,12.97,93.21,158.32,Credit Card,2023-09-23,0,0.2773511841463779,1.0610382957232338,5.070914758313443,2.6369121732688705,9.654532614269838,93.0,12.206630686198919,19,Female,Mumbai,34.0,6,4.6,9.185,24.814117647058826,1951,0.17647058823529413,,,,,,,
T00175,R0300,Zone_2,8.1,68.75,147.3,Wallet,2023-10-02,0,0.14849543498115786,-0.033121358570001876,4.999237249143887,2.2082744135228043,8.2915619758885,69.0,18.185185185185187,38,Female,Kolkata,291.0,7,3.67,9.146666666666667,3.4253264604810996,1167,0.024054982817869417,Zone_2,6371.0,0.91,58.4,Residential,Low,0.0
T00176,R0040,Zone_1,5.09,29.36,48.22,Cash,2023-09-04,0,-1.0100370175859947,-0.7093884138929256,3.89630004496291,1.8066480817218056,5.418486873657627,29.0,9.473477406679764,34,Other,Surat,485.0,36,4.41,8.045,2.352061855670103,1231,0.07422680412371134,Zone_1,4921.0,2.43,30.9,Residential,High,2.0
T00177,R0147,Zone_10,4.7,29.3,99.31,Cash,2023-06-06,0,-0.41264679754505995,-0.7970110556125071,4.608265390895394,1.7404661748405046,5.412947441089743,29.0,21.129787234042553,35,Other,Mumbai,239.0,21,3.91,7.94375,4.272970711297071,1480,0.08786610878661087,,,,,,,
T00178,R0019,Zone_3,11.75,101.41,164.45,Cash,2023-04-26,0,0.3490286562319314,0.7869366985491583,5.1086690343676215,2.545531271604435,10.070253224224304,101.0,13.995744680851063,40,Other,Mumbai,266.0,24,4.08,7.75,2.3796616541353384,1264,0.09022556390977443,Zone_3,12971.0,2.11,38.0,Business,High,2.0
T00179,R0270,Zone_3,4.19,36.56,98.82,Credit Card,2024-01-02,1,-0.41837631815222504,-0.9115945101688828,4.603368564041463,1.6467336971777973,6.04648658313239,37.0,23.584725536992835,35,Male,Hyderabad,455.0,64,3.08,7.38,2.420945054945055,1719,0.14065934065934066,Zone_3,12971.0,2.11,38.0,Business,High,2.0
T00180,R0281,Zone_7,1.46,11.89,33.0,Wallet,2023-05-23,0,-1.1880029433840575,-1.5249530022059534,3.5263605246161616,0.9001613499442714,3.448187929913334,12.0,22.602739726027398,21,Female,Jaipur,268.0,17,4.74,7.626,2.050858208955224,2163,0.06343283582089553,,,,,,,
T00181,R0057,Zone_10,3.18,19.42,75.71,Credit Card,2024-03-09,1,-0.6885992186248421,-1.1385146848785683,4.3400320779712045,1.430311246536665,4.406812907306141,19.0,23.808176100628927,39,Male,Bengaluru,407.0,11,3.66,7.716923076923076,3.9414742014742012,1201,0.02702702702702703,,,,,,,
T00182,R0051,Zone_8,6.76,49.58,154.69,Credit Card,2023-07-18,0,0.23490596005656403,-0.33418376858087157,5.047866850701583,2.048982334195127,7.041306696913578,50.0,22.88313609467456,21,Male,Kolkata,213.0,14,4.02,5.918,5.169107981220657,2356,0.06572769953051644,,,,,,,
T00183,R0023,Zone_7,5.16,48.34,100.06,Credit Card,2024-03-11,0,-0.40387712314633806,-0.6936612730714622,4.615714399863762,1.8180767775454285,6.952697318307479,48.0,19.391472868217054,24,Other,Jaipur,176.0,32,3.21,8.11375,6.793295454545454,2535,0.18181818181818182,,,,,,,
T00184,R0125,Zone_7,14.29,104.09,309.14,Wallet,2023-09-12,0,2.0408742412333574,1.3576072369279708,5.737023808436003,2.727199019940971,10.202450685987166,104.0,21.633310006997903,44,Male,Ahmedabad,99.0,19,3.89,9.295,11.28040404040404,1244,0.1919191919191919,,,,,,,
T00185,R0103,Zone_4,11.0,74.86,89.96,UPI,2023-03-08,0,-0.5219754050491262,0.6184316183191939,4.510419849442281,2.4849066497880004,8.652167358529306,75.0,8.178181818181818,37,Other,Surat,175.0,14,3.07,7.936666666666667,7.065371428571429,1393,0.08,Zone_4,4038.0,2.46,48.2,Business,High,2.0
T00186,R0222,Zone_6,17.92,173.85,213.11,Wallet,2024-07-25,0,0.9180051312210076,2.173171825240999,5.366489901651086,2.9402195636237325,13.185218997043622,174.0,11.892299107142858,27,Male,Surat,475.0,12,3.44,9.88125,2.7908000000000004,1481,0.02526315789473684,,,,,,,
T00187,R0282,Zone_9,13.31,103.62,240.96,Wallet,2024-05-01,0,1.243652373893547,1.1374272654274844,5.488772423238713,2.6609585935683597,10.179390944452424,104.0,18.10368144252442,22,Other,Bengaluru,319.0,3,4.47,10.318888888888889,4.387931034482759,1599,0.009404388714733543,,,,,,,
T00188,R0050,Zone_1,13.15,88.72,164.35,UPI,2024-08-14,0,0.34785936631210185,1.1014795149784253,5.108064439427801,2.649714624089247,9.419129471453294,89.0,12.498098859315588,49,Male,Ahmedabad,330.0,41,3.42,8.585714285714285,2.775181818181818,1442,0.12424242424242424,Zone_1,4921.0,2.43,30.9,Residential,High,2.0
T00189,R0076,Zone_10,19.25,97.76,276.55,Cash,2024-06-21,0,1.659802656360896,2.4719875008488024,5.626001097136171,3.0081547935525483,9.88736567544662,98.0,14.366233766233767,40,Male,Bengaluru,137.0,13,3.34,11.354,6.3124817518248175,1719,0.0948905109489051,,,,,,,
T00190,R0115,Zone_6,5.15,36.77,125.32,UPI,2023-12-02,1,-0.10851448939738506,-0.6959080074745284,4.838818369947386,1.8164520818184267,6.063827174318213,37.0,24.33398058252427,40,Female,Bengaluru,170.0,15,4.4,7.58909090909091,8.388058823529413,2391,0.08823529411764706,,,,,,,
T00191,R0272,Zone_9,0.48,4.4,11.34,UPI,2024-07-01,1,-1.4412711400191456,-1.74513297370644,2.5128460184772416,0.3920420877760237,2.0976176963403033,4.0,23.625,21,Male,Kolkata,432.0,4,4.79,5.755714285714285,1.6012962962962962,2437,0.009259259259259259,,,,,,,
T00192,R0110,Zone_2,6.84,51.48,83.3,Cash,2023-03-24,0,-0.5998501137097765,-0.31620989335634203,4.4343818650078095,2.0592388343623163,7.174956445860839,51.0,12.178362573099415,19,Female,Kolkata,224.0,28,4.43,8.502857142857144,4.217366071428571,1321,0.125,Zone_2,6371.0,0.91,58.4,Residential,Low,0.0
T00193,R0158,Zone_7,3.88,31.14,76.98,Cash,2023-10-18,0,-0.6737492366430062,-0.9812432766639348,4.356452383554451,1.5851452198650557,5.580322571321482,31.0,19.840206185567013,27,Male,Ahmedabad,441.0,60,3.57,6.365,0.8727210884353742,2244,0.1360544217687075,,,,,,,
T00194,R0189,Zone_10,6.72,37.27,98.74,Credit Card,2023-07-09,0,-0.4193117500880887,-0.34317070619313633,4.602566800117977,2.0438143640366846,6.104916051838878,37.0,14.693452380952381,29,Female,Delhi,238.0,42,3.28,9.00375,6.2214285714285715,2558,0.17647058823529413,,,,,,,
T00195,R0223,Zone_9,2.75,20.37,46.02,Wallet,2024-02-05,0,-1.0357613958222456,-1.2351242642104145,3.8505730431119236,1.3217558399823195,4.513313638558703,20.0,16.734545454545454,30,Female,Surat,158.0,10,4.04,7.05,6.248164556962026,2484,0.06329113924050633,,,,,,,
T00196,R0185,Zone_7,10.84,92.85,164.56,UPI,2024-06-22,0,0.3503148751437441,0.5824838678701348,5.109333666880532,2.4714836294558595,9.635870484808313,93.0,15.180811808118081,27,Male,Delhi,201.0,12,4.05,6.247142857142857,3.7018905472636816,1847,0.05970149253731343,,,,,,,
T00197,R0187,Zone_5,10.56,80.12,167.39,Cash,2023-05-24,0,0.38340577987492114,0.5195753045842816,5.126282717622217,2.4475508632442313,8.9509776002401,80.0,15.851325757575756,27,Other,Surat,357.0,38,4.71,10.797142857142857,3.818879551820728,1504,0.10644257703081232,Zone_5,2590.0,1.31,43.9,Business,Medium,1.0
T00198,R0247,Zone_4,7.87,60.68,112.59,UPI,2023-05-13,0,-0.25736509619169107,-0.0847962498405242,4.73259547424333,2.1826747963214883,7.789736837660179,61.0,14.306226175349428,37,Male,Bengaluru,249.0,47,4.92,10.267692307692307,9.587590361445782,1955,0.18875502008032127,Zone_4,4038.0,2.46,48.2,Business,High,2.0
T00199,R0051,Zone_6,9.56,52.34,228.89,UPI,2024-02-02,1,1.1025190805701157,0.29490186427766235,5.4376009336504225,2.3570732782781154,7.234638899074369,52.0,23.94246861924686,21,Male,Kolkata,213.0,14,4.02,5.918,5.169107981220657,2356,0.06572769953051644,,,,,,,
T00200,R0223,Zone_1,7.29,64.81,133.2,Credit Card,2023-05-16,0,-0.016374443714813842,-0.21510684521836335,4.8993312245375815,2.1150499691472033,8.050465825031493,65.0,18.271604938271604,30,Female,Surat,158.0,10,4.04,7.05,6.248164556962026,2484,0.06329113924050633,Zone_1,4921.0,2.43,30.9,Residential,High,2.0
T00201,R0100,Zone_10,11.76,78.75,188.51,UPI,2023-12-12,0,0.6303598109429295,0.7891834329522245,5.244441793578718,2.546315277916644,8.874119674649425,79.0,16.029761904761905,28,Male,Delhi,383.0,60,3.79,8.454166666666667,4.327650130548303,1942,0.1566579634464752,,,,,,,
T00202,R0295,Zone_2,8.35,45.08,97.01,Cash,2024-08-08,0,-0.43954046570114036,0.023047001506652925,4.585069514281089,2.2353763433005955,6.714164132637808,45.0,11.617964071856289,18,Female,Delhi,98.0,18,3.59,4.974444444444444,5.34734693877551,2668,0.1836734693877551,Zone_2,6371.0,0.91,58.4,Residential,Low,0.0
T00203,R0098,Zone_1,6.67,55.29,86.4,Cash,2023-03-21,0,-0.5636021261950593,-0.35440437820846726,4.470495282661489,2.0373166153791646,7.4357245780085215,55.0,12.95352323838081,21,Other,Bengaluru,286.0,56,3.5,8.85875,3.7473776223776225,1237,0.1958041958041958,Zone_1,4921.0,2.43,30.9,Residential,High,2.0
T00204,R0124,Zone_6,12.65,71.89,238.72,Credit Card,2024-02-11,0,1.217460279689364,0.9891427948251157,5.479471575589985,2.613739521630969,8.478797084492587,72.0,18.871146245059286,37,Other,Hyderabad,419.0,25,3.59,8.516,1.5354415274463007,1561,0.059665871121718374,,,,,,,
T00205,R0024,Zone_2,14.3,71.55,222.77,UPI,2024-08-06,0,1.0309585374765455,1.3598539713310374,5.410618738635182,2.72785282839839,8.45872330792301,72.0,15.578321678321679,41,Other,Chennai,140.0,16,3.49,7.7425,3.4135,2626,0.11428571428571428,Zone_2,6371.0,0.91,58.4,Residential,Low,0.0
T00206,R0167,Zone_5,14.69,126.65,200.33,Wallet,2023-06-23,0,0.7685698794667867,1.4474766130506187,5.304945352838257,2.753023566744941,11.253888216967503,127.0,13.637168141592921,44,Male,Hyderabad,117.0,5,4.75,9.187142857142858,9.192735042735043,1484,0.042735042735042736,Zone_5,2590.0,1.31,43.9,Business,Medium,1.0
T00207,R0246,Zone_2,3.05,27.75,62.86,Cash,2024-07-06,0,-0.8388529733229436,-1.1677222321184288,4.156693187286636,1.3987168811184478,5.267826876426369,28.0,20.60983606557377,29,Other,Mumbai,240.0,34,4.79,6.978333333333333,6.460624999999999,1996,0.14166666666666666,Zone_2,6371.0,0.91,58.4,Residential,Low,0.0
T00208,R0287,Zone_5,5.33,52.14,47.6,Cash,2023-09-15,0,-1.0172866150889384,-0.655466788219337,3.883623530906448,1.8453002361560848,7.2208032794142785,52.0,8.930581613508442,18,Other,Delhi,320.0,34,3.33,6.713333333333334,2.3166874999999996,1735,0.10625,Zone_5,2590.0,1.31,43.9,Business,Medium,1.0
T00209,R0284,Zone_7,0.51,2.85,10.2,Wallet,2023-08-11,0,-1.454601045105203,-1.7383927704972417,2.4159137783010487,0.412109650826833,1.6881943016134133,3.0,20.0,28,Female,Surat,135.0,19,4.95,8.70142857142857,7.306148148148148,2605,0.14074074074074075,,,,,,,
T00210,R0065,Zone_10,6.8100000000000005,66.23,169.57,UPI,2024-04-24,1,0.4088963001272062,-0.32295009656554047,5.139145769652782,2.0554049638515948,8.138181615078395,66.0,24.90014684287812,43,Other,Mumbai,180.0,32,4.52,8.173333333333334,2.370611111111111,1177,0.17777777777777778,,,,,,,
T00211,R0092,Zone_10,10.08,81.12,86.38,Wallet,2024-07-11,0,-0.5638359841790254,0.41173205323710427,4.47026642352329,2.405141681319138,9.006664199358163,81.0,8.569444444444445,21,Male,Surat,252.0,23,4.51,11.438,3.415357142857143,2618,0.09126984126984126,,,,,,,
T00212,R0193,Zone_5,7.34,58.06,132.45,Wallet,2023-01-16,0,-0.02514411811353573,-0.20387317320303242,4.8937268758505335,2.1210632163706555,7.619711280619496,58.0,18.044959128065393,33,Female,Chennai,389.0,68,4.41,8.012857142857143,2.5851928020565555,1718,0.17480719794344474,Zone_5,2590.0,1.31,43.9,Business,Medium,1.0
T00213,R0070,Zone_1,17.65,151.29,384.89,Cash,2023-08-14,0,2.926611355504268,2.1125099963582112,5.9555523547587335,2.9258461460898246,12.299999999999999,151.0,21.806798866855527,33,Male,Bengaluru,310.0,6,3.54,12.83,5.56116129032258,1353,0.01935483870967742,Zone_1,4921.0,2.43,30.9,Residential,High,2.0
T00214,R0127,Zone_5,5.97,42.78,71.24,Credit Card,2023-09-04,0,-0.7408664780412245,-0.5116757864231007,4.27999390910873,1.9416152247724325,6.540642170307133,43.0,11.932998324958124,38,Male,Chennai,43.0,2,4.83,7.867777777777778,32.56906976744186,2375,0.046511627906976744,Zone_5,2590.0,1.31,43.9,Business,Medium,1.0
T00215,R0132,Zone_7,2.56,18.78,54.82,Wallet,2023-02-12,0,-0.9328638828772423,-1.2778122178686722,4.022132228108176,1.269760544863939,4.3335897360040905,19.0,21.4140625,23,Male,Surat,484.0,25,3.32,6.309090909090909,2.2556404958677687,1378,0.05165289256198347,,,,,,,
T00216,R0266,Zone_6,10.84,100.15,237.72,Wallet,2023-07-01,0,1.2057673804910682,0.5824838678701348,5.475291317015396,2.4714836294558595,10.007497189607399,100.0,21.929889298892988,29,Other,Chennai,98.0,13,3.9,8.107777777777777,12.729081632653061,2183,0.1326530612244898,,,,,,,
T00217,R0149,Zone_4,8.75,46.78,158.78,Wallet,2023-12-03,0,0.2827299177775941,0.1129163776293007,5.073797869053896,2.277267285009756,6.839590631024637,47.0,18.146285714285714,30,Male,Jaipur,89.0,8,4.57,6.0600000000000005,7.428314606741573,2560,0.0898876404494382,Zone_4,4038.0,2.46,48.2,Business,High,2.0
T00218,R0091,Zone_10,10.75,99.03,209.14,Cash,2023-05-09,0,0.8715843214037727,0.5622632582425391,5.347773975260629,2.463853240590168,9.951381813597546,99.0,19.45488372093023,41,Other,Surat,334.0,43,3.4,7.1257142857142854,2.7054191616766468,1615,0.12874251497005987,,,,,,,
T00219,R0273,Zone_8,9.52,62.91,231.76,UPI,2024-02-09,1,1.136077701269225,0.28591492666539736,5.450007879788469,2.3532782073095637,7.931582439841371,63.0,24.34453781512605,43,Male,Delhi,289.0,48,3.76,12.475,3.313044982698962,1461,0.16608996539792387,,,,,,,
T00220,R0166,Zone_1,9.22,87.28,208.55,Credit Card,2024-04-06,0,0.8646855108767785,0.21851289457341186,5.344962374371081,2.3243465847755584,9.34237657130133,87.0,22.619305856832973,24,Other,Chennai,349.0,63,4.29,10.79,1.7994555873925502,2011,0.18051575931232092,Zone_1,4921.0,2.43,30.9,Residential,High,2.0
T00221,R0270,Zone_1,2.61,18.59,38.99,UPI,2023-10-26,0,-1.1179624771862653,-1.2665785458533414,3.688629422858727,1.2837077723447896,4.31161222746202,19.0,14.938697318007664,35,Male,Hyderabad,455.0,64,3.08,7.38,2.420945054945055,1719,0.14065934065934066,Zone_1,4921.0,2.43,30.9,Residential,High,2.0
T00222,R0283,Zone_1,4.37,22.07,62.46,UPI,2024-03-04,0,-0.8435301330022619,-0.8711532909136914,4.150409786155049,1.6808279085207734,4.697871858618538,22.0,14.292906178489702,19,Male,Surat,245.0,45,3.55,7.9957142857142856,4.135632653061225,1190,0.1836734693877551,Zone_1,4921.0,2.43,30.9,Residential,High,2.0
T00223,R0260,Zone_8,5.05,27.22,67.14,Wallet,2023-06-16,0,-0.7888073647542374,-0.7183753515051904,4.22156441223282,1.80005827204275,5.217278984298233,27.0,13.295049504950496,55,Other,Mumbai,63.0,3,4.24,6.298333333333333,10.94063492063492,2619,0.047619047619047616,,,,,,,
T00224,R0084,Zone_1,6.26,43.28,123.04,Cash,2023-03-13,0,-0.13517429956949945,-0.4465204887341812,4.820604094232248,1.9823798288367047,6.5787536813594105,43.0,19.65495207667732,38,Male,Jaipur,366.0,6,4.67,9.3625,3.923060109289618,2615,0.01639344262295082,Zone_1,4921.0,2.43,30.9,Residential,High,2.0
T00225,R0230,Zone_8,5.76,28.81,115.75,UPI,2024-01-07,0,-0.22041553472507625,-0.5588572088874908,4.760034896549007,1.9110228900548727,5.367494760127856,29.0,20.09548611111111,32,Male,Chennai,183.0,23,3.65,7.3325,4.962950819672131,1395,0.12568306010928962,,,,,,,
T00226,R0282,Zone_8,10.06,93.03,113.24,UPI,2023-08-30,0,-0.24976471171279888,0.40723858443097194,4.738301498591274,2.403334996094189,9.645206063117573,93.0,11.256461232604373,22,Other,Bengaluru,319.0,3,4.47,10.318888888888889,4.387931034482759,1599,0.009404388714733543,,,,,,,
T00227,R0067,Zone_6,11.0,56.68,274.82,UPI,2023-07-18,1,1.639573940747844,0.6184316183191939,5.619748479046192,2.4849066497880004,7.528612089887485,57.0,24.983636363636364,32,Male,Pune,348.0,9,3.38,8.697692307692307,5.302212643678161,1516,0.02586206896551724,,,,,,,
T00228,R0139,Zone_9,2.34,21.45,50.18,UPI,2023-12-16,0,-0.9871189351573348,-1.3272403747361285,3.935348830731643,1.205970806988609,4.631414470763764,21.0,21.444444444444446,44,Other,Kolkata,155.0,7,4.39,7.365,6.466,1074,0.04516129032258064,,,,,,,
T00229,R0202,Zone_2,11.43,101.31,137.08,Cash,2024-05-27,0,0.028994005174574324,0.7150411976510401,4.9278332273351175,2.5201129055226197,10.065286881157437,101.0,11.99300087489064,27,Male,Ahmedabad,317.0,0,4.72,9.2125,2.86794952681388,1785,0.0,Zone_2,6371.0,0.91,58.4,Residential,Low,0.0
T00230,R0040,Zone_5,10.93,60.73,105.22,UPI,2023-08-23,0,-0.3435417632831315,0.6027044774977305,4.665512414994253,2.4790562361098245,7.792945527847606,61.0,9.626715462031108,34,Other,Surat,485.0,36,4.41,8.045,2.352061855670103,1231,0.07422680412371134,Zone_5,2590.0,1.31,43.9,Business,Medium,1.0
T00231,R0026,Zone_5,10.33,93.77,103.48,Cash,2023-08-22,0,-0.36388740788816626,0.46790041331375903,4.648995665528121,2.427454075039915,9.683491106000975,94.0,10.017424975798646,26,Female,Surat,44.0,5,3.17,8.81,22.11795454545455,2344,0.11363636363636363,Zone_5,2590.0,1.31,43.9,Business,Medium,1.0
T00232,R0263,Zone_8,0.91,5.48,15.01,Wallet,2023-09-17,0,-1.3983581999613999,-1.6485233943745938,2.773213527008623,0.6471032420585384,2.340939982143925,5.0,16.494505494505493,31,Other,Chennai,297.0,21,3.84,8.718333333333332,5.2110101010101015,2087,0.0707070707070707,,,,,,,
T00233,R0089,Zone_2,10.2,86.91,111.34,Cash,2023-12-14,0,-0.2719812201895609,0.4386928660738984,4.721529987104287,2.4159137783010487,9.322553298319082,87.0,10.915686274509804,48,Other,Surat,308.0,6,3.91,9.981111111111112,4.595941558441559,1457,0.01948051948051948,Zone_2,6371.0,0.91,58.4,Residential,Low,0.0
T00234,R0169,Zone_6,8.41,64.65,179.19,Cash,2024-03-02,0,0.5213819904148123,0.03652740792505019,5.194011849738723,2.2417729535972883,8.040522371090077,65.0,21.306777645659928,32,Male,Delhi,497.0,81,4.19,10.058571428571428,2.841871227364185,1304,0.16297786720321933,,,,,,,
T00235,R0133,Zone_7,12.8,120.24,107.26,Cash,2023-09-22,0,-0.3196882489186079,1.0228438108711086,4.6845357413688316,2.624668592163159,10.965400129498239,120.0,8.3796875,25,Female,Delhi,155.0,11,4.4,7.21,5.272709677419355,2623,0.07096774193548387,,,,,,,
T00236,R0067,Zone_2,16.92,98.41,247.24,UPI,2023-08-31,0,1.317083780858845,1.94849838493438,5.514396020140125,2.8859174075467844,9.920181449953423,98.0,14.612293144208037,32,Male,Pune,348.0,9,3.38,8.697692307692307,5.302212643678161,1516,0.02586206896551724,Zone_2,6371.0,0.91,58.4,Residential,Low,0.0
T00237,R0176,Zone_8,15.94,123.81,128.13,Cash,2023-12-22,0,-0.07565744265017371,1.7283184134338927,4.86081964885856,2.8296776892239084,11.126994203287786,124.0,8.038268506900879,43,Male,Mumbai,260.0,13,3.95,15.176666666666664,6.3002692307692305,2673,0.05,,,,,,,
T00238,R0073,Zone_4,8.56,81.63,170.79,Credit Card,2023-12-27,0,0.4231616371491271,0.07022842397104315,5.1462728006383545,2.25758772706331,9.034932207825358,82.0,19.952102803738317,41,Other,Ahmedabad,490.0,30,3.01,8.734444444444444,2.6034693877551023,1916,0.061224489795918366,Zone_4,4038.0,2.46,48.2,Business,High,2.0
T00239,R0121,Zone_1,7.99,55.69,194.69,UPI,2024-07-22,1,0.702621927988398,-0.05783543700372986,5.276531774476115,2.196112848483529,7.462573282722254,56.0,24.36670838548185,29,Male,Pune,378.0,10,4.17,7.996363636363636,3.8740211640211637,1162,0.026455026455026454,Zone_1,4921.0,2.43,30.9,Residential,High,2.0
T00240,R0062,Zone_8,11.16,77.6,131.63,Credit Card,2023-03-19,0,-0.03473229545613824,0.654379368768253,4.887563296506261,2.498151876538021,8.809086218218097,78.0,11.794802867383511,38,Male,Jaipur,57.0,3,3.58,9.435714285714285,15.605438596491227,2684,0.05263157894736842,,,,,,,
T00241,R0057,Zone_2,2.42,24.09,30.44,UPI,2023-09-24,0,-1.217936765331695,-1.309266499511599,3.448080967561006,1.2296405510745139,4.90815647672321,24.0,12.578512396694215,39,Male,Bengaluru,407.0,11,3.66,7.716923076923076,3.9414742014742012,1201,0.02702702702702703,Zone_2,6371.0,0.91,58.4,Residential,Low,0.0
T00242,R0252,Zone_2,0.75,4.34,7.02,UPI,2024-02-08,0,-1.4917844645557838,-1.684471144823653,2.081938421878423,0.5596157879354227,2.083266665599966,4.0,9.36,38,Other,Ahmedabad,392.0,47,4.83,6.275625,4.290943877551021,2185,0.11989795918367346,Zone_2,6371.0,0.91,58.4,Residential,Low,0.0
T00243,R0162,Zone_2,5.64,46.77,85.06,UPI,2023-12-22,0,-0.5792706111207758,-0.5858180217242851,4.455044727410454,1.8931119634883424,6.838859554048468,47.0,15.081560283687944,30,Male,Hyderabad,394.0,38,4.28,8.855,2.3779187817258887,1130,0.09644670050761421,Zone_2,6371.0,0.91,58.4,Residential,Low,0.0
T00244,R0076,Zone_1,14.1,117.87,299.16,UPI,2023-09-25,0,1.9241791072343655,1.3149192832697134,5.70431566581786,2.714694743820879,10.85679510721281,118.0,21.217021276595748,40,Male,Bengaluru,137.0,13,3.34,11.354,6.3124817518248175,1719,0.0948905109489051,Zone_1,4921.0,2.43,30.9,Residential,High,2.0
T00245,R0202,Zone_4,6.34,58.22,58.89,UPI,2023-01-25,0,-0.8852737831401781,-0.4285466135096516,4.092509546276371,1.9933388426264242,7.630203142774116,58.0,9.288643533123029,27,Male,Ahmedabad,317.0,0,4.72,9.2125,2.86794952681388,1785,0.0,Zone_4,4038.0,2.46,48.2,Business,High,2.0
T00246,R0157,Zone_8,15.51,145.17,288.59,Credit Card,2023-12-16,0,1.8005851627083778,1.6317088341020465,5.668466129528634,2.8039662579320366,12.04865137681392,145.0,18.6067053513862,36,Female,Hyderabad,319.0,27,4.65,11.39,5.880658307210031,1759,0.08463949843260188,,,,,,,
T00247,R0056,Zone_1,5.94,56.15,62.89,Cash,2023-03-13,0,-0.8385021863469947,-0.5184159896322992,4.157162854614252,1.937301774518713,7.493330367733695,56.0,10.587542087542086,40,Other,Hyderabad,93.0,13,3.25,7.357777777777778,9.976236559139785,2029,0.13978494623655913,Zone_1,4921.0,2.43,30.9,Residential,High,2.0
T00248,R0011,Zone_7,0.06,0.36,0.71,Cash,2023-10-12,0,-1.5655666584970305,-1.8394958186352202,0.5364933705145685,0.05826890812397577,0.6,0.0,11.833333333333334,26,Male,Chennai,208.0,34,4.0,8.896,7.842403846153845,2347,0.16346153846153846,,,,,,,
T00249,R0082,Zone_5,7.38,41.21,121.67,Cash,2023-09-12,0,-0.1511935714711648,-0.19488623559076765,4.80949782304466,2.1258479144939915,6.419501538281613,41.0,16.486449864498645,26,Other,Pune,274.0,23,3.15,8.206666666666667,1.0863503649635036,1360,0.08394160583941605,Zone_5,2590.0,1.31,43.9,Business,Medium,1.0
T00250,R0019,Zone_2,12.44,100.53,277.71,Wallet,2023-10-23,0,1.673366419430919,0.9419613723607254,5.630171814719692,2.5982353350950036,10.026464980241043,101.0,22.323954983922828,40,Other,Mumbai,266.0,24,4.08,7.75,2.3796616541353384,1264,0.09022556390977443,Zone_2,6371.0,0.91,58.4,Residential,Low,0.0
T00251,R0098,Zone_8,7.65,60.38,105.72,Credit Card,2024-01-16,0,-0.3376953136839836,-0.13422440670798036,4.670208582167313,2.157559320943788,7.770456872024965,60.0,13.819607843137254,21,Other,Bengaluru,286.0,56,3.5,8.85875,3.7473776223776225,1237,0.1958041958041958,,,,,,,
T00252,R0095,Zone_9,7.52,46.67,157.71,Credit Card,2024-04-18,0,0.2702185156354176,-0.16343195394784105,5.067078637519467,2.1424163408412245,6.831544481301428,47.0,20.972074468085108,29,Female,Chennai,481.0,77,4.26,8.826923076923077,4.085571725571726,2171,0.1600831600831601,,,,,,,
T00253,R0183,Zone_2,7.39,49.26,151.29,UPI,2024-05-18,0,0.1951501027823581,-0.1926395011877015,5.0257865978636,2.127040520479115,7.018546858146634,49.0,20.472259810554803,43,Other,Jaipur,406.0,66,3.79,7.2225,2.0964039408866997,1482,0.1625615763546798,Zone_2,6371.0,0.91,58.4,Residential,Low,0.0
T00254,R0199,Zone_5,0.81,7.51,9.48,Wallet,2023-12-30,0,-1.463019932527976,-1.6709907384052558,2.349468678892896,0.5933268452777344,2.7404379212089442,8.0,11.703703703703704,29,Male,Ahmedabad,344.0,27,3.91,8.515,4.652616279069767,1871,0.07848837209302326,Zone_5,2590.0,1.31,43.9,Business,Medium,1.0
T00255,R0189,Zone_3,13.79,108.02,332.1,Credit Card,2023-11-18,1,2.3093432068262305,1.2452705167746614,5.808442745199634,2.6939512767227085,10.393267051317405,108.0,24.082668600435102,29,Female,Delhi,238.0,42,3.28,9.00375,6.2214285714285715,2558,0.17647058823529413,Zone_3,12971.0,2.11,38.0,Business,High,2.0
T00256,R0089,Zone_9,4.59,37.26,55.71,UPI,2024-02-14,0,-0.9224572025907588,-0.8217251340462353,4.037950562025936,1.7209792871670078,6.104096984812741,37.0,12.137254901960786,48,Other,Surat,308.0,6,3.91,9.981111111111112,4.595941558441559,1457,0.01948051948051948,,,,,,,
T00257,R0248,Zone_5,13.45,76.93,208.47,Wallet,2023-06-24,0,0.8637500789409147,1.1688815470704108,5.344580531017675,2.670694414558441,8.770974860299168,77.0,15.499628252788105,18,Female,Chennai,104.0,12,3.65,8.245714285714286,9.03519230769231,1789,0.11538461538461539,Zone_5,2590.0,1.31,43.9,Business,Medium,1.0
T00258,R0036,Zone_5,7.65,72.54,96.95,Credit Card,2024-07-05,0,-0.44024203965303815,-0.13422440670798036,4.58445714439055,2.157559320943788,8.517041739947034,73.0,12.673202614379084,30,Female,Surat,177.0,15,4.9,9.31,5.884293785310734,1646,0.0847457627118644,Zone_5,2590.0,1.31,43.9,Business,Medium,1.0
T00259,R0277,Zone_8,13.34,120.48,265.12,Credit Card,2024-04-28,0,1.5261528185243745,1.1441674686366827,5.583947334873687,2.663052835171474,10.976338187209794,120.0,19.874062968515744,42,Female,Jaipur,433.0,16,3.06,9.658888888888889,3.2397228637413393,2064,0.03695150115473441,,,,,,,
T00260,R0030,Zone_8,9.72,89.48,187.93,UPI,2024-01-22,0,0.6235779294079181,0.3308496147267215,5.2413765760852264,2.372111155642656,9.459386872308373,89.0,19.334362139917694,25,Other,Mumbai,442.0,58,3.72,7.368181818181818,3.581809954751131,2078,0.13122171945701358,,,,,,,
T00261,R0297,Zone_7,7.47,64.32,112.52,UPI,2023-03-15,0,-0.2581835991355719,-0.17466562596317195,4.731979032851787,2.136530508663963,8.019975062305368,64.0,15.062918340026775,47,Male,Pune,396.0,46,3.87,5.93,1.0166161616161615,1093,0.11616161616161616,,,,,,,
T00262,R0258,Zone_4,9.13,74.19,153.15,Wallet,2023-10-21,0,0.21689889529118853,0.19829228494581616,5.037926154332159,2.315501318260592,8.613361713059541,74.0,16.774370208105147,32,Female,Jaipur,313.0,39,3.76,5.846000000000001,1.5953674121405752,2423,0.12460063897763578,Zone_4,4038.0,2.46,48.2,Business,High,2.0
T00263,R0171,Zone_5,0.64,4.35,8.82,UPI,2024-04-14,0,-1.4707372459988513,-1.7091852232573812,2.2844211223663744,0.49469624183610705,2.085665361461421,4.0,13.78125,23,Female,Jaipur,276.0,19,4.3,3.0300000000000002,0.518550724637681,2684,0.06884057971014493,Zone_5,2590.0,1.31,43.9,Business,Medium,1.0
T00264,R0194,Zone_8,8.03,50.32,196.06,Wallet,2023-08-26,1,0.7186411998900633,-0.04884849939146529,5.283508250894329,2.200552367428894,7.093659140387279,50.0,24.415940224159403,30,Other,Jaipur,10.0,2,4.06,7.2683333333333335,68.455,1315,0.2,,,,,,,
T00265,R0247,Zone_10,16.58,92.71,367.35,Cash,2023-02-15,0,2.721517903566159,1.8721094152301287,5.909033573128823,2.866761892257031,9.628603221651622,93.0,22.156212303980702,37,Male,Bengaluru,249.0,47,4.92,10.267692307692307,9.587590361445782,1955,0.18875502008032127,,,,,,,
T00266,R0029,Zone_7,14.54,94.52,264.43,Wallet,2023-08-18,0,1.5180847180775505,1.4137755970046257,5.581351152435311,2.7434173449395014,9.722139682189306,95.0,18.186382393397526,30,Male,Surat,4.0,0,3.69,9.961666666666666,290.62,1516,0.0,,,,,,,
T00267,R0276,Zone_3,3.07,28.47,50.2,Cash,2023-07-26,0,-0.986885077173369,-1.1632287633122964,3.9357395320454622,1.4036429994545037,5.33572862878164,28.0,16.351791530944627,26,Other,Chennai,196.0,1,3.63,5.083333333333333,2.5521428571428575,1410,0.00510204081632653,Zone_3,12971.0,2.11,38.0,Business,High,2.0
T00268,R0181,Zone_9,10.53,91.09,114.62,Wallet,2023-09-16,0,-0.2336285108191505,0.5128351013750827,4.75030895165433,2.4449523342809676,9.544108130150246,91.0,10.885090218423553,32,Male,Hyderabad,349.0,32,3.75,9.889999999999999,1.329484240687679,2808,0.09169054441260745,,,,,,,
T00269,R0234,Zone_7,9.24,82.63,141.91,Credit Card,2023-08-09,0,0.08547070830234309,0.22300636337954416,4.962215061493703,2.3263016196113617,9.090104509850258,83.0,15.358225108225108,32,Other,Pune,183.0,31,3.98,7.051111111111111,6.222677595628415,1386,0.16939890710382513,,,,,,,
T00270,R0129,Zone_4,12.09,107.4,169.03,Credit Card,2023-05-25,0,0.40258213456012654,0.8633256682534088,5.135974892069394,2.5718485799218085,10.363397126425292,107.0,13.980976013234079,35,Male,Hyderabad,158.0,10,3.9,8.17090909090909,9.54620253164557,1440,0.06329113924050633,Zone_4,4038.0,2.46,48.2,Business,High,2.0
T00271,R0186,Zone_9,8.47,61.46,150.05,Wallet,2023-11-14,0,0.18065090777647144,0.050007814343447456,5.017610907832681,2.248128907197987,7.839642849007856,61.0,17.71546635182999,18,Other,Hyderabad,373.0,19,3.26,9.797142857142857,2.5169436997319035,2106,0.05093833780160858,,,,,,,
T00272,R0268,Zone_5,6.83,55.86,110.21,Credit Card,2024-06-12,0,-0.2851941962836353,-0.3184566277594082,4.71142030583075,2.057962510002712,7.473954776421918,56.0,16.136163982430453,34,Male,Chennai,10.0,0,4.6,8.504,72.60799999999999,1432,0.0,Zone_5,2590.0,1.31,43.9,Business,Medium,1.0
T00273,R0157,Zone_9,14.65,125.74,288.9,UPI,2023-03-18,0,1.8042099614598495,1.438489675438354,5.66953603592761,2.750470916986162,11.21338485917611,126.0,19.72013651877133,36,Female,Hyderabad,319.0,27,4.65,11.39,5.880658307210031,1759,0.08463949843260188,,,,,,,
T00274,R0088,Zone_10,9.08,47.12,207.15,Credit Card,2023-11-08,0,0.8483154519991642,0.18705861293048504,5.3382589736409845,2.3105532626432224,6.864400920692205,47.0,22.81387665198238,22,Other,Jaipur,438.0,0,4.78,7.78125,2.0405479452054793,2629,0.0,,,,,,,
T00275,R0018,Zone_7,14.28,111.85,278.59,Cash,2024-07-03,0,1.6836561707254192,1.3553605025249047,5.633324244340946,2.7265447837383743,10.575916035975323,112.0,19.509103641456583,49,Female,Delhi,446.0,86,3.29,9.031666666666666,2.3415470852017934,1347,0.19282511210762332,,,,,,,
T00276,R0099,Zone_3,12.87,123.91,270.61,Wallet,2024-03-13,0,1.5903468351230188,1.0385709516925716,5.604367213857996,2.6297282343267403,11.131486872830601,124.0,21.02641802641803,35,Other,Mumbai,80.0,8,3.7,7.707777777777778,16.033250000000002,1853,0.1,Zone_3,12971.0,2.11,38.0,Business,High,2.0
T00277,R0250,Zone_10,6.38,48.44,91.22,Wallet,2023-09-27,0,-0.5072423520592734,-0.41955967589738685,4.52417702677856,1.998773638612381,6.959885056522126,48.0,14.297805642633229,34,Female,Jaipur,163.0,31,4.63,8.368888888888888,6.91601226993865,2054,0.1901840490797546,,,,,,,
T00278,R0045,Zone_6,7.16,58.69,62.36,Credit Card,2023-02-02,0,-0.8446994229220915,-0.2443143924582238,4.14883274750617,2.0992441689760155,7.6609398901179215,59.0,8.70949720670391,34,Other,Ahmedabad,100.0,16,4.88,9.725555555555555,15.298499999999999,1163,0.16,,,,,,,
T00279,R0254,Zone_2,17.65,102.86,180.18,UPI,2023-02-16,0,0.5329579606211253,2.1125099963582112,5.1994910122411415,2.9258461460898246,10.14199191480648,103.0,10.208498583569407,18,Male,Delhi,363.0,70,3.68,11.767142857142858,3.346005509641873,2383,0.1928374655647383,Zone_2,6371.0,0.91,58.4,Residential,Low,0.0
T00280,R0006,Zone_8,8.96,56.76,197.75,Cash,2023-02-04,0,0.7384021995351833,0.1600978000936909,5.292047753534441,2.298577071596507,7.533923280734945,57.0,22.070312499999996,45,Female,Jaipur,248.0,13,4.64,9.034285714285714,4.417056451612903,1175,0.05241935483870968,,,,,,,
T00281,R0173,Zone_3,4.21,33.25,38.42,UPI,2023-07-13,0,-1.1246274297292942,-0.9071010413627505,3.674273301724574,1.6505798557652755,5.766281297335398,33.0,9.125890736342043,26,Other,Mumbai,389.0,55,4.28,7.148571428571429,2.2145758354755785,2437,0.14138817480719795,Zone_3,12971.0,2.11,38.0,Business,High,2.0
T00282,R0234,Zone_8,2.0,17.63,21.3,Wallet,2024-01-11,0,-1.324809864004119,-1.403629344440379,3.104586678466073,1.0986122886681098,4.198809355043403,18.0,10.65,32,Other,Pune,183.0,31,3.98,7.051111111111111,6.222677595628415,1386,0.16939890710382513,,,,,,,
T00283,R0232,Zone_2,12.87,74.19,128.37,Credit Card,2024-03-24,0,-0.0728511468425826,1.0385709516925716,4.86267651592981,2.6297282343267403,8.613361713059541,74.0,9.974358974358974,38,Male,Jaipur,172.0,15,3.94,7.169230769230769,8.667674418604651,1379,0.0872093023255814,Zone_2,6371.0,0.91,58.4,Residential,Low,0.0
T00284,R0129,Zone_1,8.8,75.07,115.67,Wallet,2024-01-03,0,-0.2213509666609399,0.1241500496446318,4.759349436835766,2.2823823856765264,8.664294547163086,75.0,13.14431818181818,35,Male,Hyderabad,158.0,10,3.9,8.17090909090909,9.54620253164557,1440,0.06329113924050633,Zone_1,4921.0,2.43,30.9,Residential,High,2.0
T00285,R0133,Zone_9,4.04,28.1,81.2,Credit Card,2024-06-12,0,-0.6244052020261978,-0.9452955262148758,4.409155302062135,1.6174060820832772,5.300943312279429,28.0,20.0990099009901,25,Female,Delhi,155.0,11,4.4,7.21,5.272709677419355,2623,0.07096774193548387,,,,,,,
T00286,R0127,Zone_4,11.37,66.58,179.05,Credit Card,2024-08-23,0,0.519744984527051,0.7015607912326428,5.193234590094884,2.5152741864043966,8.15965685553014,67.0,15.747581354441515,38,Male,Chennai,43.0,2,4.83,7.867777777777778,32.56906976744186,2375,0.046511627906976744,Zone_4,4038.0,2.46,48.2,Business,High,2.0
T00287,R0237,Zone_5,8.8,81.48,147.6,Credit Card,2023-09-02,0,0.15200330474064644,0.1241500496446318,5.001258132283659,2.2823823856765264,9.026627277117406,81.0,16.77272727272727,40,Male,Chennai,36.0,3,3.71,9.737,49.20527777777777,1374,0.08333333333333333,Zone_5,2590.0,1.31,43.9,Business,Medium,1.0
T00288,R0180,Zone_2,0.30000000000000004,2.4,6.82,Credit Card,2024-01-07,0,-1.494123044395443,-1.7855741929616316,2.05668455455722,0.26236426446749106,1.5491933384829668,2.0,22.73333333333333,33,Male,Hyderabad,44.0,4,4.53,1.8833333333333335,1.929318181818182,2480,0.09090909090909091,Zone_2,6371.0,0.91,58.4,Residential,Low,0.0
T00289,R0277,Zone_1,10.94,104.91,138.1,Credit Card,2024-08-15,0,0.04092076235683588,0.6049512119007966,4.935193098929397,2.479894107964456,10.24255827418131,105.0,12.623400365630713,42,Female,Jaipur,433.0,16,3.06,9.658888888888889,3.2397228637413393,2064,0.03695150115473441,Zone_1,4921.0,2.43,30.9,Residential,High,2.0
T00290,R0068,Zone_1,14.67,124.27,256.47,Wallet,2024-04-21,0,1.4250092404591157,1.4429831442444865,5.550903208462204,2.7517480563679295,11.147645491313401,124.0,17.482617586912067,30,Female,Ahmedabad,456.0,70,4.97,7.977777777777778,2.4136622807017547,1478,0.15350877192982457,Zone_1,4921.0,2.43,30.9,Residential,High,2.0
T00291,R0169,Zone_10,20.8,164.64,379.11,UPI,2023-02-18,0,2.859026398138118,2.8202313333240623,5.940460684515219,3.0819099697950434,12.831211945876351,165.0,18.22644230769231,32,Male,Delhi,497.0,81,4.19,10.058571428571428,2.841871227364185,1304,0.16297786720321933,,,,,,,
T00292,R0190,Zone_4,8.17,66.73,198.59,Cash,2024-08-05,1,0.7482242348617518,-0.017394217748538467,5.2962652624219055,2.2159372862683733,8.16884324736373,67.0,24.307221542227662,35,Other,Surat,274.0,47,4.12,7.776666666666666,4.08,2183,0.17153284671532848,Zone_4,4038.0,2.46,48.2,Business,High,2.0
T00293,R0109,Zone_10,9.16,66.29,213.82,UPI,2023-05-12,1,0.9263070896517974,0.2050324881550146,5.369800468169901,2.318458442150336,8.141867107733951,66.0,23.342794759825328,35,Female,Delhi,62.0,5,3.35,10.81,11.13532258064516,1398,0.08064516129032258,,,,,,,
T00294,R0094,Zone_6,16.03,147.85,146.27,Wallet,2023-01-12,0,0.13645174880691313,1.7485390230614888,4.992267636738071,2.834976494674597,12.159358535712318,148.0,9.124766063630693,41,Other,Delhi,480.0,62,4.87,7.953333333333333,1.5570833333333334,1253,0.12916666666666668,,,,,,,
T00295,R0229,Zone_1,8.84,79.58,96.2,Wallet,2023-04-08,0,-0.44901171405176005,0.13313698725689638,4.576770711466393,2.286455711064162,8.920762299265686,80.0,10.882352941176471,22,Female,Mumbai,146.0,16,4.43,7.736,4.715753424657534,2124,0.1095890410958904,Zone_1,4921.0,2.43,30.9,Residential,High,2.0
T00296,R0084,Zone_5,9.38,67.84,183.0,Cash,2023-12-18,0,0.5659319363603195,0.25446064502247095,5.214935757608986,2.3398808777377424,8.2365041127896,68.0,19.50959488272921,38,Male,Jaipur,366.0,6,4.67,9.3625,3.923060109289618,2615,0.01639344262295082,Zone_5,2590.0,1.31,43.9,Business,Medium,1.0
T00297,R0013,Zone_7,4.85,41.88,92.68,Wallet,2023-12-07,0,-0.49017071922976135,-0.7633100395665143,4.539884719289462,1.766441661243765,6.471475874945375,42.0,19.109278350515467,43,Female,Kolkata,6.0,0,3.91,8.945555555555556,238.80666666666664,2726,0.0,,,,,,,
T00298,R0222,Zone_10,1.03,6.71,22.09,Wallet,2023-08-10,0,-1.3155724736374652,-1.6215625815377996,3.139399623366404,0.708035793053696,2.5903667693977237,7.0,21.446601941747574,27,Male,Surat,475.0,12,3.44,9.88125,2.7908000000000004,1481,0.02526315789473684,,,,,,,
T00299,R0110,Zone_3,12.56,73.2,187.1,Wallet,2023-12-07,0,0.6138728230733324,0.9689221851975199,5.236973736306985,2.6071242825122494,8.555699854482976,73.0,14.896496815286623,19,Female,Kolkata,224.0,28,4.43,8.502857142857144,4.217366071428571,1321,0.125,Zone_3,12971.0,2.11,38.0,Business,High,2.0
T00300,R0030,Zone_10,1.63,9.91,36.07,UPI,2023-09-08,0,-1.1521057428452894,-1.486758517353828,3.612808017162641,0.9669838461896731,3.1480152477394387,10.0,22.12883435582822,25,Other,Mumbai,442.0,58,3.72,7.368181818181818,3.581809954751131,2078,0.13122171945701358,,,,,,,
T00301,R0037,Zone_10,13.7,92.43,300.6,Wallet,2024-01-21,0,1.9410168820799114,1.2250499071470655,5.709101636133801,2.6878474937846906,9.614052215377239,92.0,21.941605839416063,32,Other,Ahmedabad,489.0,6,3.36,9.76125,2.6884662576687117,2126,0.012269938650306749,,,,,,,
T00302,R0191,Zone_8,4.06,26.03,73.11,Credit Card,2023-05-07,0,-0.7190007565404112,-0.9408020574087435,4.305550475963267,1.6213664832993742,5.101960407529639,26.0,18.007389162561577,33,Other,Surat,87.0,6,4.56,7.5609090909090915,15.227701149425286,2225,0.06896551724137931,,,,,,,
T00303,R0047,Zone_2,9.33,90.48,95.23,Cash,2024-01-23,0,-0.460353826274107,0.24322697300713983,4.566741159368309,2.3350522831315472,9.512097560475292,90.0,10.206859592711684,51,Female,Bengaluru,69.0,3,4.86,8.89,16.592318840579708,1806,0.043478260869565216,Zone_2,6371.0,0.91,58.4,Residential,Low,0.0
T00304,R0153,Zone_4,6.14,51.22,62.16,Cash,2023-06-15,0,-0.8470380027617508,-0.4734813015709755,4.145671189387441,1.965712776351493,7.1568149340331555,51.0,10.123778501628664,20,Male,Mumbai,76.0,14,4.54,5.768,6.065131578947368,2327,0.18421052631578946,Zone_4,4038.0,2.46,48.2,Business,High,2.0
T00305,R0037,Zone_6,13.87,104.8,212.4,UPI,2023-05-15,0,0.9097031727902175,1.263244391999191,5.363168338867653,2.6993457604720636,10.237187113655782,105.0,15.313626532083635,32,Other,Ahmedabad,489.0,6,3.36,9.76125,2.6884662576687117,2126,0.012269938650306749,,,,,,,
T00306,R0164,Zone_10,9.5,52.89,128.05,UPI,2024-01-14,0,-0.0765928745860372,0.2814214578592651,4.860199926164623,2.3513752571634776,7.2725511342306834,53.0,13.478947368421053,37,Other,Ahmedabad,249.0,23,4.02,8.356666666666667,7.062208835341366,1534,0.09236947791164658,,,,,,,
T00307,R0090,Zone_4,17.8,146.74,435.5,Wallet,2024-03-08,1,3.5183889839300213,2.146211012404205,6.0787883752796565,2.9338568698359038,12.113628688382354,147.0,24.46629213483146,33,Female,Mumbai,152.0,25,4.51,10.813,12.998355263157896,2055,0.16447368421052633,Zone_4,4038.0,2.46,48.2,Business,High,2.0
T00308,R0074,Zone_3,2.58,22.59,36.36,Credit Card,2023-04-16,0,-1.1487148020777835,-1.2733187490625397,3.620600613360642,1.275362800412609,4.752893855326458,23.0,14.093023255813954,23,Male,Kolkata,199.0,22,4.89,6.598571428571428,4.106884422110553,1102,0.11055276381909548,Zone_3,12971.0,2.11,38.0,Business,High,2.0
T00309,R0080,Zone_4,10.07,64.41,162.79,Wallet,2023-01-19,0,0.3296184435627603,0.4094853188340381,5.098585119494288,2.4042387467205457,8.025584090893322,64.0,16.165839126117177,19,Female,Mumbai,34.0,6,4.6,9.185,24.814117647058826,1951,0.17647058823529413,Zone_4,4038.0,2.46,48.2,Business,High,2.0
T00310,R0004,Zone_5,8.24,60.17,80.25,UPI,2024-07-23,0,-0.6355134562645788,-0.0016670769270750606,4.3975308212098465,2.2235418856535927,7.756932383358772,60.0,9.739077669902912,19,Other,Kolkata,464.0,5,3.19,6.201666666666667,1.4720474137931034,2608,0.010775862068965518,Zone_5,2590.0,1.31,43.9,Business,Medium,1.0
T00311,R0007,Zone_1,9.4,56.5,111.17,Credit Card,2023-06-17,0,-0.2739690130532712,0.2589541138286032,4.720015577657132,2.341805806147327,7.516648189186454,56.0,11.826595744680851,18,Female,Mumbai,458.0,82,4.03,6.603333333333334,1.3033187772925765,2001,0.17903930131004367,Zone_1,4921.0,2.43,30.9,Residential,High,2.0
T00312,R0027,Zone_5,15.98,118.94,161.91,Cash,2023-02-26,0,0.31932869226826005,1.7373053510461576,5.093197901078078,2.8320361808832013,10.90596167240652,119.0,10.132040050062578,39,Male,Jaipur,403.0,61,3.98,7.22875,2.050620347394541,2539,0.1513647642679901,Zone_5,2590.0,1.31,43.9,Business,Medium,1.0
T00313,R0017,Zone_8,10.93,83.99,142.44,UPI,2023-12-01,0,0.0916679448774399,0.6027044774977305,4.965916829296877,2.4790562361098245,9.164605828948673,84.0,13.032021957913999,49,Female,Mumbai,288.0,21,3.83,7.997142857142857,2.820520833333333,1279,0.07291666666666667,,,,,,,
T00314,R0173,Zone_3,2.26,18.32,40.95,UPI,2023-06-22,0,-1.0950443947576056,-1.345214249960658,3.7364784329132155,1.1817271953786161,4.280186911806539,18.0,18.119469026548675,26,Other,Mumbai,389.0,55,4.28,7.148571428571429,2.2145758354755785,2437,0.14138817480719795,Zone_3,12971.0,2.11,38.0,Business,High,2.0
T00315,R0080,Zone_5,10.67,101.39,221.3,Cash,2023-08-25,0,1.0137699756550507,0.5442893830180096,5.404027820970151,2.4570214462984645,10.069260151570223,101.0,20.740393626991565,19,Female,Mumbai,34.0,6,4.6,9.185,24.814117647058826,1951,0.17647058823529413,Zone_5,2590.0,1.31,43.9,Business,Medium,1.0
T00316,R0212,Zone_1,5.92,31.63,94.3,UPI,2024-05-05,0,-0.4712282225285222,-0.5229094584384317,4.557029810660157,1.9344157696295783,5.624055476255546,32.0,15.929054054054054,36,Female,Ahmedabad,73.0,12,3.22,8.368571428571428,16.18246575342466,1102,0.1643835616438356,Zone_1,4921.0,2.43,30.9,Residential,High,2.0
T00317,R0113,Zone_4,5.63,55.52,108.99,Wallet,2024-08-23,0,-0.29945953330555625,-0.5880647561273512,4.700389452569025,1.891604804197771,7.451174404078864,56.0,19.358792184724688,26,Other,Chennai,423.0,26,4.61,6.8775,2.591702127659574,2749,0.061465721040189124,Zone_4,4038.0,2.46,48.2,Business,High,2.0
T00318,R0102,Zone_8,13.23,79.32,207.3,Wallet,2023-08-18,0,0.8500693868789088,1.1194533902029549,5.3389793482669266,2.655352412101761,8.906177631284926,79.0,15.668934240362812,18,Female,Chennai,123.0,22,4.1,8.9575,3.9292682926829268,1223,0.17886178861788618,,,,,,,
T00319,R0178,Zone_2,4.99,39.38,106.51,Cash,2023-12-24,0,-0.3284579233173298,-0.7318557579235875,4.6775838664971365,1.7900914121273581,6.275348595894893,39.0,21.344689378757515,27,Male,Delhi,56.0,7,3.13,9.037142857142857,18.581071428571427,1951,0.125,Zone_2,6371.0,0.91,58.4,Residential,Low,0.0
T00320,R0294,Zone_6,6.1,41.42,74.02,UPI,2023-01-15,0,-0.708360218269962,-0.4824682391832403,4.317754744653741,1.9600947840472698,6.435837163881635,41.0,12.134426229508197,24,Male,Surat,41.0,7,3.2,8.097142857142858,20.37560975609756,1994,0.17073170731707318,,,,,,,
T00321,R0040,Zone_7,8.16,74.12,71.85,Credit Card,2024-02-03,0,-0.733733809530264,-0.019640952151604614,4.288402532641213,2.214846178686039,8.609297300012354,74.0,8.805147058823529,34,Other,Surat,485.0,36,4.41,8.045,2.352061855670103,1231,0.07422680412371134,,,,,,,
T00322,R0094,Zone_7,12.73,115.69,253.21,UPI,2023-07-11,0,1.386890389072671,1.0071166700496452,5.53816069708466,2.6195832197798796,10.75592859775482,116.0,19.89080911233307,41,Other,Delhi,480.0,62,4.87,7.953333333333333,1.5570833333333334,1253,0.12916666666666668,,,,,,,
T00323,R0150,Zone_7,10.91,87.34,95.48,Cash,2024-04-17,0,-0.457430601474533,0.5982110086915982,4.5693357329788755,2.477378383367209,9.34558719396486,87.0,8.75160403299725,33,Male,Pune,215.0,16,4.95,7.922857142857143,3.506232558139535,1663,0.07441860465116279,,,,,,,
T00324,R0074,Zone_2,6.83,40.8,78.43,Cash,2023-11-03,0,-0.6567945328054772,-0.3184566277594082,4.374876130645041,2.057962510002712,6.387487769068525,41.0,11.483162518301611,23,Male,Kolkata,199.0,22,4.89,6.598571428571428,4.106884422110553,1102,0.11055276381909548,Zone_2,6371.0,0.91,58.4,Residential,Low,0.0
T00325,R0075,Zone_6,6.64,33.91,133.09,UPI,2024-02-28,0,-0.017660662626626213,-0.3611445814176659,4.898511216291551,2.033397603178429,5.823229344616267,34.0,20.043674698795183,18,Female,Mumbai,108.0,7,4.83,11.7875,6.526018518518519,1966,0.06481481481481481,,,,,,,
T00326,R0038,Zone_3,2.2,17.29,35.33,UPI,2024-06-10,0,-1.1607584882520283,-1.3586946563790552,3.5926438462331105,1.1631508098056809,4.158124577258358,17.0,16.05909090909091,37,Other,Kolkata,68.0,7,4.07,5.946,6.673970588235294,1314,0.10294117647058823,Zone_3,12971.0,2.11,38.0,Business,High,2.0
T00327,R0059,Zone_8,4.2,31.26,68.6,Wallet,2023-11-23,0,-0.7717357319247256,-0.9093477757658167,4.242764567340374,1.6486586255873816,5.591064299397745,31.0,16.333333333333332,43,Male,Delhi,357.0,11,3.27,8.75,1.4979831932773109,1872,0.03081232492997199,,,,,,,
T00328,R0096,Zone_9,4.73,37.52,89.79,UPI,2023-08-10,0,-0.5239631979128364,-0.7902708524033084,4.508549147383666,1.7457155307266483,6.125357132445422,38.0,18.983086680761097,40,Female,Kolkata,121.0,3,4.46,5.482,2.933471074380165,2455,0.024793388429752067,,,,,,,
T00329,R0195,Zone_7,7.25,40.59,150.9,Credit Card,2024-07-06,0,0.19058987209502284,-0.2240937828306281,5.023222409601727,2.1102132003465894,6.371028174478591,41.0,20.813793103448276,33,Male,Kolkata,72.0,10,4.97,7.813333333333334,14.502361111111112,1939,0.1388888888888889,,,,,,,
T00330,R0233,Zone_8,17.93,155.66,164.79,Cash,2023-08-01,0,0.35300424195935204,2.175418559644065,5.110721927251374,2.9407479652212314,12.476377679438851,156.0,9.19074177356386,30,Other,Hyderabad,469.0,41,4.37,12.752857142857142,3.520767590618337,1029,0.08742004264392324,,,,,,,
T00331,R0014,Zone_5,4.62,33.69,68.83,Credit Card,2023-07-22,0,-0.7690463651091174,-0.8149849308370366,4.246063716857944,1.7263316639055997,5.80430874437258,34.0,14.898268398268398,26,Female,Ahmedabad,325.0,53,3.0,7.031666666666666,2.710769230769231,1927,0.16307692307692306,Zone_5,2590.0,1.31,43.9,Business,Medium,1.0
T00332,R0067,Zone_3,6.52,63.41,59.94,UPI,2023-06-29,0,-0.8729962389819675,-0.3881053942544602,4.109889773557563,2.017566137961748,7.963039620647382,63.0,9.193251533742332,32,Male,Pune,348.0,9,3.38,8.697692307692307,5.302212643678161,1516,0.02586206896551724,Zone_3,12971.0,2.11,38.0,Business,High,2.0
T00333,R0256,Zone_3,2.26,18.78,22.4,Credit Card,2024-07-21,0,-1.3119476748859935,-1.345214249960658,3.152736022363656,1.1817271953786161,4.3335897360040905,19.0,9.91150442477876,31,Female,Delhi,265.0,8,3.65,6.908333333333334,2.8445283018867924,2002,0.03018867924528302,Zone_3,12971.0,2.11,38.0,Business,High,2.0
T00334,R0178,Zone_10,11.0,61.05,200.36,Cash,2024-01-27,0,0.7689206664427356,0.6184316183191939,5.30509435082706,2.4849066497880004,7.813449942247022,61.0,18.214545454545455,27,Male,Delhi,56.0,7,3.13,9.037142857142857,18.581071428571427,1951,0.125,,,,,,,
T00335,R0170,Zone_2,0.11,1.02,1.76,UPI,2024-05-14,0,-1.55328911433882,-1.8282621466198894,1.0152306797290584,0.10436001532424277,1.0099504938362078,1.0,16.0,29,Other,Bengaluru,28.0,3,3.68,7.644285714285714,33.65,2311,0.10714285714285714,Zone_2,6371.0,0.91,58.4,Residential,Low,0.0
T00336,R0224,Zone_2,3.47,17.54,72.48,Cash,2023-01-08,0,-0.7263672830353375,-1.0733593871896485,4.297013260346925,1.4973884086254776,4.188078318274385,18.0,20.887608069164266,29,Female,Ahmedabad,200.0,1,4.31,5.958571428571429,2.5707,2235,0.005,Zone_2,6371.0,0.91,58.4,Residential,Low,0.0
T00337,R0115,Zone_8,13.21,99.53,292.15,Wallet,2024-05-15,0,1.842211883854311,1.1149599213968227,5.680684423410224,2.6539459421090092,9.976472322419383,100.0,22.11582134746404,40,Female,Bengaluru,170.0,15,4.4,7.58909090909091,8.388058823529413,2391,0.08823529411764706,,,,,,,
T00338,R0136,Zone_1,2.52,16.42,53.39,Cash,2023-02-11,0,-0.9495847287308052,-1.286799155480937,3.9961803134348695,1.2584609896100056,4.052159917870962,16.0,21.186507936507937,34,Male,Hyderabad,339.0,11,3.82,6.715,1.0111799410029498,2798,0.032448377581120944,Zone_1,4921.0,2.43,30.9,Residential,High,2.0
T00339,R0152,Zone_5,8.48,84.12,165.16,UPI,2024-05-08,0,0.35733061466272154,0.0522545487465136,5.112951179567857,2.2491843162669305,9.171695590238482,84.0,19.47641509433962,34,Female,Bengaluru,143.0,24,3.91,9.706,6.395524475524475,1962,0.16783216783216784,Zone_5,2590.0,1.31,43.9,Business,Medium,1.0
T00340,R0223,Zone_1,12.0,90.38,197.57,Wallet,2023-09-14,0,0.7362974776794899,0.8431050586258131,5.2911416827989415,2.5649493574615367,9.506839643120104,90.0,16.464166666666667,30,Female,Surat,158.0,10,4.04,7.05,6.248164556962026,2484,0.06329113924050633,Zone_1,4921.0,2.43,30.9,Residential,High,2.0
T00341,R0054,Zone_5,15.63,117.8,255.15,Cash,2023-08-12,0,1.409574613517365,1.6586696469388411,5.5457632103852115,2.8112082932048366,10.853570840972107,118.0,16.324376199616122,25,Other,Mumbai,267.0,22,3.58,15.63,0.9556179775280899,1905,0.08239700374531835,Zone_5,2590.0,1.31,43.9,Business,Medium,1.0
T00342,R0105,Zone_5,3.4,31.54,36.83,Credit Card,2023-02-12,0,-1.1432191394545845,-1.089086528011112,3.6331024386449378,1.4816045409242156,5.616048432839588,32.0,10.83235294117647,31,Female,Jaipur,346.0,9,3.69,7.933333333333334,3.7604624277456646,2180,0.02601156069364162,Zone_5,2590.0,1.31,43.9,Business,Medium,1.0
T00343,R0232,Zone_7,4.88,42.08,121.38,UPI,2024-06-08,1,-0.15458451223867067,-0.7565698363573157,4.807130958034395,1.7715567619105355,6.486909896090742,42.0,24.87295081967213,38,Male,Jaipur,172.0,15,3.94,7.169230769230769,8.667674418604651,1379,0.0872093023255814,,,,,,,
T00344,R0036,Zone_8,17.02,161.82,174.34,Cash,2023-08-24,0,0.4646714293030775,1.9709657289650415,5.1667269461604395,2.8914822521801917,12.720849028268514,162.0,10.243243243243244,30,Female,Surat,177.0,15,4.9,9.31,5.884293785310734,1646,0.0847457627118644,,,,,,,
T00345,R0174,Zone_9,7.87,67.67,133.1,Cash,2023-01-22,0,-0.01754373363464336,-0.0847962498405242,4.898585790287632,2.1826747963214883,8.226177727231525,68.0,16.912325285895808,32,Male,Kolkata,320.0,7,3.8,8.877142857142857,2.88059375,2779,0.021875,,,,,,,
T00346,R0051,Zone_1,4.32,22.26,93.22,Credit Card,2023-05-04,0,-0.4838565536626817,-0.8823869629290223,4.545632473271895,1.6714733033535532,4.71805044483418,22.0,21.578703703703702,21,Male,Kolkata,213.0,14,4.02,5.918,5.169107981220657,2356,0.06572769953051644,Zone_1,4921.0,2.43,30.9,Residential,High,2.0
T00347,R0140,Zone_4,4.41,35.96,40.09,UPI,2023-02-08,0,-1.10510028806814,-0.8621663533014267,3.7157647828953184,1.6882490928583902,5.99666574022598,36.0,9.090702947845806,29,Female,Delhi,499.0,45,4.92,6.962000000000001,1.3617835671342684,2344,0.09018036072144289,Zone_4,4038.0,2.46,48.2,Business,High,2.0
T00348,R0155,Zone_3,3.14,26.64,33.21,Wallet,2023-06-30,0,-1.1855474345524155,-1.147501622490833,3.5325179989895132,1.420695787837223,5.1613951602255765,27.0,10.576433121019107,23,Male,Hyderabad,353.0,8,3.14,7.61375,2.639405099150142,2776,0.0226628895184136,Zone_3,12971.0,2.11,38.0,Business,High,2.0
T00349,R0018,Zone_9,5.8,30.14,46.49,Wallet,2023-04-28,0,-1.0302657331990466,-0.549870271275226,3.8605191625610304,1.916922612182061,5.489990892524322,30.0,8.01551724137931,49,Female,Delhi,446.0,86,3.29,9.031666666666666,2.3415470852017934,1347,0.19282511210762332,,,,,,,
T00350,R0184,Zone_1,13.44,90.43,219.56,Cash,2023-10-19,0,0.9934243310500157,1.1666348126673447,5.396169766715541,2.67000213346468,9.509468965194639,90.0,16.336309523809526,29,Female,Surat,285.0,27,3.97,8.645,4.2551578947368425,2388,0.09473684210526316,Zone_1,4921.0,2.43,30.9,Residential,High,2.0
T00351,R0278,Zone_7,12.44,86.85,295.14,UPI,2024-05-17,1,1.8771736524572156,0.9419613723607254,5.690832315480573,2.5982353350950036,9.31933474020544,87.0,23.72508038585209,20,Female,Mumbai,382.0,58,4.27,10.838888888888889,5.546492146596859,1841,0.1518324607329843,,,,,,,
T00352,R0190,Zone_1,2.13,11.74,23.56,Wallet,2024-07-31,0,-1.2983839118159703,-1.3744217972005184,3.2011191032789417,1.1410330045520618,3.4263683398023628,12.0,11.061032863849766,35,Other,Surat,274.0,47,4.12,7.776666666666666,4.08,2183,0.17153284671532848,Zone_1,4921.0,2.43,30.9,Residential,High,2.0
T00353,R0066,Zone_1,9.07,47.59,170.17,Credit Card,2023-06-11,0,0.4159120396461836,0.1848118785274189,5.142657214707572,2.309560706730471,6.898550572402873,48.0,18.761852260198456,38,Female,Bengaluru,167.0,28,4.72,10.6175,3.449940119760479,1567,0.16766467065868262,Zone_1,4921.0,2.43,30.9,Residential,High,2.0
T00354,R0094,Zone_5,5.99,57.23,112.32,Cash,2023-10-03,0,-0.2605221789752311,-0.5071823176169683,4.730215674962316,1.944480556245719,7.565051222562872,57.0,18.751252086811352,41,Other,Delhi,480.0,62,4.87,7.953333333333333,1.5570833333333334,1253,0.12916666666666668,Zone_5,2590.0,1.31,43.9,Business,Medium,1.0
T00355,R0042,Zone_3,11.91,74.32,100.52,Cash,2024-07-01,0,-0.39849838951512206,0.8228844489982174,4.620255823406132,2.558002204858551,8.620904824900922,74.0,8.439966414777498,18,Female,Chennai,23.0,4,3.03,9.232,32.10782608695652,1946,0.17391304347826086,Zone_3,12971.0,2.11,38.0,Business,High,2.0
T00356,R0252,Zone_6,7.22,71.74,179.88,UPI,2023-01-30,1,0.5294500908616364,-0.23083398603982674,5.197833827969714,2.1065702090680882,8.469946871143879,72.0,24.914127423822716,38,Other,Ahmedabad,392.0,47,4.83,6.275625,4.290943877551021,2185,0.11989795918367346,,,,,,,
T00357,R0070,Zone_2,9.86,84.18,174.1,UPI,2023-02-03,0,0.46186513349548636,0.3623038963696479,5.165357239291806,2.3850863145057892,9.174965939991276,84.0,17.657200811359026,33,Male,Bengaluru,310.0,6,3.54,12.83,5.56116129032258,1353,0.01935483870967742,Zone_2,6371.0,0.91,58.4,Residential,Low,0.0
T00358,R0262,Zone_4,7.21,64.54,104.14,UPI,2023-10-29,0,-0.356170094417291,-0.2330807204428929,4.655292795391302,2.105352923464337,8.033679107357974,65.0,14.44382801664355,30,Male,Ahmedabad,6.0,0,3.35,6.624444444444445,161.22666666666666,2706,0.0,Zone_4,4038.0,2.46,48.2,Business,High,2.0
T00359,R0266,Zone_6,2.94,23.28,30.06,UPI,2024-01-22,0,-1.2223800670270475,-1.192436310552157,3.435920817720541,1.3711807233098425,4.824935232725927,23.0,10.224489795918368,29,Other,Chennai,98.0,13,3.9,8.107777777777777,12.729081632653061,2183,0.1326530612244898,,,,,,,
T00360,R0135,Zone_8,8.24,46.06,136.7,Credit Card,2024-08-06,0,0.024550703479221624,-0.0016670769270750606,4.925077405734609,2.2235418856535927,6.786751800382861,46.0,16.589805825242717,38,Female,Ahmedabad,153.0,8,3.47,8.325,6.4845098039215685,1666,0.05228758169934641,,,,,,,
T00361,R0205,Zone_8,1.6400000000000001,12.3,18.88,Credit Card,2024-04-13,0,-1.353106680063995,-1.4845117829507617,2.989714201228428,0.9707789171582248,3.5071355833500366,12.0,11.512195121951217,31,Other,Surat,100.0,14,4.66,6.387499999999999,2.659,2685,0.14,,,,,,,
T00362,R0011,Zone_8,11.74,95.8,271.65,UPI,2024-04-20,1,1.602507450289246,0.7846899641460922,5.60818892137207,2.5447466501440172,9.787747442593725,96.0,23.13884156729131,26,Male,Chennai,208.0,34,4.0,8.896,7.842403846153845,2347,0.16346153846153846,,,,,,,
T00363,R0163,Zone_9,4.6,41.6,101.86,Wallet,2023-01-09,0,-0.3828299045894056,-0.8194783996431692,4.63336884034677,1.7227665977411035,6.44980619863884,42.0,22.143478260869568,33,Other,Ahmedabad,302.0,21,3.56,6.263333333333333,1.0750993377483444,2401,0.0695364238410596,,,,,,,
T00364,R0289,Zone_2,4.97,39.77,98.47,Credit Card,2023-10-20,0,-0.4224688328716285,-0.7363492267297199,4.599856091164322,1.7867469274045107,6.3063460101710245,40.0,19.81287726358149,21,Other,Chennai,322.0,14,4.17,8.26625,3.8337888198757764,1813,0.043478260869565216,Zone_2,6371.0,0.91,58.4,Residential,Low,0.0
T00365,R0025,Zone_6,7.96,43.83,195.74,Credit Card,2024-03-19,1,0.7148994721466086,-0.0645756402129285,5.281883060084612,2.192770226986839,6.620422947214173,44.0,24.590452261306535,21,Female,Mumbai,42.0,3,4.01,9.45,17.129285714285714,1791,0.07142857142857142,,,,,,,
T00366,R0096,Zone_6,10.89,105.07,117.8,Credit Card,2024-01-16,0,-0.1964450913685698,0.5937175398854659,4.777441406928545,2.4756977107026903,10.250365847129554,105.0,10.81726354453627,40,Female,Kolkata,121.0,3,4.46,5.482,2.933471074380165,2455,0.024793388429752067,,,,,,,
T00367,R0289,Zone_2,7.15,66.44,145.31,Credit Card,2024-05-24,0,0.12522656557654904,-0.24656112686128998,4.985727658390071,2.0980179272527715,8.151073548925932,66.0,20.323076923076922,21,Other,Chennai,322.0,14,4.17,8.26625,3.8337888198757764,1813,0.043478260869565216,Zone_2,6371.0,0.91,58.4,Residential,Low,0.0
T00368,R0046,Zone_5,16.21,93.77,326.52,Cash,2024-04-29,0,2.2440968292997394,1.78898024231668,5.791549121912979,2.845490610223448,9.683491106000975,94.0,20.1431215299198,31,Female,Kolkata,31.0,4,3.87,10.0025,41.82,2589,0.12903225806451613,Zone_5,2590.0,1.31,43.9,Business,Medium,1.0
T00369,R0176,Zone_3,16.24,81.44,229.65,Credit Card,2024-07-10,0,1.1114056839608208,1.7957204455258782,5.440901410003829,2.847232265235547,9.024411338142782,81.0,14.14100985221675,43,Male,Mumbai,260.0,13,3.95,15.176666666666664,6.3002692307692305,2673,0.05,Zone_3,12971.0,2.11,38.0,Business,High,2.0
T00370,R0263,Zone_8,16.58,129.55,182.4,UPI,2023-07-30,0,0.5589161968413421,1.8721094152301287,5.211669559822364,2.866761892257031,11.382003338604326,130.0,11.001206272617614,31,Other,Chennai,297.0,21,3.84,8.718333333333332,5.2110101010101015,2087,0.0707070707070707,,,,,,,
T00371,R0122,Zone_2,6.83,37.86,114.4,Wallet,2023-04-09,0,-0.23620094864277558,-0.3184566277594082,4.748404354073999,2.057962510002712,6.153048025166064,38.0,16.749633967789165,27,Female,Kolkata,324.0,17,4.98,8.26,1.0863888888888888,1395,0.05246913580246913,Zone_2,6371.0,0.91,58.4,Residential,Low,0.0
T00372,R0039,Zone_5,0.59,3.19,9.63,UPI,2023-08-02,0,-1.4612659976482316,-1.720418895272712,2.363680192353857,0.4637340162321401,1.786057109949175,3.0,16.322033898305087,24,Male,Chennai,190.0,14,4.2,4.837142857142857,2.674,1034,0.07368421052631578,Zone_5,2590.0,1.31,43.9,Business,Medium,1.0
T00373,R0056,Zone_7,14.1,122.83,199.13,Credit Card,2024-04-20,0,0.7545384004288315,1.3149192832697134,5.2989671553895334,2.714694743820879,11.08286966448672,123.0,14.122695035460993,40,Other,Hyderabad,93.0,13,3.25,7.357777777777778,9.976236559139785,2029,0.13978494623655913,,,,,,,
T00374,R0168,Zone_8,5.92,56.52,144.08,Cash,2023-02-27,1,0.11084429956264526,-0.5229094584384317,4.977285314414702,1.9344157696295783,7.517978451685001,57.0,24.33783783783784,23,Male,Pune,471.0,74,4.03,7.004,1.2087261146496815,2536,0.15711252653927812,,,,,,,
T00375,R0129,Zone_2,8.19,65.45,127.35,Wallet,2023-11-11,0,-0.08477790402484449,-0.012900748942406181,4.854760907317149,2.2181159363675955,8.090117428072352,65.0,15.54945054945055,35,Male,Hyderabad,158.0,10,3.9,8.17090909090909,9.54620253164557,1440,0.06329113924050633,Zone_2,6371.0,0.91,58.4,Residential,Low,0.0
T00376,R0110,Zone_1,11.14,68.08,170.22,Cash,2024-05-07,0,0.41649668460609857,0.6498858999621208,5.142949279314339,2.4965057856313524,8.251060537894507,68.0,15.280071813285456,19,Female,Kolkata,224.0,28,4.43,8.502857142857144,4.217366071428571,1321,0.125,Zone_1,4921.0,2.43,30.9,Residential,High,2.0
T00377,R0197,Zone_4,0.02,0.19,0.25,UPI,2024-03-11,0,-1.5709453921282466,-1.848482756247485,0.22314355131420976,0.019802627296179712,0.43588989435406733,0.0,12.5,29,Female,Bengaluru,475.0,87,3.87,7.108,2.042063157894737,2170,0.1831578947368421,Zone_4,4038.0,2.46,48.2,Business,High,2.0
T00378,R0053,Zone_6,16.15,86.4,233.26,Credit Card,2023-06-30,0,1.1536170500666687,1.7754998358982825,5.4564316096417285,2.8419981736119486,9.2951600308978,86.0,14.443343653250775,45,Female,Delhi,63.0,7,4.85,11.0,11.318095238095237,2558,0.1111111111111111,,,,,,,
T00379,R0288,Zone_5,12.37,74.24,206.15,UPI,2023-04-21,0,0.8366225528008684,0.926234231539262,5.333443168523411,2.5930133911138515,8.616263691415206,74.0,16.665319320937755,42,Male,Ahmedabad,43.0,5,4.56,6.51,18.50232558139535,1844,0.11627906976744186,Zone_5,2590.0,1.31,43.9,Business,Medium,1.0
T00380,R0095,Zone_3,9.76,91.81,107.79,Wallet,2024-06-20,0,-0.3134910123435111,0.339836552338986,4.689419418432991,2.3758355547336385,9.581753492967767,92.0,11.044057377049182,29,Female,Chennai,481.0,77,4.26,8.826923076923077,4.085571725571726,2171,0.1600831600831601,Zone_3,12971.0,2.11,38.0,Business,High,2.0
T00381,R0184,Zone_10,12.45,65.64,223.92,Credit Card,2023-01-16,0,1.0444053715545853,0.9442081067637916,5.415744783424001,2.598979106047848,8.101851640211638,66.0,17.985542168674698,29,Female,Surat,285.0,27,3.97,8.645,4.2551578947368425,2388,0.09473684210526316,,,,,,,
T00382,R0012,Zone_7,10.78,83.18,92.76,UPI,2023-05-25,0,-0.4892352872938977,0.5690034614517375,4.540738325828703,2.4664031782234406,9.120307012376283,83.0,8.604823747680891,31,Female,Hyderabad,248.0,11,3.31,5.822,1.4224193548387096,1702,0.04435483870967742,,,,,,,
T00383,R0195,Zone_6,8.58,81.92,159.71,Credit Card,2023-11-28,0,0.2936043140320093,0.07472189277717543,5.0796014985609785,2.259677591982769,9.050966799187808,82.0,18.614219114219114,33,Male,Kolkata,72.0,10,4.97,7.813333333333334,14.502361111111112,1939,0.1388888888888889,,,,,,,
T00384,R0067,Zone_4,6.46,58.17,128.32,Credit Card,2023-01-28,0,-0.07343579180249753,-0.4015858006728573,4.862289952857232,2.0095554142156695,7.626925986267338,58.0,19.86377708978328,32,Male,Pune,348.0,9,3.38,8.697692307692307,5.302212643678161,1516,0.02586206896551724,Zone_4,4038.0,2.46,48.2,Business,High,2.0
T00385,R0110,Zone_3,4.3,21.99,82.52,Cash,2024-04-30,0,-0.6089705750844473,-0.8868804317351549,4.425086124134329,1.667706820558076,4.689349635077342,22.0,19.190697674418605,19,Female,Kolkata,224.0,28,4.43,8.502857142857144,4.217366071428571,1321,0.125,Zone_3,12971.0,2.11,38.0,Business,High,2.0
T00386,R0009,Zone_2,9.44,90.19,229.79,UPI,2023-08-08,1,1.1130426898485821,0.26794105144086783,5.441508206138953,2.3456445824544927,9.496841580230766,90.0,24.342161016949152,42,Female,Ahmedabad,172.0,21,4.11,9.268571428571429,5.327848837209302,2468,0.12209302325581395,Zone_2,6371.0,0.91,58.4,Residential,Low,0.0
T00387,R0275,Zone_3,9.81,51.13,99.7,Credit Card,2024-03-04,0,-0.40808656685772454,0.3510702243543172,4.612145799724517,2.3804716316511167,7.150524456289903,51.0,10.163098878695209,21,Other,Jaipur,247.0,17,3.07,8.4625,1.3201214574898787,1444,0.06882591093117409,Zone_3,12971.0,2.11,38.0,Business,High,2.0
T00388,R0112,Zone_7,13.42,97.7,132.57,Credit Card,2024-08-07,0,-0.023740970209740173,1.1621413438612123,4.8946256849890135,2.668616131856803,9.884331034521255,98.0,9.87853949329359,41,Female,Delhi,311.0,11,3.24,8.953,3.6986173633440513,2134,0.03536977491961415,,,,,,,
T00389,R0198,Zone_3,9.0,71.82,152.12,Wallet,2023-05-25,0,0.20485520911694377,0.1690847377059555,5.031221927704644,2.302585092994046,8.474668135095321,72.0,16.90222222222222,31,Other,Mumbai,202.0,23,3.85,9.7775,2.9134158415841584,1742,0.11386138613861387,Zone_3,12971.0,2.11,38.0,Business,High,2.0
T00390,R0296,Zone_10,3.73,22.49,81.24,UPI,2024-01-10,0,-0.623937486058266,-1.0149442927099277,4.409641801706855,1.5539252025038417,4.742362280551751,22.0,21.780160857908847,37,Other,Hyderabad,390.0,58,3.97,11.351428571428572,3.3713589743589742,2035,0.14871794871794872,,,,,,,
T00391,R0094,Zone_2,0.12,0.86,1.07,Credit Card,2024-05-15,0,-1.561357214785644,-1.8260154122168233,0.7275486072772778,0.11332868530700317,0.9273618495495703,1.0,8.916666666666668,41,Other,Delhi,480.0,62,4.87,7.953333333333333,1.5570833333333334,1253,0.12916666666666668,Zone_2,6371.0,0.91,58.4,Residential,Low,0.0
T00392,R0014,Zone_1,7.36,66.1,171.59,Wallet,2023-05-07,1,0.4325159565077639,-0.19937970439689995,5.150918839543312,2.1234584270966104,8.130190649671137,66.0,23.313858695652172,26,Female,Ahmedabad,325.0,53,3.0,7.031666666666666,2.710769230769231,1927,0.16307692307692306,Zone_1,4921.0,2.43,30.9,Residential,High,2.0
T00393,R0173,Zone_7,7.86,54.7,159.7,Credit Card,2023-06-03,0,0.29348738504002614,-0.08704298424359033,5.0795392727434665,2.1815467646169897,7.395944834840239,55.0,20.31806615776081,26,Other,Mumbai,389.0,55,4.28,7.148571428571429,2.2145758354755785,2437,0.14138817480719795,,,,,,,
T00394,R0068,Zone_4,7.51,70.61,110.17,Cash,2023-05-28,0,-0.28566191225156706,-0.16567868835090718,4.711060561245524,2.1412419425852827,8.402975663418287,71.0,14.66977363515313,30,Female,Ahmedabad,456.0,70,4.97,7.977777777777778,2.4136622807017547,1478,0.15350877192982457,Zone_4,4038.0,2.46,48.2,Business,High,2.0
T00395,R0051,Zone_9,0.35000000000000003,2.22,3.27,Cash,2024-08-15,0,-1.535632836549393,-1.7743405209463008,1.451613827240533,0.3001045924503381,1.489966442575134,2.0,9.342857142857142,21,Male,Kolkata,213.0,14,4.02,5.918,5.169107981220657,2356,0.06572769953051644,,,,,,,
T00396,R0208,Zone_3,13.37,91.14,196.06,Credit Card,2023-01-22,0,0.7186411998900633,1.1509076718458813,5.283508250894329,2.6651427000909336,9.546727187890099,91.0,14.664173522812268,24,Other,Chennai,356.0,53,4.75,8.236666666666666,1.691376404494382,2444,0.14887640449438203,Zone_3,12971.0,2.11,38.0,Business,High,2.0
T00397,R0256,Zone_1,13.36,71.18,261.94,UPI,2024-07-08,0,1.4889693990737936,1.1486609374428152,5.571925869268458,2.664446563620078,8.436824046997781,71.0,19.606287425149702,31,Female,Delhi,265.0,8,3.65,6.908333333333334,2.8445283018867924,2002,0.03018867924528302,Zone_1,4921.0,2.43,30.9,Residential,High,2.0
T00398,R0124,Zone_10,3.88,37.71,93.97,Cash,2023-10-02,1,-0.4750868792639598,-0.9812432766639348,4.553561052254861,1.5851452198650557,6.140846847137616,38.0,24.219072164948454,37,Other,Hyderabad,419.0,25,3.59,8.516,1.5354415274463007,1561,0.059665871121718374,,,,,,,
T00399,R0129,Zone_6,12.03,83.87,251.96,Wallet,2024-06-25,0,1.3722742650748012,0.8498452618350115,5.533231373461162,2.567254391136754,9.158056562393574,84.0,20.94430590191189,35,Male,Hyderabad,158.0,10,3.9,8.17090909090909,9.54620253164557,1440,0.06329113924050633,,,,,,,
T00400,R0254,Zone_3,12.76,94.88,248.24,UPI,2024-01-01,0,1.3287766800571408,1.0138568732588435,5.518416287676021,2.6217658325051976,9.740636529508736,95.0,19.454545454545457,18,Male,Delhi,363.0,70,3.68,11.767142857142858,3.346005509641873,2383,0.1928374655647383,Zone_3,12971.0,2.11,38.0,Business,High,2.0
T00401,R0273,Zone_2,8.19,69.1,106.28,UPI,2024-01-29,0,-0.3311472901329379,-0.012900748942406181,4.675442238973423,2.2181159363675955,8.312640976248161,69.0,12.976800976800977,43,Male,Delhi,289.0,48,3.76,12.475,3.313044982698962,1461,0.16608996539792387,Zone_2,6371.0,0.91,58.4,Residential,Low,0.0
T00402,R0258,Zone_6,3.26,29.49,44.3,Wallet,2024-06-20,0,-1.0558731824433145,-1.1205408096540388,3.8133070324889884,1.449269160281279,5.430469592954186,29.0,13.588957055214724,32,Female,Jaipur,313.0,39,3.76,5.846000000000001,1.5953674121405752,2423,0.12460063897763578,,,,,,,
T00403,R0009,Zone_3,16.07,154.61,132.04,Credit Card,2024-03-08,0,-0.029938206784836986,1.7575259606737534,4.890649834884672,2.837322536806349,12.434226956268734,155.0,8.216552582451772,42,Female,Ahmedabad,172.0,21,4.11,9.268571428571429,5.327848837209302,2468,0.12209302325581395,Zone_3,12971.0,2.11,38.0,Business,High,2.0
T00404,R0266,Zone_4,9.9,93.13,150.23,UPI,2023-05-02,0,0.18275562963216446,0.37129083398191287,5.018801856762649,2.388762789235098,9.650388593212192,93.0,15.174747474747473,29,Other,Chennai,98.0,13,3.9,8.107777777777777,12.729081632653061,2183,0.1326530612244898,Zone_4,4038.0,2.46,48.2,Business,High,2.0
T00405,R0079,Zone_4,6.74,35.29,90.18,Wallet,2024-03-01,0,-0.5194029672255009,-0.3386772373870039,4.512835574785296,2.046401687601636,5.940538696111658,35.0,13.379821958456974,25,Male,Bengaluru,146.0,28,4.92,9.115,4.194589041095891,2185,0.1917808219178082,Zone_4,4038.0,2.46,48.2,Business,High,2.0
T00406,R0283,Zone_1,11.86,115.04,274.75,Wallet,2024-02-27,1,1.6387554378039635,0.8116507769828863,5.619494658133612,2.554121718809473,10.725670142233538,115.0,23.16610455311973,19,Male,Surat,245.0,45,3.55,7.9957142857142856,4.135632653061225,1190,0.1836734693877551,Zone_1,4921.0,2.43,30.9,Residential,High,2.0
T00407,R0106,Zone_1,16.11,85.39,157.69,Cash,2024-05-08,0,0.2699846576514516,1.7665128982860179,5.066952613574751,2.839663087904102,9.240670971309388,85.0,9.788330229671011,32,Other,Bengaluru,6.0,1,4.03,9.9175,73.10333333333334,1757,0.16666666666666666,Zone_1,4921.0,2.43,30.9,Residential,High,2.0
T00408,R0132,Zone_5,5.51,42.54,85.51,UPI,2024-02-15,0,-0.5740088064815426,-0.6150255689641456,4.460260014192283,1.873339456220478,6.522269543648131,43.0,15.519056261343014,23,Male,Surat,484.0,25,3.32,6.309090909090909,2.2556404958677687,1378,0.05165289256198347,Zone_5,2590.0,1.31,43.9,Business,Medium,1.0
T00409,R0186,Zone_8,11.46,111.49,132.95,UPI,2023-10-10,0,-0.019297668514387804,0.7217814008602389,4.897466595990617,2.522523513359307,10.558882516630252,111.0,11.601221640488655,18,Other,Hyderabad,373.0,19,3.26,9.797142857142857,2.5169436997319035,2106,0.05093833780160858,,,,,,,
T00410,R0098,Zone_10,17.72,114.01,300.05,UPI,2023-09-08,0,1.9345857875208485,2.1282371371796747,5.707276363910457,2.929592471049446,10.677546534667972,114.0,16.932844243792328,21,Other,Bengaluru,286.0,56,3.5,8.85875,3.7473776223776225,1237,0.1958041958041958,,,,,,,
T00411,R0103,Zone_4,2.42,21.19,39.08,Credit Card,2023-06-18,0,-1.116910116258419,-1.309266499511599,3.6908774567766094,1.2296405510745139,4.603259714593562,21.0,16.14876033057851,37,Other,Surat,175.0,14,3.07,7.936666666666667,7.065371428571429,1393,0.08,Zone_4,4038.0,2.46,48.2,Business,High,2.0
T00412,R0153,Zone_7,5.25,49.11,64.3,Cash,2023-01-07,0,-0.8220151984773977,-0.6734406634438665,4.178992036282385,1.8325814637483102,7.0078527381787925,49.0,12.247619047619047,20,Male,Mumbai,76.0,14,4.54,5.768,6.065131578947368,2327,0.18421052631578946,,,,,,,
T00413,R0172,Zone_8,5.01,40.1,53.07,UPI,2024-01-02,0,-0.9533264564742601,-0.7273622891174552,3.9902795033939134,1.7934247485471162,6.332456079595025,40.0,10.592814371257486,31,Other,Pune,168.0,14,3.72,7.713636363636363,8.86077380952381,2459,0.08333333333333333,,,,,,,
T00414,R0049,Zone_8,7.21,67.64,164.58,Wallet,2024-02-08,0,0.3505487331277101,-0.2330807204428929,5.10945446171066,2.105352923464337,8.224354077980836,68.0,22.826629680998614,39,Male,Mumbai,375.0,55,4.4,9.728333333333333,2.6144,2312,0.14666666666666667,,,,,,,
T00415,R0245,Zone_10,6.95,36.19,144.82,UPI,2023-07-01,0,0.11949704496938396,-0.29149581492261384,4.9823729843782845,2.0731719286662407,6.015812497078013,36.0,20.837410071942443,35,Female,Hyderabad,265.0,48,4.73,7.944,2.8352075471698113,2388,0.1811320754716981,,,,,,,
T00416,R0123,Zone_8,9.5,49.27,219.89,Cash,2024-05-26,1,0.9972829877854531,0.2814214578592651,5.397664840048735,2.3513752571634776,7.019259220174163,49.0,23.146315789473682,32,Male,Bengaluru,156.0,26,3.31,9.425,4.584487179487179,1181,0.16666666666666666,,,,,,,
T00417,R0030,Zone_8,3.9,26.49,53.68,Cash,2024-04-23,0,-0.9461937879632994,-0.9767498078578024,4.001498011855749,1.589235205116581,5.146843692983108,26.0,13.764102564102565,25,Other,Mumbai,442.0,58,3.72,7.368181818181818,3.581809954751131,2078,0.13122171945701358,,,,,,,
T00418,R0261,Zone_3,4.89,34.6,109.0,Credit Card,2023-06-04,0,-0.29934260431357324,-0.7543231019542496,4.700480365792417,1.7732559976634952,5.882176467941097,35.0,22.290388548057262,31,Male,Pune,477.0,83,4.24,8.195,1.3621174004192873,1483,0.1740041928721174,Zone_3,12971.0,2.11,38.0,Business,High,2.0
T00419,R0171,Zone_1,9.51,59.25,86.21,Cash,2024-07-02,0,-0.5658237770427357,0.28366819226233125,4.468319003238894,2.3523271848888596,7.697402159170326,59.0,9.065194532071503,23,Female,Jaipur,276.0,19,4.3,3.0300000000000002,0.518550724637681,2684,0.06884057971014493,Zone_1,4921.0,2.43,30.9,Residential,High,2.0
T00420,R0232,Zone_10,8.77,78.52,188.49,Cash,2023-05-16,0,0.6301259529589638,0.11740984643543298,5.244336252681523,2.2793164660546914,8.861151166750288,79.0,21.49258836944128,38,Male,Jaipur,172.0,15,3.94,7.169230769230769,8.667674418604651,1379,0.0872093023255814,,,,,,,
T00421,R0132,Zone_8,12.37,80.33,158.37,Wallet,2024-04-25,0,0.27793582910629283,0.926234231539262,5.071228542871542,2.5930133911138515,8.962700485902673,80.0,12.802748585286986,23,Male,Surat,484.0,25,3.32,6.309090909090909,2.2556404958677687,1378,0.05165289256198347,,,,,,,
T00422,R0298,Zone_1,10.05,61.85,106.57,Cash,2024-07-13,0,-0.3277563493654322,0.40499185002790583,4.678141798443914,2.402430427963762,7.864477096412704,62.0,10.603980099502486,35,Female,Ahmedabad,65.0,11,3.88,9.027142857142858,15.421692307692307,2367,0.16923076923076924,Zone_1,4921.0,2.43,30.9,Residential,High,2.0
T00423,R0126,Zone_4,11.86,84.04,104.63,Credit Card,2024-05-13,0,-0.3504405738101261,0.8116507769828863,4.659942421835071,2.554121718809473,9.167333309092673,84.0,8.822091062394604,29,Female,Surat,411.0,20,3.65,5.95,1.009537712895377,1453,0.04866180048661801,Zone_4,4038.0,2.46,48.2,Business,High,2.0
T00424,R0224,Zone_9,2.29,16.33,23.04,Cash,2024-07-23,0,-1.3044642193990843,-1.3384740467514593,3.179719109667007,1.1908875647772805,4.04103947023535,16.0,10.061135371179038,29,Female,Ahmedabad,200.0,1,4.31,5.958571428571429,2.5707,2235,0.005,,,,,,,
T00425,R0280,Zone_7,6.08,41.88,74.74,UPI,2023-05-10,0,-0.699941330847189,-0.4869617079893726,4.327306422473649,1.9572739077056285,6.471475874945375,42.0,12.292763157894736,26,Other,Chennai,172.0,23,4.43,8.461666666666666,4.2749999999999995,1205,0.13372093023255813,,,,,,,
T00426,R0177,Zone_9,17.24,167.72,310.76,UPI,2023-10-16,0,2.059816737934597,2.0203938858324975,5.742233661030454,2.9036169846461855,12.95067565804966,168.0,18.02552204176334,34,Other,Bengaluru,489.0,63,4.48,9.645,3.8175051124744375,1310,0.12883435582822086,,,,,,,
T00427,R0116,Zone_7,9.96,63.62,227.53,Credit Card,2023-11-16,0,1.0866167376604337,0.38477124040031013,5.431667492744793,2.3942522815198695,7.976214641043708,64.0,22.844377510040157,34,Female,Bengaluru,238.0,30,4.58,10.122,3.3368067226890754,2413,0.12605042016806722,,,,,,,
T00428,R0252,Zone_6,11.74,101.14,211.83,Cash,2024-05-16,0,0.9030382202471889,0.7846899641460922,5.360493724974712,2.5447466501440172,10.056838469419702,101.0,18.04344122657581,38,Other,Ahmedabad,392.0,47,4.83,6.275625,4.290943877551021,2185,0.11989795918367346,,,,,,,
T00429,R0022,Zone_7,9.36,52.4,222.66,UPI,2023-02-19,1,1.0296723185647327,0.24996717621633827,5.410127041600043,2.337952236831337,7.238784428341543,52.0,23.78846153846154,43,Female,Kolkata,220.0,1,3.32,7.464285714285714,3.760090909090909,2194,0.004545454545454545,,,,,,,
T00430,R0108,Zone_6,10.13,52.56,173.97,Cash,2024-02-23,0,0.460345056599708,0.42296572525243537,5.164614530656529,2.4096441652874536,7.249827584156743,53.0,17.173741362290226,18,Male,Pune,184.0,32,4.88,6.228571428571429,4.754836956521739,2666,0.17391304347826086,,,,,,,
T00431,R0036,Zone_2,6.85,61.24,133.58,Credit Card,2024-02-26,0,-0.011931142019461142,-0.31396315895327587,4.9021588177601725,2.060513531794317,7.825599018605541,61.0,19.500729927007303,30,Female,Surat,177.0,15,4.9,9.31,5.884293785310734,1646,0.0847457627118644,Zone_2,6371.0,0.91,58.4,Residential,Low,0.0
T00432,R0075,Zone_6,25.86,178.53,344.97,Credit Card,2024-06-26,0,2.4598308195082983,3.9570789412755554,5.846352066096299,3.2906381910950917,13.361511890501015,179.0,13.339907192575408,18,Female,Mumbai,108.0,7,4.83,11.7875,6.526018518518519,1966,0.06481481481481481,,,,,,,
T00433,R0132,Zone_6,6.02,37.05,97.71,Wallet,2023-03-20,0,-0.4313554362623334,-0.5004421144077699,4.5921862584297966,1.9487632180377197,6.08687111741328,37.0,16.230897009966778,23,Male,Surat,484.0,25,3.32,6.309090909090909,2.2556404958677687,1378,0.05165289256198347,,,,,,,
T00434,R0113,Zone_6,7.8100000000000005,68.77,146.59,Credit Card,2023-05-07,0,0.14019347655036773,-0.09827665625892125,4.994438159193685,2.175887439948088,8.292767933567175,69.0,18.769526248399487,26,Other,Chennai,423.0,26,4.61,6.8775,2.591702127659574,2749,0.061465721040189124,,,,,,,
T00435,R0118,Zone_3,4.12,33.38,98.53,Cash,2024-08-03,1,-0.4217672589197307,-0.9273216509903462,4.600459106257972,1.6331544390514163,5.7775427302617155,33.0,23.91504854368932,29,Male,Surat,165.0,24,4.13,9.555,3.228424242424243,1087,0.14545454545454545,Zone_3,12971.0,2.11,38.0,Business,High,2.0
T00436,R0155,Zone_1,13.53,122.37,318.68,Credit Card,2023-07-05,1,2.1524244995851003,1.1868554222949403,5.767320495460189,2.6762154775821916,11.062097450302995,122.0,23.55358462675536,23,Male,Hyderabad,353.0,8,3.14,7.61375,2.639405099150142,2776,0.0226628895184136,Zone_1,4921.0,2.43,30.9,Residential,High,2.0
T00437,R0167,Zone_1,5.24,44.91,76.91,Cash,2024-02-03,0,-0.674567739586887,-0.6756873978469327,4.355554314342767,1.8309801823813363,6.701492371106602,45.0,14.677480916030532,44,Male,Hyderabad,117.0,5,4.75,9.187142857142858,9.192735042735043,1484,0.042735042735042736,Zone_1,4921.0,2.43,30.9,Residential,High,2.0
T00438,R0147,Zone_4,7.7,47.39,74.01,Wallet,2023-11-17,0,-0.7084771472619449,-0.12299073469264944,4.317621437981545,2.163323025660538,6.884039511798287,47.0,9.611688311688312,35,Other,Mumbai,239.0,21,3.91,7.94375,4.272970711297071,1480,0.08786610878661087,Zone_4,4038.0,2.46,48.2,Business,High,2.0
T00439,R0177,Zone_4,5.36,48.65,47.27,Wallet,2023-01-29,0,-1.0211452718243759,-0.6487265850101384,3.8768102496724017,1.8500283773520307,6.974955196988724,49.0,8.819029850746269,34,Other,Bengaluru,489.0,63,4.48,9.645,3.8175051124744375,1310,0.12883435582822086,Zone_4,4038.0,2.46,48.2,Business,High,2.0
T00440,R0125,Zone_2,7.31,37.33,145.67,Credit Card,2023-09-22,0,0.12943600928793536,-0.21061337641223105,4.988185165258664,2.1174596088673567,6.109828148156051,37.0,19.92749658002736,44,Male,Ahmedabad,99.0,19,3.89,9.295,11.28040404040404,1244,0.1919191919191919,Zone_2,6371.0,0.91,58.4,Residential,Low,0.0
T00441,R0259,Zone_6,6.58,37.19,116.31,Credit Card,2023-05-17,0,-0.21386751117403055,-0.37462498783606296,4.764820003517629,2.0255131996542803,6.09836043539573,37.0,17.67629179331307,32,Male,Jaipur,150.0,27,3.52,9.967500000000001,8.553866666666666,2641,0.18,,,,,,,
T00442,R0229,Zone_2,7.78,70.99,182.86,Cash,2023-01-12,1,0.5642949304725582,-0.1050168594681199,5.2141745984356085,2.1724764076470255,8.425556361451747,71.0,23.503856041131108,22,Female,Mumbai,146.0,16,4.43,7.736,4.715753424657534,2124,0.1095890410958904,Zone_2,6371.0,0.91,58.4,Residential,Low,0.0
T00443,R0015,Zone_10,7.74,59.73,140.85,Credit Card,2024-08-02,0,0.07307623515214946,-0.11400379708038466,4.95477016125486,2.167910189667444,7.728518616138541,60.0,18.19767441860465,28,Other,Chennai,46.0,1,3.87,6.0,12.996739130434783,1368,0.021739130434782608,,,,,,,
T00444,R0188,Zone_6,7.23,46.75,174.1,Wallet,2024-06-10,1,0.46186513349548636,-0.2285872516367604,5.165357239291806,2.1077860146889784,6.837397165588672,47.0,24.08022130013831,24,Male,Delhi,436.0,64,3.15,6.112500000000001,1.069816513761468,2254,0.14678899082568808,,,,,,,
T00445,R0133,Zone_3,7.16,40.94,90.92,Credit Card,2024-04-07,0,-0.5107502218187622,-0.2443143924582238,4.5209186335405,2.0992441689760155,6.398437309218556,41.0,12.69832402234637,25,Female,Delhi,155.0,11,4.4,7.21,5.272709677419355,2623,0.07096774193548387,Zone_3,12971.0,2.11,38.0,Business,High,2.0
T00446,R0107,Zone_4,14.54,124.1,302.41,UPI,2024-08-13,0,1.962181029628827,1.4137755970046257,5.715085026160327,2.7434173449395014,11.140017953306897,124.0,20.79848693259973,33,Male,Hyderabad,179.0,14,3.66,6.514,3.5079888268156427,2441,0.0782122905027933,Zone_4,4038.0,2.46,48.2,Business,High,2.0
T00447,R0081,Zone_4,12.41,72.07,107.14,Credit Card,2023-08-19,0,-0.3210913968224035,0.935221169151527,4.683426683953859,2.596000697293587,8.48940516172953,72.0,8.633360193392425,42,Other,Mumbai,114.0,2,3.9,8.82,7.123421052631579,1690,0.017543859649122806,Zone_4,4038.0,2.46,48.2,Business,High,2.0
T00448,R0073,Zone_8,12.44,80.29,212.53,Wallet,2023-01-08,0,0.9112232496859959,0.9419613723607254,5.363777338019823,2.5982353350950036,8.960468737739115,80.0,17.084405144694536,41,Other,Ahmedabad,490.0,30,3.01,8.734444444444444,2.6034693877551023,1916,0.061224489795918366,,,,,,,
T00449,R0151,Zone_7,4.34,40.27,49.93,UPI,2024-01-06,0,-0.9900421599569088,-0.8778934941228901,3.9304521408965134,1.6752256529721035,6.345864795282043,40.0,11.504608294930875,34,Male,Hyderabad,394.0,56,5.0,8.987142857142857,2.8274111675126905,1300,0.14213197969543148,,,,,,,
T00450,R0296,Zone_3,14.28,140.86,313.9,Cash,2024-03-26,0,2.0965324414172457,1.3553605025249047,5.752255128106979,2.7265447837383743,11.868445559549912,141.0,21.981792717086833,37,Other,Hyderabad,390.0,58,3.97,11.351428571428572,3.3713589743589742,2035,0.14871794871794872,Zone_3,12971.0,2.11,38.0,Business,High,2.0
T00451,R0064,Zone_2,13.66,132.11,299.48,Cash,2024-06-13,0,1.92792083497782,1.216062969534801,5.705381196019898,2.6851226964585053,11.49391143171027,132.0,21.923865300146414,21,Female,Bengaluru,214.0,2,4.21,11.312000000000001,5.103691588785047,1083,0.009345794392523364,Zone_2,6371.0,0.91,58.4,Residential,Low,0.0
T00452,R0087,Zone_3,5.23,26.79,48.52,Credit Card,2023-08-28,0,-1.006529147826506,-0.6779341322499989,3.9023766283763406,1.8293763327993617,5.175905717843014,27.0,9.277246653919693,26,Female,Jaipur,362.0,33,3.57,8.856666666666667,1.0319060773480664,1955,0.09116022099447514,Zone_3,12971.0,2.11,38.0,Business,High,2.0
T00453,R0230,Zone_4,15.62,115.51,156.82,Credit Card,2023-01-08,0,0.25981183534893415,1.6564229125357746,5.061455143092889,2.810606789427302,10.747557862137798,116.0,10.039692701664533,32,Male,Chennai,183.0,23,3.65,7.3325,4.962950819672131,1395,0.12568306010928962,Zone_4,4038.0,2.46,48.2,Business,High,2.0
T00454,R0168,Zone_9,4.58,44.62,41.31,Credit Card,2023-06-18,0,-1.0908349510462192,-0.8239718684493014,3.7450234647319762,1.7191887763932197,6.679820356865894,45.0,9.019650655021834,23,Male,Pune,471.0,74,4.03,7.004,1.2087261146496815,2536,0.15711252653927812,,,,,,,
T00455,R0262,Zone_8,1.21,8.06,26.79,Credit Card,2023-11-04,0,-1.260615847405475,-1.5811213622826081,3.3246762437544124,0.7929925155296614,2.839013913315678,8.0,22.140495867768596,30,Male,Ahmedabad,6.0,0,3.35,6.624444444444445,161.22666666666666,2706,0.0,,,,,,,
T00456,R0134,Zone_5,13.51,129.59,215.2,Wallet,2024-04-11,0,0.9424432905454456,1.1823619534888081,5.376203905205108,2.6748380668960965,11.383760362902937,130.0,15.928941524796446,34,Male,Jaipur,410.0,29,4.59,7.974285714285714,2.644878048780488,1510,0.07073170731707316,Zone_5,2590.0,1.31,43.9,Business,Medium,1.0
T00457,R0035,Zone_4,7.4,67.21,125.26,UPI,2024-06-06,0,-0.10921606334928267,-0.19039276678463515,4.83834327293948,2.128231705849268,8.19817052762383,67.0,16.927027027027027,39,Male,Kolkata,392.0,41,3.49,7.244999999999999,1.0711989795918366,1642,0.10459183673469388,Zone_4,4038.0,2.46,48.2,Business,High,2.0
T00458,R0049,Zone_8,12.88,109.54,291.71,UPI,2024-08-12,0,1.8370670082070608,1.0408176860956382,5.679182357787968,2.6304489550786583,10.466135867644754,110.0,22.648291925465834,39,Male,Mumbai,375.0,55,4.4,9.728333333333333,2.6144,2312,0.14666666666666667,,,,,,,
T00459,R0044,Zone_4,4.23,33.09,33.99,Credit Card,2024-06-11,0,-1.1764269731777446,-0.902607572556618,3.5550623063795967,1.6544112780768316,5.7523908073078625,33.0,8.035460992907801,36,Female,Hyderabad,271.0,5,3.21,10.226,6.127380073800738,2238,0.01845018450184502,Zone_4,4038.0,2.46,48.2,Business,High,2.0
T00460,R0033,Zone_1,1.69,14.68,38.42,UPI,2023-12-28,0,-1.1246274297292942,-1.473278110935431,3.674273301724574,0.9895411936137477,3.8314488121336034,15.0,22.73372781065089,18,Female,Chennai,472.0,37,3.24,6.412000000000001,1.4812500000000002,2675,0.07838983050847458,Zone_1,4921.0,2.43,30.9,Residential,High,2.0
T00461,R0045,Zone_1,14.16,107.93,251.3,Wallet,2023-10-14,0,1.364556951603926,1.3283996896881107,5.530618855647012,2.7186603802142257,10.388936422945324,108.0,17.747175141242938,34,Other,Ahmedabad,100.0,16,4.88,9.725555555555555,15.298499999999999,1163,0.16,Zone_1,4921.0,2.43,30.9,Residential,High,2.0
T00462,R0170,Zone_9,0.96,8.71,12.92,Credit Card,2023-10-24,0,-1.4227963592858381,-1.6372897223592628,2.6333266549062735,0.6729444732424258,2.951270912674741,9.0,13.458333333333334,29,Other,Bengaluru,28.0,3,3.68,7.644285714285714,33.65,2311,0.10714285714285714,,,,,,,
T00463,R0039,Zone_8,0.19,0.98,3.37,Credit Card,2024-02-12,0,-1.5344635466295635,-1.8102882713953599,1.4747630091074988,0.17395330712343804,0.9899494936611666,1.0,17.736842105263158,24,Male,Chennai,190.0,14,4.2,4.837142857142857,2.674,1034,0.07368421052631578,,,,,,,
T00464,R0242,Zone_6,1.63,12.85,13.09,Wallet,2024-03-12,0,-1.420808566422128,-1.486758517353828,2.645465325910589,0.9669838461896731,3.5846896657869842,13.0,8.030674846625768,34,Male,Ahmedabad,445.0,8,4.54,3.7528571428571427,0.7375056179775281,1565,0.017977528089887642,,,,,,,
T00465,R0294,Zone_5,5.97,39.2,130.88,Cash,2023-10-12,0,-0.04350196985486013,-0.5116757864231007,4.88189241820353,1.9416152247724325,6.260990336999411,39.0,21.922948073701843,24,Male,Surat,41.0,7,3.2,8.097142857142858,20.37560975609756,1994,0.17073170731707318,Zone_5,2590.0,1.31,43.9,Business,Medium,1.0
T00466,R0245,Zone_8,2.8,24.45,37.18,UPI,2024-05-11,0,-1.139126624735181,-1.2238905921950836,3.6423118182976015,1.33500106673234,4.944694126030447,24.0,13.278571428571428,35,Female,Hyderabad,265.0,48,4.73,7.944,2.8352075471698113,2388,0.1811320754716981,,,,,,,
T00467,R0251,Zone_8,2.85,18.25,47.1,UPI,2023-09-06,0,-1.0231330646880863,-1.2126569201797528,3.8732821771117156,1.3480731482996928,4.272001872658765,18.0,16.526315789473685,46,Female,Mumbai,213.0,26,4.48,7.6819999999999995,3.5801877934272297,2439,0.12206572769953052,,,,,,,
T00468,R0112,Zone_5,7.82,40.71,120.44,Credit Card,2023-11-30,0,-0.16557583748506874,-0.09602992185585511,4.79942031364732,2.1770218700187,6.380438856379708,41.0,15.401534526854219,41,Female,Delhi,311.0,11,3.24,8.953,3.6986173633440513,2134,0.03536977491961415,Zone_5,2590.0,1.31,43.9,Business,Medium,1.0
T00469,R0261,Zone_1,3.18,23.36,70.05,Cash,2023-10-18,0,-0.7547810280871965,-1.1385146848785683,4.263383854543109,1.430311246536665,4.833218389437829,23.0,22.028301886792452,31,Male,Pune,477.0,83,4.24,8.195,1.3621174004192873,1483,0.1740041928721174,Zone_1,4921.0,2.43,30.9,Residential,High,2.0
T00470,R0181,Zone_5,2.5300000000000002,19.07,56.62,Wallet,2024-06-26,0,-0.9118166643203096,-1.2845524210778707,4.053869729656382,1.2612978709452054,4.36692111217961,19.0,22.379446640316203,32,Male,Hyderabad,349.0,32,3.75,9.889999999999999,1.329484240687679,2808,0.09169054441260745,Zone_5,2590.0,1.31,43.9,Business,Medium,1.0
T00471,R0273,Zone_5,19.66,158.79,212.08,Credit Card,2024-08-15,0,0.9059614450467629,2.564103611374516,5.3616676820487985,3.0281994636914926,12.601190419956362,159.0,10.78738555442523,43,Male,Delhi,289.0,48,3.76,12.475,3.313044982698962,1461,0.16608996539792387,Zone_5,2590.0,1.31,43.9,Business,Medium,1.0
T00472,R0120,Zone_5,9.73,83.96,146.57,Credit Card,2023-03-30,0,0.13995961856640168,0.3330963491297876,4.994302639475358,2.373043556642607,9.162968951164245,84.0,15.06372045220966,18,Other,Surat,311.0,15,4.55,8.525,3.260289389067524,2258,0.04823151125401929,Zone_5,2590.0,1.31,43.9,Business,Medium,1.0
T00473,R0172,Zone_6,8.26,50.02,199.22,UPI,2024-02-18,1,0.7555907613566781,0.0028263918790572278,5.2994167619913375,2.225704048658088,7.07248188403477,50.0,24.11864406779661,31,Other,Pune,168.0,14,3.72,7.713636363636363,8.86077380952381,2459,0.08333333333333333,,,,,,,
T00474,R0217,Zone_4,0.1,0.67,2.29,Wallet,2023-08-17,0,-1.5470918777637233,-1.8305088810229555,1.1908875647772805,0.09531017980432487,0.8185352771872451,1.0,22.9,39,Other,Jaipur,104.0,5,3.52,8.488,7.258173076923077,1294,0.04807692307692308,Zone_4,4038.0,2.46,48.2,Business,High,2.0
T00475,R0010,Zone_4,6.77,51.15,72.84,UPI,2023-01-12,0,-0.7221578393239511,-0.33193703417780546,4.301900590194597,2.050270164379556,7.151922818375489,51.0,10.75923190546529,25,Female,Surat,173.0,1,3.38,9.472222222222221,6.962485549132948,1222,0.005780346820809248,Zone_4,4038.0,2.46,48.2,Business,High,2.0
T00476,R0070,Zone_10,8.24,56.92,150.77,Credit Card,2023-06-09,0,0.18906979519924444,-0.0016670769270750606,5.022366216971954,2.2235418856535927,7.544534445544006,57.0,18.29733009708738,33,Male,Bengaluru,310.0,6,3.54,12.83,5.56116129032258,1353,0.01935483870967742,,,,,,,
T00477,R0143,Zone_4,0.03,0.22,0.6000000000000001,Credit Card,2024-07-26,0,-1.566852877408843,-1.846236021844419,0.47000362924573563,0.0295588022415444,0.469041575982343,0.0,20.000000000000004,42,Other,Kolkata,74.0,13,4.56,6.13875,11.630405405405405,1269,0.17567567567567569,Zone_4,4038.0,2.46,48.2,Business,High,2.0
T00478,R0237,Zone_8,8.63,63.21,201.88,UPI,2023-08-21,1,0.7866938732241451,0.08595556479250656,5.312614671248861,2.2648832258100344,7.950471684120383,63.0,23.392815758980298,40,Male,Chennai,36.0,3,3.71,9.737,49.20527777777777,1374,0.08333333333333333,,,,,,,
T00479,R0062,Zone_10,13.96,88.15,160.7,UPI,2024-03-02,0,0.30518028423832194,1.283465001626787,5.085742766583061,2.7053799725463312,9.388823142439099,88.0,11.511461318051575,38,Male,Jaipur,57.0,3,3.58,9.435714285714285,15.605438596491227,2684,0.05263157894736842,,,,,,,
T00480,R0022,Zone_9,6.26,40.23,59.35,UPI,2023-05-26,0,-0.8798950495089621,-0.4465204887341812,4.10016094754354,1.9823798288367047,6.342712353559792,40.0,9.480830670926519,43,Female,Kolkata,220.0,1,3.32,7.464285714285714,3.760090909090909,2194,0.004545454545454545,,,,,,,
T00481,R0259,Zone_6,7.01,54.23,151.29,Credit Card,2023-11-19,0,0.1951501027823581,-0.2780154085042168,5.0257865978636,2.080690761080268,7.3641021177058645,54.0,21.582025677603422,32,Male,Jaipur,150.0,27,3.52,9.967500000000001,8.553866666666666,2641,0.18,,,,,,,
T00482,R0004,Zone_10,2.21,18.13,49.89,Credit Card,2023-01-12,0,-0.9905098759248407,-1.3564479219759888,3.9296664406007413,1.1662709371419244,4.257933771208753,18.0,22.574660633484164,19,Other,Kolkata,464.0,5,3.19,6.201666666666667,1.4720474137931034,2608,0.010775862068965518,,,,,,,
T00483,R0257,Zone_6,1.0,9.25,20.02,Wallet,2023-04-14,0,-1.3397767749779377,-1.6283027847469982,3.045474365448805,0.6931471805599453,3.0413812651491097,9.0,20.02,36,Other,Delhi,459.0,19,4.82,8.015714285714285,1.7913507625272331,1286,0.04139433551198257,,,,,,,
T00484,R0002,Zone_5,13.29,118.88,145.19,Cash,2023-11-02,0,0.12382341767275347,1.1329337966213517,4.9849071455235245,2.659559991941776,10.903210536351208,119.0,10.924755455229496,39,Female,Mumbai,70.0,5,4.12,10.812857142857142,16.794428571428572,2490,0.07142857142857142,Zone_5,2590.0,1.31,43.9,Business,Medium,1.0
T00485,R0196,Zone_4,4.69,45.53,99.57,UPI,2023-06-15,0,-0.40960664375350314,-0.7992577900155732,4.610854002456389,1.7387102481382397,6.747592163134936,46.0,21.230277185501063,18,Male,Hyderabad,51.0,9,4.93,7.995833333333334,31.831960784313726,2642,0.17647058823529413,Zone_4,4038.0,2.46,48.2,Business,High,2.0
T00486,R0076,Zone_4,3.35,29.26,53.06,UPI,2024-05-06,0,-0.9534433854662429,-1.1003202000264432,3.9900945408483017,1.4701758451005926,5.409251334519409,29.0,15.838805970149254,40,Male,Bengaluru,137.0,13,3.34,11.354,6.3124817518248175,1719,0.0948905109489051,Zone_4,4038.0,2.46,48.2,Business,High,2.0
T00487,R0242,Zone_7,4.54,23.31,73.76,Cash,2023-09-19,0,-0.7114003720615188,-0.8329588060615661,4.314282982587362,1.7119945007591924,4.828043081829324,23.0,16.24669603524229,34,Male,Ahmedabad,445.0,8,4.54,3.7528571428571427,0.7375056179775281,1565,0.017977528089887642,,,,,,,
T00488,R0086,Zone_5,7.71,51.69,103.17,Wallet,2024-05-18,0,-0.36751220663963796,-0.12074400028958329,4.646024179996357,2.1644717908644115,7.189575787207476,52.0,13.381322957198444,23,Male,Hyderabad,337.0,17,4.56,10.780000000000001,3.352581602373887,2505,0.050445103857566766,Zone_5,2590.0,1.31,43.9,Business,Medium,1.0
T00489,R0037,Zone_8,2.21,13.05,40.52,UPI,2024-03-25,0,-1.1000723414128728,-1.3564479219759888,3.7261752388576332,1.1662709371419244,3.6124783736376886,13.0,18.33484162895928,32,Other,Ahmedabad,489.0,6,3.36,9.76125,2.6884662576687117,2126,0.012269938650306749,,,,,,,
T00490,R0067,Zone_2,8.63,78.42,161.07,Cash,2024-04-29,0,0.3095066569416915,0.08595556479250656,5.088028340670028,2.2648832258100344,8.855506761332183,78.0,18.663962920046348,32,Male,Pune,348.0,9,3.38,8.697692307692307,5.302212643678161,1516,0.02586206896551724,Zone_2,6371.0,0.91,58.4,Residential,Low,0.0
T00491,R0163,Zone_3,1.2,6.8100000000000005,16.77,UPI,2024-07-06,0,-1.3777786973723993,-1.5833680966856742,2.87751164216656,0.7884573603642702,2.6095976701399777,7.0,13.975,33,Other,Ahmedabad,302.0,21,3.56,6.263333333333333,1.0750993377483444,2401,0.0695364238410596,Zone_3,12971.0,2.11,38.0,Business,High,2.0
T00492,R0045,Zone_1,11.87,66.9,296.53,UPI,2024-07-17,1,1.8934267823428468,0.8138975113859525,5.695515060237774,2.554899021608035,8.179242018671413,67.0,24.98146588037068,34,Other,Ahmedabad,100.0,16,4.88,9.725555555555555,15.298499999999999,1163,0.16,Zone_1,4921.0,2.43,30.9,Residential,High,2.0
T00493,R0038,Zone_4,2.71,22.93,49.0,Credit Card,2023-03-30,0,-1.000916556211324,-1.2441112018226794,3.912023005428146,1.3110318766193438,4.788527957525152,23.0,18.081180811808117,37,Other,Kolkata,68.0,7,4.07,5.946,6.673970588235294,1314,0.10294117647058823,Zone_4,4038.0,2.46,48.2,Business,High,2.0
T00494,R0296,Zone_3,14.6,144.15,132.06,Cash,2023-07-11,0,-0.029704348800870948,1.427256003423023,4.890800154313742,2.747270914255491,12.006248373242993,144.0,9.045205479452056,37,Other,Hyderabad,390.0,58,3.97,11.351428571428572,3.3713589743589742,2035,0.14871794871794872,Zone_3,12971.0,2.11,38.0,Business,High,2.0
T00495,R0167,Zone_7,7.95,68.38,178.37,Credit Card,2024-02-10,0,0.5117938130722097,-0.06682237461599463,5.189450711560923,2.191653532286764,8.269220035771209,68.0,22.436477987421384,44,Male,Hyderabad,117.0,5,4.75,9.187142857142858,9.192735042735043,1484,0.042735042735042736,,,,,,,
T00496,R0295,Zone_10,3.77,21.04,33.34,Wallet,2024-05-09,0,-1.184027357656637,-1.005957355097663,3.5363108554693294,1.5623463049002497,4.586937976471886,21.0,8.843501326259949,18,Female,Delhi,98.0,18,3.59,4.974444444444444,5.34734693877551,2668,0.1836734693877551,,,,,,,
T00497,R0043,Zone_2,12.56,91.02,170.33,Credit Card,2023-12-11,0,0.41778290351791125,0.9689221851975199,5.143591521344882,2.6071242825122494,9.540440241414439,91.0,13.561305732484078,28,Male,Ahmedabad,85.0,16,4.68,7.462222222222222,10.147058823529411,1742,0.18823529411764706,Zone_2,6371.0,0.91,58.4,Residential,Low,0.0
T00498,R0113,Zone_8,1.13,5.93,27.77,Credit Card,2024-01-17,1,-1.2491568061911449,-1.5990952375071377,3.3593331775634567,0.7561219797213337,2.435159132377184,6.0,24.575221238938056,26,Other,Chennai,423.0,26,4.61,6.8775,2.591702127659574,2749,0.061465721040189124,,,,,,,
T00499,R0100,Zone_5,5.26,43.63,102.93,Cash,2023-04-02,0,-0.3703185024472289,-0.6711939290408004,4.6437175956003305,1.8341801851120072,6.605300901548695,44.0,19.568441064638787,28,Male,Delhi,383.0,60,3.79,8.454166666666667,4.327650130548303,1942,0.1566579634464752,Zone_5,2590.0,1.31,43.9,Business,Medium,1.0
T00500,R0033,Zone_9,8.0,50.09,151.72,Cash,2024-01-22,0,0.20017804943762538,-0.05558870260066372,5.028606179417492,2.1972245773362196,7.077428911688199,50.0,18.965,18,Female,Chennai,472.0,37,3.24,6.412000000000001,1.4812500000000002,2675,0.07838983050847458,,,,,,,
T00501,R0048,Zone_10,7.39,40.87,166.35,Wallet,2024-05-28,0,0.37124516470869356,-0.1926395011877015,5.120087427657335,2.127040520479115,6.392964883369843,41.0,22.510148849797023,35,Male,Hyderabad,207.0,1,3.02,5.826,2.4457971014492754,2666,0.004830917874396135,,,,,,,
T00502,R0256,Zone_9,2.04,11.32,41.24,Credit Card,2024-06-26,0,-1.0916534539900997,-1.3946424068281142,3.743367639398006,1.1118575154181303,3.3645207682521443,11.0,20.215686274509803,31,Female,Delhi,265.0,8,3.65,6.908333333333334,2.8445283018867924,2002,0.03018867924528302,,,,,,,
T00503,R0195,Zone_5,3.4,17.39,52.47,UPI,2024-07-22,0,-0.9603421959932374,-1.089086528011112,3.97912074896064,1.4816045409242156,4.170131892398609,17.0,15.43235294117647,33,Male,Kolkata,72.0,10,4.97,7.813333333333334,14.502361111111112,1939,0.1388888888888889,Zone_5,2590.0,1.31,43.9,Business,Medium,1.0
T00504,R0092,Zone_10,8.84,67.65,83.37,Wallet,2023-02-27,0,-0.5990316107658957,0.13313698725689638,4.435211888177536,2.286455711064162,8.224962005991275,68.0,9.430995475113123,21,Male,Surat,252.0,23,4.51,11.438,3.415357142857143,2618,0.09126984126984126,,,,,,,
T00505,R0126,Zone_5,1.4,13.21,12.73,UPI,2024-04-19,0,-1.4250180101335144,-1.5384334086243503,2.6195832197798796,0.8754687373538999,3.6345563690772495,13.0,9.092857142857143,29,Female,Surat,411.0,20,3.65,5.95,1.009537712895377,1453,0.04866180048661801,Zone_5,2590.0,1.31,43.9,Business,Medium,1.0
T00506,R0058,Zone_9,14.33,74.67,196.98,Wallet,2023-07-07,0,0.7293986671524954,1.366594174540236,5.288166015491662,2.7298116928837226,8.641180474911978,75.0,13.745987438939288,46,Male,Kolkata,480.0,25,4.32,9.515,2.1738958333333334,1935,0.052083333333333336,,,,,,,
T00507,R0146,Zone_3,10.48,81.92,95.74,Credit Card,2024-02-21,0,-0.4543904476829762,0.501601429359752,4.572026967394837,2.4406063908914204,9.050966799187808,82.0,9.135496183206106,30,Male,Surat,80.0,11,3.89,9.634285714285713,11.730875000000001,2346,0.1375,Zone_3,12971.0,2.11,38.0,Business,High,2.0
T00508,R0027,Zone_4,5.43,36.8,93.29,UPI,2024-02-22,0,-0.4830380507188009,-0.6329994441886752,4.546375139477586,1.860974538249528,6.06630035524124,37.0,17.1804788213628,39,Male,Jaipur,403.0,61,3.98,7.22875,2.050620347394541,2539,0.1513647642679901,Zone_4,4038.0,2.46,48.2,Business,High,2.0
T00509,R0040,Zone_3,6.9,44.89,136.69,Credit Card,2024-01-21,0,0.024433774487238772,-0.30272948693794477,4.925004781456281,2.066862759472976,6.7,45.0,19.810144927536232,34,Other,Surat,485.0,36,4.41,8.045,2.352061855670103,1231,0.07422680412371134,Zone_3,12971.0,2.11,38.0,Business,High,2.0
T00510,R0044,Zone_6,17.31,121.35,305.08,UPI,2024-04-04,0,1.9934010704882763,2.036121026653961,5.7238465056919425,2.907447358686419,11.015897603009932,121.0,17.624494511842865,36,Female,Hyderabad,271.0,5,3.21,10.226,6.127380073800738,2238,0.01845018450184502,,,,,,,
T00511,R0255,Zone_1,12.68,79.77,161.39,Wallet,2023-01-04,0,0.3132483846851461,0.9958829980343141,5.090000849476996,2.615934912194404,8.931405264570632,80.0,12.727917981072554,37,Female,Bengaluru,475.0,42,3.12,9.0025,2.6573052631578946,1899,0.08842105263157894,Zone_1,4921.0,2.43,30.9,Residential,High,2.0
T00512,R0119,Zone_2,9.9,57.09,121.66,Credit Card,2024-05-21,0,-0.15131050046314784,0.37129083398191287,4.809416300197838,2.388762789235098,7.555792479945436,57.0,12.288888888888888,47,Male,Hyderabad,30.0,1,4.39,5.846,13.431333333333333,1231,0.03333333333333333,Zone_2,6371.0,0.91,58.4,Residential,Low,0.0
T00513,R0203,Zone_7,0.92,6.6,18.93,Credit Card,2024-02-08,0,-1.35252203510408,-1.6462766599715277,2.9922261342247034,0.6523251860396903,2.569046515733026,7.0,20.57608695652174,49,Female,Bengaluru,152.0,9,3.6,7.756,4.596381578947369,1150,0.05921052631578947,,,,,,,
T00514,R0257,Zone_3,16.15,85.54,168.43,Cash,2023-05-20,0,0.3955663950411491,1.7754998358982825,5.132439862170015,2.8419981736119486,9.248783703817493,86.0,10.429102167182664,36,Other,Delhi,459.0,19,4.82,8.015714285714285,1.7913507625272331,1286,0.04139433551198257,Zone_3,12971.0,2.11,38.0,Business,High,2.0
T00515,R0200,Zone_3,13.26,86.99,131.03,Cash,2023-11-11,0,-0.041748034975115686,1.1261935934121532,4.88302916949111,2.65745841498615,9.326842981416595,87.0,9.8815987933635,30,Other,Bengaluru,443.0,87,3.6,9.9925,1.1048532731376977,1767,0.1963882618510158,Zone_3,12971.0,2.11,38.0,Business,High,2.0
T00516,R0103,Zone_1,7.26,67.64,94.7,Credit Card,2023-09-18,0,-0.4665510628492038,-0.22184704842756198,4.5612182984589085,2.1114245875328868,8.224354077980836,68.0,13.044077134986226,37,Other,Surat,175.0,14,3.07,7.936666666666667,7.065371428571429,1393,0.08,Zone_1,4921.0,2.43,30.9,Residential,High,2.0
T00517,R0055,Zone_3,5.25,28.74,49.29,Wallet,2023-07-08,0,-0.9975256154438183,-0.6734406634438665,3.9178062501838733,1.8325814637483102,5.360970061472083,29.0,9.388571428571428,32,Male,Delhi,425.0,12,4.19,8.9625,2.610729411764706,1775,0.02823529411764706,Zone_3,12971.0,2.11,38.0,Business,High,2.0
T00518,R0291,Zone_5,7.06,49.66,112.18,Wallet,2023-02-23,0,-0.26215918486299233,-0.26678173648888587,4.728979471714378,2.0869135565185366,7.046985170979147,50.0,15.889518413597736,23,Other,Pune,499.0,94,3.46,7.741666666666667,1.59436873747495,1977,0.18837675350701402,Zone_5,2590.0,1.31,43.9,Business,Medium,1.0
T00519,R0180,Zone_7,1.99,19.56,17.39,Credit Card,2023-08-08,0,-1.3705290998694557,-1.405876078843445,2.91180703861623,1.095273387402595,4.422668877499196,20.0,8.738693467336685,33,Male,Hyderabad,44.0,4,4.53,1.8833333333333335,1.929318181818182,2480,0.09090909090909091,,,,,,,
T00520,R0221,Zone_10,5.65,30.29,109.51,UPI,2024-04-23,0,-0.2933792257224423,-0.5835712873212188,4.705106014600691,1.8946168546677629,5.503635162326805,30.0,19.38230088495575,21,Female,Delhi,106.0,1,4.41,7.34125,8.615943396226415,2073,0.009433962264150943,,,,,,,
T00521,R0240,Zone_10,11.82,111.26,263.6,UPI,2024-02-13,0,1.508379611742965,0.8026638393706217,5.5782192516808555,2.551006451492524,10.547985589675406,111.0,22.30118443316413,30,Male,Delhi,174.0,2,4.07,11.515,7.0199425287356325,2313,0.011494252873563218,,,,,,,
T00522,R0131,Zone_2,1.04,5.23,12.62,Cash,2024-07-25,0,-1.426304229045327,-1.6193158471347333,2.611539300721366,0.712949807856125,2.2869193252058544,5.0,12.134615384615383,24,Male,Surat,99.0,7,3.6,5.394,4.396262626262627,2522,0.0707070707070707,Zone_2,6371.0,0.91,58.4,Residential,Low,0.0
T00523,R0044,Zone_4,6.43,50.8,80.02,UPI,2024-01-20,0,-0.6382028230801869,-0.4083260038820559,4.394696037774544,2.005525858729668,7.127411872482185,51.0,12.444790046656298,36,Female,Hyderabad,271.0,5,3.21,10.226,6.127380073800738,2238,0.01845018450184502,Zone_4,4038.0,2.46,48.2,Business,High,2.0
T00524,R0100,Zone_4,8.57,83.49,71.4,Wallet,2024-01-08,0,-0.738995614169497,0.0724751583741093,4.282206299391671,2.258633205464863,9.137286249209883,83.0,8.331388564760793,28,Male,Delhi,383.0,60,3.79,8.454166666666667,4.327650130548303,1942,0.1566579634464752,Zone_4,4038.0,2.46,48.2,Business,High,2.0
T00525,R0207,Zone_3,8.52,62.34,174.3,Wallet,2023-11-13,0,0.46420371333514576,0.06124148635877817,5.1664987919271885,2.253394848803274,7.895568377260753,62.0,20.457746478873243,31,Male,Mumbai,47.0,3,3.93,7.93375,26.20127659574468,1016,0.06382978723404255,Zone_3,12971.0,2.11,38.0,Business,High,2.0
T00526,R0207,Zone_3,2.11,18.12,29.03,Wallet,2023-11-20,0,-1.234423753201292,-1.378915266006651,3.402196881995239,1.1346227261911428,4.256759330758553,18.0,13.75829383886256,31,Male,Mumbai,47.0,3,3.93,7.93375,26.20127659574468,1016,0.06382978723404255,Zone_3,12971.0,2.11,38.0,Business,High,2.0
T00527,R0292,Zone_1,2.09,13.43,47.71,Credit Card,2024-02-19,0,-1.0160003961771256,-1.3834087348127833,3.8858843478184513,1.128171090909654,3.664696440361739,13.0,22.82775119617225,37,Female,Jaipur,141.0,19,4.39,8.817777777777778,8.070141843971632,2272,0.1347517730496454,Zone_1,4921.0,2.43,30.9,Residential,High,2.0
T00528,R0257,Zone_3,13.45,121.78,305.45,Cash,2023-05-08,0,1.9977274431916459,1.1688815470704108,5.725054609931741,2.670694414558441,11.035397591387452,122.0,22.71003717472119,36,Other,Delhi,459.0,19,4.82,8.015714285714285,1.7913507625272331,1286,0.04139433551198257,Zone_3,12971.0,2.11,38.0,Business,High,2.0
T00529,R0015,Zone_7,1.88,10.26,33.99,Wallet,2024-01-28,0,-1.1764269731777446,-1.4305901572771733,3.5550623063795967,1.0577902941478545,3.2031234756093934,10.0,18.079787234042556,28,Other,Chennai,46.0,1,3.87,6.0,12.996739130434783,1368,0.021739130434782608,,,,,,,
T00530,R0112,Zone_1,13.04,99.41,118.18,Cash,2023-03-08,0,-0.19200178967321727,1.0767654365446968,4.780634955318833,2.641910398597665,9.970456358662826,99.0,9.062883435582823,41,Female,Delhi,311.0,11,3.24,8.953,3.6986173633440513,2134,0.03536977491961415,Zone_1,4921.0,2.43,30.9,Residential,High,2.0
T00531,R0267,Zone_2,5.59,46.5,122.05,UPI,2024-04-24,0,-0.14675026977581243,-0.5970516937396161,4.812590776837065,1.8855533485144158,6.819090848492928,46.0,21.833631484794275,37,Other,Jaipur,131.0,11,4.5,9.437999999999999,5.203740458015267,2085,0.08396946564885496,Zone_2,6371.0,0.91,58.4,Residential,Low,0.0
T00532,R0263,Zone_1,13.4,77.64,221.62,Wallet,2023-06-03,0,1.0175117033985053,1.15764787505508,5.405466282065079,2.667228206581955,8.811356308764276,78.0,16.538805970149255,31,Other,Chennai,297.0,21,3.84,8.718333333333332,5.2110101010101015,2087,0.0707070707070707,Zone_1,4921.0,2.43,30.9,Residential,High,2.0
T00533,R0172,Zone_7,5.89,32.82,57.12,UPI,2023-02-01,0,-0.9059702147211617,-0.5296496616476303,4.062509838702082,1.9300710850255671,5.728874234961001,33.0,9.69779286926995,31,Other,Pune,168.0,14,3.72,7.713636363636363,8.86077380952381,2459,0.08333333333333333,,,,,,,
T00534,R0284,Zone_8,2.17,13.05,51.16,UPI,2024-06-07,1,-0.9756598939430051,-1.3654348595882537,3.9543159176183975,1.1537315878891892,3.6124783736376886,13.0,23.576036866359445,28,Female,Surat,135.0,19,4.95,8.70142857142857,7.306148148148148,2605,0.14074074074074075,,,,,,,
T00535,R0268,Zone_5,12.28,103.14,253.82,Wallet,2023-11-20,0,1.3940230575836314,0.9060136219116663,5.540557413553235,2.5862591440482876,10.155786527886454,103.0,20.66938110749186,34,Male,Chennai,10.0,0,4.6,8.504,72.60799999999999,1432,0.0,Zone_5,2590.0,1.31,43.9,Business,Medium,1.0
T00536,R0008,Zone_6,7.91,52.23,180.63,Cash,2023-10-12,0,0.5382197652603583,-0.07580931222825942,5.201971650761352,2.187174241482718,7.227032586061862,52.0,22.835651074589126,28,Female,Jaipur,215.0,23,4.02,6.03125,4.1547441860465115,1447,0.10697674418604651,,,,,,,
T00537,R0183,Zone_6,15.24,150.36,141.28,Credit Card,2023-03-22,0,0.07810418180741675,1.5710470052192593,4.957796947080254,2.787477334733532,12.262136844775466,150.0,9.270341207349082,43,Other,Jaipur,406.0,66,3.79,7.2225,2.0964039408866997,1482,0.1625615763546798,,,,,,,
T00538,R0234,Zone_1,12.46,108.52,224.08,Credit Card,2023-09-02,0,1.046276235426313,0.9464548411668582,5.416455894565078,2.599722324216582,10.417293314484334,109.0,17.98394863563403,32,Other,Pune,183.0,31,3.98,7.051111111111111,6.222677595628415,1386,0.16939890710382513,Zone_1,4921.0,2.43,30.9,Residential,High,2.0
T00539,R0172,Zone_6,6.85,45.73,120.22,UPI,2024-03-03,0,-0.16814827530869383,-0.31396315895327587,4.797607076523139,2.060513531794317,6.762396025078685,46.0,17.55036496350365,31,Other,Pune,168.0,14,3.72,7.713636363636363,8.86077380952381,2459,0.08333333333333333,,,,,,,
T00540,R0023,Zone_5,5.75,56.32,70.29,Credit Card,2023-03-02,0,-0.7519747322796054,-0.5611039432905569,4.266756065129537,1.9095425048844386,7.504665215717488,56.0,12.224347826086957,24,Other,Jaipur,176.0,32,3.21,8.11375,6.793295454545454,2535,0.18181818181818182,Zone_5,2590.0,1.31,43.9,Business,Medium,1.0
T00541,R0288,Zone_8,8.12,67.78,81.83,Cash,2023-10-21,0,-0.6170386755312715,-0.02862788976386959,4.416790314610172,2.21046980408624,8.232860985101109,68.0,10.077586206896552,42,Male,Ahmedabad,43.0,5,4.56,6.51,18.50232558139535,1844,0.11627906976744186,,,,,,,
T00542,R0238,Zone_2,8.95,74.18,155.25,Wallet,2023-03-20,0,0.24145398360760972,0.15785106569062438,5.051457288616511,2.2975725511705014,8.61278120005379,74.0,17.346368715083802,30,Other,Pune,362.0,56,4.91,6.454999999999999,1.6299171270718231,2705,0.15469613259668508,Zone_2,6371.0,0.91,58.4,Residential,Low,0.0
T00543,R0005,Zone_10,3.59,22.45,59.14,Credit Card,2023-02-19,0,-0.8823505583406042,-1.0463985743528545,4.096675177560383,1.5238800240724537,4.738143096192854,22.0,16.473537604456826,27,Male,Ahmedabad,294.0,30,3.53,7.322857142857144,3.1511904761904765,1935,0.10204081632653061,,,,,,,
T00544,R0133,Zone_3,12.21,79.45,159.69,Cash,2023-01-03,0,0.29337045604804324,0.8902864810902034,5.079477043053662,2.580974118534234,8.913472948295743,79.0,13.078624078624077,25,Female,Delhi,155.0,11,4.4,7.21,5.272709677419355,2623,0.07096774193548387,Zone_3,12971.0,2.11,38.0,Business,High,2.0
T00545,R0051,Zone_5,6.01,59.55,60.9,Credit Card,2024-08-07,0,-0.8617710557516034,-0.502688848810836,4.12552017969055,1.9473377010464987,7.7168646482881895,60.0,10.133111480865225,21,Male,Kolkata,213.0,14,4.02,5.918,5.169107981220657,2356,0.06572769953051644,Zone_5,2590.0,1.31,43.9,Business,Medium,1.0
T00546,R0178,Zone_4,5.88,40.04,144.17,Wallet,2024-06-27,1,0.11189666049049159,-0.5318963960506965,4.9779054694733365,1.9286186519452522,6.32771680782255,40.0,24.518707482993197,27,Male,Delhi,56.0,7,3.13,9.037142857142857,18.581071428571427,1951,0.125,Zone_4,4038.0,2.46,48.2,Business,High,2.0
T00547,R0016,Zone_9,5.3,29.91,48.14,UPI,2023-11-08,0,-1.0109724495218584,-0.6622069914285356,3.894673367093033,1.840549633397487,5.469003565550127,30.0,9.083018867924528,28,Female,Delhi,356.0,51,3.06,8.248000000000001,1.9316853932584273,1697,0.14325842696629212,,,,,,,
T00548,R0211,Zone_4,9.16,68.5,91.28,UPI,2023-08-10,0,-0.5065407781073756,0.2050324881550146,4.524827433305553,2.318458442150336,8.276472678623424,68.0,9.965065502183407,36,Female,Mumbai,435.0,17,3.63,6.582857142857143,1.4847816091954023,1992,0.03908045977011494,Zone_4,4038.0,2.46,48.2,Business,High,2.0
T00549,R0046,Zone_2,4.54,30.89,73.67,Wallet,2024-05-28,0,-0.7124527329893655,-0.8329588060615661,4.3130784050476105,1.7119945007591924,5.5578772926361015,31.0,16.226872246696036,31,Female,Kolkata,31.0,4,3.87,10.0025,41.82,2589,0.12903225806451613,Zone_2,6371.0,0.91,58.4,Residential,Low,0.0
T00550,R0129,Zone_6,8.67,86.27,133.85,UPI,2023-01-05,0,-0.008774059235921476,0.09494250240477113,4.904163049585739,2.269028309465203,9.288164511893617,86.0,15.438292964244521,35,Male,Hyderabad,158.0,10,3.9,8.17090909090909,9.54620253164557,1440,0.06329113924050633,,,,,,,
T00551,R0121,Zone_9,21.83,190.53,354.27,Wallet,2023-11-27,0,2.568574782052449,3.0516449768398797,5.872878063773937,3.1280754605417043,13.803260484392808,191.0,16.22858451672011,29,Male,Pune,378.0,10,4.17,7.996363636363636,3.8740211640211637,1162,0.026455026455026454,,,,,,,
T00552,R0005,Zone_2,7.73,64.25,102.14,Credit Card,2024-07-27,0,-0.37955589281388274,-0.11625053148345081,4.636087288622813,2.166765369851511,8.0156097709407,64.0,13.213454075032342,27,Male,Ahmedabad,294.0,30,3.53,7.322857142857144,3.1511904761904765,1935,0.10204081632653061,Zone_2,6371.0,0.91,58.4,Residential,Low,0.0
T00553,R0292,Zone_7,5.83,32.17,85.19,Wallet,2024-06-23,0,-0.5777505342249973,-0.5431300680660274,4.456554161659308,1.9213246735826988,5.671860364994893,32.0,14.612349914236706,37,Female,Jaipur,141.0,19,4.39,8.817777777777778,8.070141843971632,2272,0.1347517730496454,,,,,,,
T00554,R0143,Zone_6,0.34,2.43,6.66,Wallet,2023-10-27,0,-1.4959939082671703,-1.776587255349367,2.0360119837525,0.29266961396282,1.5588457268119895,2.0,19.588235294117645,42,Other,Kolkata,74.0,13,4.56,6.13875,11.630405405405405,1269,0.17567567567567569,,,,,,,
T00555,R0293,Zone_3,8.25,70.59,124.79,Cash,2023-01-06,0,-0.1147117259724817,0.0005796574759910836,4.834613849850781,2.224623551524334,8.401785524517988,71.0,15.126060606060607,39,Female,Delhi,248.0,44,3.2,5.605,1.6186290322580645,2543,0.1774193548387097,Zone_3,12971.0,2.11,38.0,Business,High,2.0
T00556,R0175,Zone_10,2.45,19.43,53.43,Cash,2024-06-09,0,-0.9491170127628734,-1.3025262963024002,3.9969154724461085,1.2383742310432684,4.407947368106838,19.0,21.80816326530612,35,Male,Chennai,98.0,8,3.48,8.7825,13.076632653061225,1491,0.08163265306122448,,,,,,,
T00557,R0196,Zone_10,6.12,31.21,115.58,Cash,2023-01-05,0,-0.22240332758878656,-0.4779747703771078,4.758577732617404,1.9629077254238845,5.586591089385369,31.0,18.88562091503268,18,Male,Hyderabad,51.0,9,4.93,7.995833333333334,31.831960784313726,2642,0.17647058823529413,,,,,,,
T00558,R0145,Zone_5,8.76,84.65,94.17,Wallet,2023-06-29,0,-0.47274829942430063,0.11516311203236683,4.555664766084252,2.278292400425001,9.200543462209176,85.0,10.75,36,Female,Jaipur,222.0,43,4.3,11.585,2.948918918918919,1378,0.19369369369369369,Zone_5,2590.0,1.31,43.9,Business,Medium,1.0
T00559,R0010,Zone_1,0.65,4.04,5.95,Credit Card,2023-07-19,0,-1.5042958666979604,-1.7069384888543149,1.9387416595767009,0.5007752879124893,2.009975124224178,4.0,9.153846153846153,25,Female,Surat,173.0,1,3.38,9.472222222222221,6.962485549132948,1222,0.005780346820809248,Zone_1,4921.0,2.43,30.9,Residential,High,2.0
T00560,R0106,Zone_1,8.79,44.59,85.75,UPI,2023-03-08,0,-0.5712025106739517,0.12190331524156527,4.4630304188269685,2.281361456542419,6.67757440991862,45.0,9.755403868031856,32,Other,Bengaluru,6.0,1,4.03,9.9175,73.10333333333334,1757,0.16666666666666666,Zone_1,4921.0,2.43,30.9,Residential,High,2.0
T00561,R0278,Zone_9,9.52,81.51,158.21,UPI,2023-09-18,0,0.27606496523456553,0.28591492666539736,5.070224085507913,2.3532782073095637,9.028288874421332,82.0,16.6186974789916,20,Female,Mumbai,382.0,58,4.27,10.838888888888889,5.546492146596859,1841,0.1518324607329843,,,,,,,
T00562,R0242,Zone_10,1.51,13.28,20.21,UPI,2024-06-13,0,-1.3375551241302615,-1.5137193301906224,3.0544727685765913,0.9202827531436926,3.6441734316577197,13.0,13.3841059602649,34,Male,Ahmedabad,445.0,8,4.54,3.7528571428571427,0.7375056179775281,1565,0.017977528089887642,,,,,,,
T00563,R0211,Zone_5,6.04,52.85,79.74,Credit Card,2023-05-08,0,-0.6414768348557097,-0.4959486456016374,4.391234115424795,1.951608170169951,7.269800547470337,53.0,13.201986754966887,36,Female,Mumbai,435.0,17,3.63,6.582857142857143,1.4847816091954023,1992,0.03908045977011494,Zone_5,2590.0,1.31,43.9,Business,Medium,1.0
T00564,R0003,Zone_5,1.15,8.5,17.88,Wallet,2023-01-26,0,-1.364799579262291,-1.5946017687010052,2.9381031607173544,0.7654678421395714,2.9154759474226504,8.0,15.547826086956523,34,Male,Pune,45.0,9,3.76,6.768000000000001,21.593555555555557,1232,0.2,Zone_5,2590.0,1.31,43.9,Business,Medium,1.0
T00565,R0139,Zone_9,15.88,90.14,211.49,UPI,2023-09-04,0,0.8990626345197683,1.7148380070154958,5.358894928433641,2.826129489167811,9.494208761134336,90.0,13.31801007556675,44,Other,Kolkata,155.0,7,4.39,7.365,6.466,1074,0.04516129032258064,,,,,,,
T00566,R0028,Zone_3,9.65,86.84,188.55,Wallet,2023-09-29,0,0.6308275269108615,0.31512247390525805,5.244652841962344,2.365559892155434,9.318798205777396,87.0,19.538860103626945,20,Female,Surat,249.0,21,3.79,10.61,6.218915662650603,1041,0.08433734939759036,Zone_3,12971.0,2.11,38.0,Business,High,2.0
T00567,R0177,Zone_10,7.1,55.19,140.55,Wallet,2024-02-06,0,0.0695683653926609,-0.2577947988766211,4.952653011557909,2.0918640616783932,7.4289972405433025,55.0,19.795774647887328,34,Other,Bengaluru,489.0,63,4.48,9.645,3.8175051124744375,1310,0.12883435582822086,,,,,,,
T00568,R0067,Zone_7,7.18,67.45,151.87,UPI,2023-04-01,0,0.2019319843173698,-0.23982092365209154,5.0295878870129425,2.1016921506146558,8.212794895770866,67.0,21.15181058495822,32,Male,Pune,348.0,9,3.38,8.697692307692307,5.302212643678161,1516,0.02586206896551724,,,,,,,
T00569,R0077,Zone_3,13.66,71.95,231.84,Cash,2023-09-16,0,1.1370131332050888,1.216062969534801,5.450351522403535,2.6851226964585053,8.482334584299302,72.0,16.972181551976576,28,Male,Mumbai,406.0,72,3.79,10.489999999999998,5.7729556650246305,2567,0.17733990147783252,Zone_3,12971.0,2.11,38.0,Business,High,2.0
T00570,R0167,Zone_9,7.53,47.67,122.72,Cash,2023-08-08,0,-0.13891602731295422,-0.1611852195447747,4.818020947816869,2.143589361503588,6.904346457123947,48.0,16.297476759628154,44,Male,Hyderabad,117.0,5,4.75,9.187142857142858,9.192735042735043,1484,0.042735042735042736,,,,,,,
T00571,R0167,Zone_10,9.65,81.83,191.62,Credit Card,2024-07-24,0,0.6667247274496297,0.31512247390525805,5.260719336132718,2.365559892155434,9.045993588324059,82.0,19.85699481865285,44,Male,Hyderabad,117.0,5,4.75,9.187142857142858,9.192735042735043,1484,0.042735042735042736,,,,,,,
T00572,R0086,Zone_3,15.59,152.65,354.96,Wallet,2024-04-19,0,2.5766428824992733,1.649682709326576,5.874818364988662,2.808800104202353,12.355160864998885,153.0,22.76844130853111,23,Male,Hyderabad,337.0,17,4.56,10.780000000000001,3.352581602373887,2505,0.050445103857566766,Zone_3,12971.0,2.11,38.0,Business,High,2.0
T00573,R0170,Zone_1,6.27,60.88,114.19,UPI,2024-02-15,0,-0.2386564574744178,-0.44427375433111504,4.746582938938415,1.9837562915454279,7.802563681252464,61.0,18.212121212121215,29,Other,Bengaluru,28.0,3,3.68,7.644285714285714,33.65,2311,0.10714285714285714,Zone_1,4921.0,2.43,30.9,Residential,High,2.0
T00574,R0236,Zone_6,2.54,22.73,20.65,Wallet,2023-11-05,0,-1.3324102484830114,-1.2823056866748046,3.075005454448499,1.264126727145683,4.767598976424087,23.0,8.129921259842519,28,Male,Ahmedabad,61.0,1,3.36,4.546363636363636,12.599016393442623,2229,0.01639344262295082,,,,,,,
T00575,R0141,Zone_8,3.88,25.14,92.56,UPI,2024-05-26,1,-0.49157386713355694,-0.9812432766639348,4.538602941715978,1.5851452198650557,5.01398045468867,25.0,23.855670103092784,25,Other,Jaipur,53.0,0,4.29,7.58,10.239622641509435,2628,0.0,,,,,,,
T00576,R0049,Zone_10,15.14,80.45,148.79,Wallet,2023-08-31,0,0.16591785478661847,1.5485796611885976,5.009234313180627,2.7813006628418027,8.969392398596462,80.0,9.827608982826948,39,Male,Mumbai,375.0,55,4.4,9.728333333333333,2.6144,2312,0.14666666666666667,,,,,,,
T00577,R0055,Zone_6,8.46,68.07,69.76,Credit Card,2023-01-09,0,-0.7581719688547022,0.047761079940381305,4.259293869291585,2.247072383063787,8.250454532933322,68.0,8.245862884160756,32,Male,Delhi,425.0,12,4.19,8.9625,2.610729411764706,1775,0.02823529411764706,,,,,,,
T00578,R0007,Zone_10,5.49,44.83,83.51,Credit Card,2024-02-09,0,-0.5973946048781343,-0.6195190377702778,4.436869870556391,1.8702625307159986,6.695520890864279,45.0,15.211293260473589,18,Female,Mumbai,458.0,82,4.03,6.603333333333334,1.3033187772925765,2001,0.17903930131004367,,,,,,,
T00579,R0249,Zone_1,12.87,127.32,191.9,Wallet,2024-05-23,0,0.6699987392251526,1.0385709516925716,5.262171919911683,2.6297282343267403,11.283616441549224,127.0,14.910644910644912,20,Male,Mumbai,396.0,48,4.49,8.08875,2.728611111111111,1273,0.12121212121212122,Zone_1,4921.0,2.43,30.9,Residential,High,2.0
T00580,R0284,Zone_3,12.99,102.01,116.95,UPI,2024-06-21,0,-0.2063840556871212,1.0655317645293663,4.770260805853684,2.63834278867739,10.1,102.0,9.003079291762894,28,Female,Surat,135.0,19,4.95,8.70142857142857,7.306148148148148,2605,0.14074074074074075,Zone_3,12971.0,2.11,38.0,Business,High,2.0
T00581,R0193,Zone_5,5.62,32.23,112.89,Wallet,2023-12-21,0,-0.2538572264322024,-0.5903114905304174,4.7352330702862595,1.890095369948917,5.677147170894902,32.0,20.087188612099645,33,Female,Chennai,389.0,68,4.41,8.012857142857143,2.5851928020565555,1718,0.17480719794344474,Zone_5,2590.0,1.31,43.9,Business,Medium,1.0
T00582,R0177,Zone_5,3.14,17.29,38.14,Credit Card,2024-08-10,0,-1.127901441504817,-1.147501622490833,3.66714496196793,1.420695787837223,4.158124577258358,17.0,12.146496815286623,34,Other,Bengaluru,489.0,63,4.48,9.645,3.8175051124744375,1310,0.12883435582822086,Zone_5,2590.0,1.31,43.9,Business,Medium,1.0
T00583,R0147,Zone_5,0.15,1.49,2.71,Wallet,2023-02-10,0,-1.5421808601004388,-1.8192752090076245,1.3110318766193438,0.1397619423751587,1.2206555615733703,1.0,18.066666666666666,35,Other,Mumbai,239.0,21,3.91,7.94375,4.272970711297071,1480,0.08786610878661087,Zone_5,2590.0,1.31,43.9,Business,Medium,1.0
T00584,R0104,Zone_5,0.97,6.57,11.09,Cash,2024-03-04,0,-1.4441943648187197,-1.6350429879561967,2.492378664626701,0.6780335427498971,2.563201123595259,7.0,11.43298969072165,52,Male,Kolkata,328.0,1,3.7,5.187777777777779,2.3335060975609756,1939,0.003048780487804878,Zone_5,2590.0,1.31,43.9,Business,Medium,1.0
T00585,R0088,Zone_9,6.68,60.36,76.64,Wallet,2023-08-03,0,-0.6777248223704269,-0.35215764380540115,4.35208275830081,2.038619547159581,7.769169839822013,60.0,11.47305389221557,22,Other,Jaipur,438.0,0,4.78,7.78125,2.0405479452054793,2629,0.0,,,,,,,
T00586,R0040,Zone_3,3.5300000000000002,33.61,32.14,UPI,2024-06-26,0,-1.1980588366945921,-1.0598789807712514,3.500741011998417,1.5107219394949427,5.797413216254298,34.0,9.104815864022662,34,Other,Surat,485.0,36,4.41,8.045,2.352061855670103,1231,0.07422680412371134,Zone_3,12971.0,2.11,38.0,Business,High,2.0
T00587,R0176,Zone_9,17.29,129.09,379.63,Wallet,2024-02-04,0,2.865106705721232,2.0316275578478287,5.94182777466688,2.906354462402774,11.361778029868388,129.0,21.95662232504338,43,Male,Mumbai,260.0,13,3.95,15.176666666666664,6.3002692307692305,2673,0.05,,,,,,,
T00588,R0103,Zone_7,8.29,74.64,139.36,Cash,2023-06-22,0,0.05565381534668887,0.00956659508825566,4.944210550715014,2.2289385528257473,8.63944442658207,75.0,16.810615199034984,37,Other,Surat,175.0,14,3.07,7.936666666666667,7.065371428571429,1393,0.08,,,,,,,
T00589,R0149,Zone_6,1.71,13.77,28.65,Credit Card,2023-10-05,0,-1.2388670548966445,-1.4687846421292985,3.3894621254437345,0.9969486348916096,3.7107950630558943,14.0,16.75438596491228,30,Male,Jaipur,89.0,8,4.57,6.0600000000000005,7.428314606741573,2560,0.0898876404494382,,,,,,,
T00590,R0067,Zone_6,15.09,133.2,145.23,Credit Card,2024-06-17,0,0.12429113364068521,1.5373459891732664,4.985180724623787,2.7781979610042917,11.541230437002806,133.0,9.624254473161033,32,Male,Pune,348.0,9,3.38,8.697692307692307,5.302212643678161,1516,0.02586206896551724,,,,,,,
T00591,R0028,Zone_4,8.81,61.37,116.5,Cash,2023-08-24,0,-0.21164586032635435,0.12639678404769794,4.7664383335842135,2.2834022735772717,7.8339006886735545,61.0,13.223609534619749,20,Female,Surat,249.0,21,3.79,10.61,6.218915662650603,1041,0.08433734939759036,Zone_4,4038.0,2.46,48.2,Business,High,2.0
T00592,R0098,Zone_5,11.52,78.71,114.56,Credit Card,2023-02-05,0,-0.23433008477104827,0.7352618072786358,4.749789875598035,2.5273273656719524,8.871865643707642,79.0,9.944444444444445,21,Other,Bengaluru,286.0,56,3.5,8.85875,3.7473776223776225,1237,0.1958041958041958,Zone_5,2590.0,1.31,43.9,Business,Medium,1.0
T00593,R0154,Zone_4,11.41,58.38,228.63,Wallet,2023-08-24,0,1.099478926778559,0.7105477288449078,5.436469317930779,2.5185025992165158,7.6406805979572265,58.0,20.03768624014023,18,Other,Kolkata,466.0,79,4.68,10.663076923076924,4.419570815450644,2733,0.16952789699570817,Zone_4,4038.0,2.46,48.2,Business,High,2.0
T00594,R0187,Zone_9,9.48,82.32,229.76,Cash,2024-07-23,1,1.1126919028726332,0.2769279890531328,5.441378209388689,2.349468678892896,9.073036977771004,82.0,24.236286919831223,27,Other,Surat,357.0,38,4.71,10.797142857142857,3.818879551820728,1504,0.10644257703081232,,,,,,,
T00595,R0175,Zone_2,10.62,80.66,135.0,Cash,2024-01-16,0,0.004672774842118816,0.5330557110026785,4.912654885736052,2.4527277514237653,8.981091247727083,81.0,12.711864406779663,35,Male,Chennai,98.0,8,3.48,8.7825,13.076632653061225,1491,0.08163265306122448,Zone_2,6371.0,0.91,58.4,Residential,Low,0.0
T00596,R0290,Zone_10,9.19,58.17,176.65,UPI,2023-09-09,0,0.49168202645114095,0.21177269136421303,5.179815322467036,2.321406847234633,7.626925986267338,58.0,19.22198041349293,34,Other,Chennai,169.0,4,4.28,7.58,6.376745562130178,2325,0.023668639053254437,,,,,,,
T00597,R0019,Zone_5,2.47,20.08,56.95,Cash,2023-07-11,0,-0.907958007584872,-1.2980328274962678,4.059580569785761,1.244154593958768,4.481071300481616,20.0,23.05668016194332,40,Other,Mumbai,266.0,24,4.08,7.75,2.3796616541353384,1264,0.09022556390977443,Zone_5,2590.0,1.31,43.9,Business,Medium,1.0
T00598,R0077,Zone_8,9.83,57.3,109.08,Credit Card,2023-10-08,0,-0.2984071723777096,0.35556369316044945,4.701207374185033,2.382320061012899,7.569676347110224,57.0,11.096642929806714,28,Male,Mumbai,406.0,72,3.79,10.489999999999998,5.7729556650246305,2567,0.17733990147783252,,,,,,,
T00599,R0077,Zone_8,13.12,118.75,124.69,UPI,2023-08-18,0,-0.1158810158923114,1.0947393117692263,4.8338185579367465,2.647592232065096,10.897247358851684,119.0,9.503810975609756,28,Male,Mumbai,406.0,72,3.79,10.489999999999998,5.7729556650246305,2567,0.17733990147783252,,,,,,,
T00600,R0058,Zone_9,6.95,59.97,83.74,Wallet,2023-09-10,0,-0.5947052380625264,-0.29149581492261384,4.439587745198413,2.0731719286662407,7.744029958619737,60.0,12.048920863309352,46,Male,Kolkata,480.0,25,4.32,9.515,2.1738958333333334,1935,0.052083333333333336,,,,,,,
T00601,R0070,Zone_3,10.76,96.0,254.15,Wallet,2024-05-04,1,1.3978817143190692,0.5645099926456052,5.54185160750998,2.464703942470481,9.797958971132712,96.0,23.619888475836433,33,Male,Bengaluru,310.0,6,3.54,12.83,5.56116129032258,1353,0.01935483870967742,Zone_3,12971.0,2.11,38.0,Business,High,2.0
T00602,R0268,Zone_10,10.1,100.47,211.34,UPI,2023-07-25,0,0.8973086996400238,0.41622552204323654,5.358188763585427,2.4069451083182885,10.023472452199387,100.0,20.924752475247526,34,Male,Chennai,10.0,0,4.6,8.504,72.60799999999999,1432,0.0,,,,,,,
T00603,R0021,Zone_10,17.08,144.62,390.78,Wallet,2023-04-09,0,2.9954825317822307,1.9844461353834384,5.970700457755254,2.89480635496403,12.025805586321441,145.0,22.879391100702577,37,Female,Pune,380.0,17,3.91,8.68,1.8147105263157892,2689,0.04473684210526316,,,,,,,
T00604,R0290,Zone_6,6.74,55.38,55.87,Credit Card,2023-06-02,0,-0.9205863387190315,-0.3386772373870039,4.040767961318708,2.046401687601636,7.441773982055623,55.0,8.289317507418398,34,Other,Chennai,169.0,4,4.28,7.58,6.376745562130178,2325,0.023668639053254437,,,,,,,
T00605,R0134,Zone_2,6.54,58.19,156.44,Wallet,2023-07-10,1,0.25536853365358175,-0.38361192544832773,5.059044433303943,2.020222182019865,7.62823701781742,58.0,23.920489296636084,34,Male,Jaipur,410.0,29,4.59,7.974285714285714,2.644878048780488,1510,0.07073170731707316,Zone_2,6371.0,0.91,58.4,Residential,Low,0.0
T00606,R0190,Zone_1,7.42,41.81,83.65,Wallet,2024-06-01,0,-0.5957575989903728,-0.18589929797850288,4.438525108579144,2.130609828254235,6.466065264130885,42.0,11.273584905660378,35,Other,Surat,274.0,47,4.12,7.776666666666666,4.08,2183,0.17153284671532848,Zone_1,4921.0,2.43,30.9,Residential,High,2.0
T00607,R0232,Zone_7,7.49,65.67,161.66,UPI,2024-06-28,0,0.3164054674686861,-0.17017215715703946,5.091662132738629,2.138889000323256,8.103702857336268,66.0,21.583444592790386,38,Male,Jaipur,172.0,15,3.94,7.169230769230769,8.667674418604651,1379,0.0872093023255814,,,,,,,
T00608,R0180,Zone_10,3.36,18.11,60.68,Cash,2023-09-26,0,-0.8643434935752284,-1.098073465623377,4.1219597292550745,1.4724720573609429,4.255584566190643,18.0,18.05952380952381,33,Male,Hyderabad,44.0,4,4.53,1.8833333333333335,1.929318181818182,2480,0.09090909090909091,,,,,,,
T00609,R0088,Zone_9,4.79,26.77,39.37,UPI,2024-02-17,0,-1.113519175490913,-0.7767904459849113,3.6980869348648495,1.7561322915849038,5.173973328110612,27.0,8.21920668058455,22,Other,Jaipur,438.0,0,4.78,7.78125,2.0405479452054793,2629,0.0,,,,,,,
T00610,R0157,Zone_6,9.5,80.41,84.66,Wallet,2023-09-18,0,-0.5839477708000942,0.2814214578592651,4.450385972187225,2.3513752571634776,8.967162315916893,80.0,8.91157894736842,36,Female,Hyderabad,319.0,27,4.65,11.39,5.880658307210031,1759,0.08463949843260188,,,,,,,
T00611,R0099,Zone_4,7.96,61.42,151.42,UPI,2024-01-28,0,0.1966701796781365,-0.0645756402129285,5.026639868237972,2.192770226986839,7.8370912971586595,61.0,19.02261306532663,35,Other,Mumbai,80.0,8,3.7,7.707777777777778,16.033250000000002,1853,0.1,Zone_4,4038.0,2.46,48.2,Business,High,2.0
T00612,R0247,Zone_8,4.0,39.7,87.48,Credit Card,2024-03-07,0,-0.5509737950608998,-0.9542824638271405,4.482776537774025,1.6094379124341003,6.300793600809346,40.0,21.87,37,Male,Bengaluru,249.0,47,4.92,10.267692307692307,9.587590361445782,1955,0.18875502008032127,,,,,,,
T00613,R0148,Zone_3,4.68,38.57,101.07,Cash,2024-08-01,0,-0.39206729495605935,-0.8015045244186395,4.625658852415407,1.7369512327330598,6.210475022089695,39.0,21.596153846153847,44,Male,Ahmedabad,412.0,34,3.36,5.7975,0.9918203883495146,2544,0.0825242718446602,Zone_3,12971.0,2.11,38.0,Business,High,2.0
T00614,R0252,Zone_5,6.22,32.14,82.7,UPI,2024-02-10,0,-0.606865853228754,-0.455507426346446,4.4272389774954295,1.9768549529047348,5.669215113223347,32.0,13.29581993569132,38,Other,Ahmedabad,392.0,47,4.83,6.275625,4.290943877551021,2185,0.11989795918367346,Zone_5,2590.0,1.31,43.9,Business,Medium,1.0
T00615,R0249,Zone_1,3.99,20.79,81.77,Wallet,2023-11-30,0,-0.6177402494831692,-0.9565291982302067,4.416065676897304,1.6074359097634274,4.559605246071199,21.0,20.493734335839598,20,Male,Mumbai,396.0,48,4.49,8.08875,2.728611111111111,1273,0.12121212121212122,Zone_1,4921.0,2.43,30.9,Residential,High,2.0
T00616,R0182,Zone_4,5.43,34.75,111.09,Credit Card,2024-01-15,0,-0.27490444498913486,-0.6329994441886752,4.719302120033004,1.860974538249528,5.894913061275798,35.0,20.458563535911605,43,Male,Jaipur,8.0,0,4.4,9.906,104.47625,2178,0.0,Zone_4,4038.0,2.46,48.2,Business,High,2.0
T00617,R0215,Zone_7,5.3,47.72,89.41,Cash,2024-05-26,0,-0.5284064996081889,-0.6622069914285356,4.504354880749275,1.840549633397487,6.907966415668217,48.0,16.869811320754717,26,Female,Hyderabad,438.0,48,3.24,3.63,0.8495433789954339,2393,0.1095890410958904,,,,,,,
T00618,R0282,Zone_2,12.48,112.31,131.55,Wallet,2024-03-17,0,-0.035667727392001726,0.9509483099729904,4.886959932735035,2.601207105484161,10.59764124699454,112.0,10.540865384615385,22,Other,Bengaluru,319.0,3,4.47,10.318888888888889,4.387931034482759,1599,0.009404388714733543,Zone_2,6371.0,0.91,58.4,Residential,Low,0.0
T00619,R0026,Zone_8,13.08,87.75,177.87,Credit Card,2024-07-08,0,0.5059473634730618,1.085752374156962,5.186659285005154,2.644755350729896,9.367496997597597,88.0,13.59862385321101,26,Female,Surat,44.0,5,3.17,8.81,22.11795454545455,2344,0.11363636363636363,,,,,,,
T00620,R0120,Zone_9,12.67,91.94,164.83,Credit Card,2024-07-20,0,0.3534719579272841,0.9936362636312479,5.110963167226007,2.6152036507358583,9.588534820294496,92.0,13.009471191791635,18,Other,Surat,311.0,15,4.55,8.525,3.260289389067524,2258,0.04823151125401929,,,,,,,
T00621,R0261,Zone_4,10.13,63.13,190.94,Credit Card,2023-12-11,0,0.6587735559947885,0.42296572525243537,5.257182823189481,2.4096441652874536,7.945438943192503,63.0,18.848963474827244,31,Male,Pune,477.0,83,4.24,8.195,1.3621174004192873,1483,0.1740041928721174,Zone_4,4038.0,2.46,48.2,Business,High,2.0
T00622,R0117,Zone_3,4.46,30.63,101.5,Cash,2023-07-24,0,-0.38703934830079206,-0.8509326812860957,4.629862798578463,1.6974487897568136,5.534437640808685,31.0,22.757847533632287,21,Female,Ahmedabad,369.0,37,3.16,5.837999999999999,1.3319241192411924,1923,0.1002710027100271,Zone_3,12971.0,2.11,38.0,Business,High,2.0
T00623,R0236,Zone_3,12.8,93.31,160.15,Wallet,2023-06-23,0,0.29874918967925945,1.0228438108711086,5.082335608261447,2.624668592163159,9.659710140578753,93.0,12.51171875,28,Male,Ahmedabad,61.0,1,3.36,4.546363636363636,12.599016393442623,2229,0.01639344262295082,Zone_3,12971.0,2.11,38.0,Business,High,2.0
T00624,R0199,Zone_7,6.43,46.45,157.91,UPI,2023-01-31,1,0.2725570954750766,-0.4083260038820559,5.068338004224545,2.005525858729668,6.815423684555495,46.0,24.55832037325039,29,Male,Ahmedabad,344.0,27,3.91,8.515,4.652616279069767,1871,0.07848837209302326,,,,,,,
T00625,R0099,Zone_2,8.12,45.04,125.93,Cash,2023-06-06,0,-0.10138182088642445,-0.02862788976386959,4.843635753400086,2.21046980408624,6.711184694225007,45.0,15.508620689655174,35,Other,Mumbai,80.0,8,3.7,7.707777777777778,16.033250000000002,1853,0.1,Zone_2,6371.0,0.91,58.4,Residential,Low,0.0
T00626,R0254,Zone_6,14.69,127.86,246.29,Wallet,2024-04-17,0,1.3059755266204636,1.4474766130506187,5.510561736993246,2.753023566744941,11.30751962191532,128.0,16.76582709326072,18,Male,Delhi,363.0,70,3.68,11.767142857142858,3.346005509641873,2383,0.1928374655647383,,,,,,,
T00627,R0215,Zone_1,8.42,65.2,194.46,Wallet,2023-06-11,0,0.69993256117279,0.03877414232811633,5.27535575491069,2.2428350885882717,8.07465169527454,65.0,23.095011876484563,26,Female,Hyderabad,438.0,48,3.24,3.63,0.8495433789954339,2393,0.1095890410958904,Zone_1,4921.0,2.43,30.9,Residential,High,2.0
T00628,R0011,Zone_9,9.24,53.33,173.78,Wallet,2023-01-17,0,0.4581234057520318,0.22300636337954416,5.163528040199398,2.3263016196113617,7.302739212103908,53.0,18.807359307359306,26,Male,Chennai,208.0,34,4.0,8.896,7.842403846153845,2347,0.16346153846153846,,,,,,,
T00629,R0202,Zone_2,0.9400000000000001,9.32,8.98,Credit Card,2023-07-30,0,-1.4688663821271237,-1.6417831911653953,2.300583090323373,0.6626879730752369,3.0528675044947495,9.0,9.553191489361701,27,Male,Ahmedabad,317.0,0,4.72,9.2125,2.86794952681388,1785,0.0,Zone_2,6371.0,0.91,58.4,Residential,Low,0.0
T00630,R0014,Zone_9,10.44,104.32,248.28,Wallet,2024-04-02,1,1.3292443960250724,0.49261449174748706,5.518576762682383,2.437115985951652,10.213716267842964,104.0,23.7816091954023,26,Female,Ahmedabad,325.0,53,3.0,7.031666666666666,2.710769230769231,1927,0.16307692307692306,,,,,,,
T00631,R0223,Zone_1,3.1,23.61,60.84,UPI,2023-01-12,0,-0.8624726297035011,-1.1564885601030979,4.124550404279167,1.410986973710262,4.859012245302536,24.0,19.625806451612902,30,Female,Surat,158.0,10,4.04,7.05,6.248164556962026,2484,0.06329113924050633,Zone_1,4921.0,2.43,30.9,Residential,High,2.0
T00632,R0296,Zone_1,13.06,98.26,211.91,Cash,2024-08-04,0,0.9039736521830524,1.0812589053508297,5.360869541205001,2.643333886382519,9.912618221237011,98.0,16.225880551301685,37,Other,Hyderabad,390.0,58,3.97,11.351428571428572,3.3713589743589742,2035,0.14871794871794872,Zone_1,4921.0,2.43,30.9,Residential,High,2.0
T00633,R0073,Zone_5,7.08,40.86,147.7,Wallet,2023-10-16,0,0.15317259466047595,-0.2622882676827534,5.001930853466109,2.089391872533004,6.3921827257987545,41.0,20.86158192090395,41,Other,Ahmedabad,490.0,30,3.01,8.734444444444444,2.6034693877551023,1916,0.061224489795918366,Zone_5,2590.0,1.31,43.9,Business,Medium,1.0
T00634,R0154,Zone_2,3.18,26.38,41.28,Credit Card,2024-03-16,0,-1.091185738022168,-1.1385146848785683,3.7443141610020367,1.430311246536665,5.136146415358503,26.0,12.981132075471697,18,Other,Kolkata,466.0,79,4.68,10.663076923076924,4.419570815450644,2733,0.16952789699570817,Zone_2,6371.0,0.91,58.4,Residential,Low,0.0
T00635,R0275,Zone_10,6.21,54.65,58.18,Credit Card,2024-07-02,0,-0.8935757415709681,-0.4577541607495121,4.080583646972063,1.9754689512968577,7.392563831310488,55.0,9.368760064412239,21,Other,Jaipur,247.0,17,3.07,8.4625,1.3201214574898787,1444,0.06882591093117409,,,,,,,
T00636,R0156,Zone_10,6.86,62.33,169.38,Wallet,2023-02-15,1,0.40667464927953,-0.31171642455020954,5.138031236614695,2.061786606441115,7.894935085230276,62.0,24.69096209912536,33,Female,Jaipur,255.0,18,4.28,8.06,1.8989411764705884,1533,0.07058823529411765,,,,,,,
T00637,R0097,Zone_9,10.43,91.42,172.22,Cash,2023-06-23,0,0.4398824830026902,0.4903677573444209,5.1545624629028985,2.4362414778067194,9.561380653441217,91.0,16.511984659635665,23,Other,Bengaluru,478.0,5,3.28,8.67875,2.3370292887029285,2061,0.010460251046025104,,,,,,,
T00638,R0074,Zone_10,11.35,102.24,272.71,Cash,2024-07-10,1,1.6149019234394397,0.6970673224265106,5.612069151732869,2.513656063073986,10.11137972781163,102.0,24.027312775330394,23,Male,Kolkata,199.0,22,4.89,6.598571428571428,4.106884422110553,1102,0.11055276381909548,,,,,,,
T00639,R0291,Zone_2,6.36,52.12,77.79,Wallet,2023-09-19,0,-0.6642779882923865,-0.4240531447035191,4.366786085257597,1.9960599327407849,7.219418259112018,52.0,12.231132075471699,23,Other,Pune,499.0,94,3.46,7.741666666666667,1.59436873747495,1977,0.18837675350701402,Zone_2,6371.0,0.91,58.4,Residential,Low,0.0
T00640,R0105,Zone_2,13.06,111.2,238.26,Cash,2023-12-14,0,1.212081546058148,1.0812589053508297,5.477550826742758,2.643333886382519,10.545141061171254,111.0,18.243491577335373,31,Female,Jaipur,346.0,9,3.69,7.933333333333334,3.7604624277456646,2180,0.02601156069364162,Zone_2,6371.0,0.91,58.4,Residential,Low,0.0
T00641,R0298,Zone_2,7.84,51.89,109.17,Cash,2024-08-07,0,-0.2973548114498629,-0.09153645304972283,4.702024627351974,2.179286876649552,7.2034713853808015,52.0,13.924744897959185,35,Female,Ahmedabad,65.0,11,3.88,9.027142857142858,15.421692307692307,2367,0.16923076923076924,Zone_2,6371.0,0.91,58.4,Residential,Low,0.0
T00642,R0064,Zone_6,4.43,26.39,92.16,Cash,2024-06-01,0,-0.4962510268128753,-0.8576728844952943,4.53431844501614,1.691939133945844,5.137119815616529,26.0,20.803611738148984,21,Female,Bengaluru,214.0,2,4.21,11.312000000000001,5.103691588785047,1083,0.009345794392523364,,,,,,,
T00643,R0216,Zone_2,2.44,13.98,20.76,Cash,2023-01-13,0,-1.3311240295711988,-1.3047730307054666,3.080073421987742,1.235471471385307,3.7389838191679834,14.0,8.508196721311476,44,Female,Chennai,335.0,24,3.4,5.928,1.4891940298507462,2604,0.07164179104477612,Zone_2,6371.0,0.91,58.4,Residential,Low,0.0
T00644,R0113,Zone_3,1.73,14.83,27.56,Cash,2023-01-07,0,-1.251612315022787,-1.464291173323166,3.3520071374713836,1.0043016091968684,3.850973902793941,15.0,15.93063583815029,26,Other,Chennai,423.0,26,4.61,6.8775,2.591702127659574,2749,0.061465721040189124,Zone_3,12971.0,2.11,38.0,Business,High,2.0
T00645,R0115,Zone_1,12.8,66.54,204.15,Credit Card,2024-02-23,0,0.8132367544042768,1.0228438108711086,5.323741418888195,2.624668592163159,8.157205403813245,67.0,15.94921875,40,Female,Bengaluru,170.0,15,4.4,7.58909090909091,8.388058823529413,2391,0.08823529411764706,Zone_1,4921.0,2.43,30.9,Residential,High,2.0
T00646,R0174,Zone_7,12.15,64.55,263.3,UPI,2024-02-10,0,1.5048717419834763,0.876806074671806,5.577084821610244,2.5764217586237734,8.034301463101817,65.0,21.670781893004115,32,Male,Kolkata,320.0,7,3.8,8.877142857142857,2.88059375,2779,0.021875,,,,,,,
T00647,R0056,Zone_6,4.12,38.92,80.46,UPI,2024-02-10,0,-0.6330579474329368,-0.9273216509903462,4.400112102220266,1.6331544390514163,6.238589584192889,39.0,19.52912621359223,40,Other,Hyderabad,93.0,13,3.25,7.357777777777778,9.976236559139785,2029,0.13978494623655913,,,,,,,
T00648,R0110,Zone_8,13.89,96.27,200.61,Cash,2023-03-20,0,0.7718438912423096,1.2677378608053236,5.30633513814162,2.7006898466959175,9.81172767661231,96.0,14.442764578833694,19,Female,Kolkata,224.0,28,4.43,8.502857142857144,4.217366071428571,1321,0.125,,,,,,,
T00649,R0278,Zone_10,8.51,72.63,199.06,Wallet,2024-07-30,1,0.7537198974849508,0.05899475195571203,5.2986173215570345,2.252343876557299,8.522323626805074,73.0,23.39130434782609,20,Female,Mumbai,382.0,58,4.27,10.838888888888889,5.546492146596859,1841,0.1518324607329843,,,,,,,
T00650,R0183,Zone_3,5.89,52.13,120.01,Cash,2023-02-09,0,-0.1706037841403359,-0.5296496616476303,4.7958731868099616,1.9300710850255671,7.220110802473879,52.0,20.37521222410866,43,Other,Jaipur,406.0,66,3.79,7.2225,2.0964039408866997,1482,0.1625615763546798,Zone_3,12971.0,2.11,38.0,Business,High,2.0
T00651,R0253,Zone_9,4.54,40.37,36.81,Cash,2023-09-16,0,-1.1434529974385503,-0.8329588060615661,3.6325736179028416,1.7119945007591924,6.353739056650029,40.0,8.107929515418503,26,Male,Surat,173.0,24,3.16,7.117142857142857,4.485086705202312,1855,0.13872832369942195,,,,,,,
T00652,R0051,Zone_2,4.11,36.54,92.07,Cash,2024-03-14,0,-0.49730338774072197,-0.9295683853934124,4.533351898197619,1.631199404215613,6.044832503882965,37.0,22.401459854014597,21,Male,Kolkata,213.0,14,4.02,5.918,5.169107981220657,2356,0.06572769953051644,Zone_2,6371.0,0.91,58.4,Residential,Low,0.0
T00653,R0076,Zone_7,10.36,60.83,106.01,Wallet,2023-10-31,0,-0.33430437291647774,0.47464061652295747,4.67292228803891,2.4300984132930052,7.7993589480161765,61.0,10.232625482625483,40,Male,Bengaluru,137.0,13,3.34,11.354,6.3124817518248175,1719,0.0948905109489051,,,,,,,
T00654,R0091,Zone_6,11.25,78.11,193.37,Credit Card,2024-07-13,0,0.6871873010466475,0.6745999783958487,5.269763559129975,2.505525936990736,8.83798619596116,78.0,17.188444444444446,41,Other,Surat,334.0,43,3.4,7.1257142857142854,2.7054191616766468,1615,0.12874251497005987,,,,,,,
T00655,R0299,Zone_4,9.19,69.59,159.7,Wallet,2023-12-19,0,0.29348738504002614,0.21177269136421303,5.0795392727434665,2.321406847234633,8.342062095189654,70.0,17.377584330794342,33,Other,Kolkata,457.0,0,3.92,7.4725,1.0091903719912472,2204,0.0,Zone_4,4038.0,2.46,48.2,Business,High,2.0
T00656,R0073,Zone_10,2.25,11.5,41.0,Credit Card,2023-02-08,0,-1.094459749797691,-1.3474609843637242,3.7376696182833684,1.1786549963416462,3.391164991562634,12.0,18.22222222222222,41,Other,Ahmedabad,490.0,30,3.01,8.734444444444444,2.6034693877551023,1916,0.061224489795918366,,,,,,,
T00657,R0101,Zone_6,9.48,67.16,153.7,Credit Card,2023-07-18,0,0.22332998985025104,0.2769279890531328,5.04148775757902,2.349468678892896,8.19512049941915,67.0,16.21308016877637,37,Female,Delhi,228.0,29,3.03,9.058,2.9445614035087715,2146,0.12719298245614036,,,,,,,
T00658,R0034,Zone_4,10.83,85.4,175.44,UPI,2024-06-29,0,0.47753361842120284,0.5802371334670686,5.172980875236739,2.4706386779902956,9.241212041718338,85.0,16.1994459833795,26,Other,Chennai,484.0,48,3.1,7.62,0.8786157024793388,2704,0.09917355371900827,Zone_4,4038.0,2.46,48.2,Business,High,2.0
T00659,R0235,Zone_8,4.65,41.2,54.67,Cash,2023-03-24,0,-0.9346178177569866,-0.8082447276278379,4.019441402195416,1.7316555451583497,6.418722614352485,41.0,11.756989247311827,34,Other,Delhi,284.0,8,4.06,6.95625,2.972852112676056,2040,0.028169014084507043,,,,,,,
T00660,R0298,Zone_4,8.22,44.79,124.91,Credit Card,2023-05-08,0,-0.11330857806868633,-0.006160545733207349,4.835567366013609,2.2213750375685026,6.692533152700851,45.0,15.195863746958636,35,Female,Ahmedabad,65.0,11,3.88,9.027142857142858,15.421692307692307,2367,0.16923076923076924,Zone_4,4038.0,2.46,48.2,Business,High,2.0
T00661,R0232,Zone_1,1.32,10.7,16.12,Cash,2024-05-24,0,-1.3853790818512914,-1.55640728384888,2.840247370713596,0.8415671856782186,3.271085446759225,11.0,12.212121212121213,38,Male,Jaipur,172.0,15,3.94,7.169230769230769,8.667674418604651,1379,0.0872093023255814,Zone_1,4921.0,2.43,30.9,Residential,High,2.0
T00662,R0263,Zone_1,1.85,9.39,39.72,UPI,2023-11-22,0,-1.1094266607715095,-1.4373303604863719,3.7067193722422673,1.0473189942805592,3.0643106892089125,9.0,21.47027027027027,31,Other,Chennai,297.0,21,3.84,8.718333333333332,5.2110101010101015,2087,0.0707070707070707,Zone_1,4921.0,2.43,30.9,Residential,High,2.0
T00663,R0219,Zone_1,6.38,39.23,98.44,Wallet,2023-05-12,0,-0.4228196198475774,-0.41955967589738685,4.599554447202456,1.998773638612381,6.263385665915839,39.0,15.429467084639498,25,Female,Pune,498.0,83,4.15,6.42,0.3268473895582329,1983,0.16666666666666666,Zone_1,4921.0,2.43,30.9,Residential,High,2.0
T00664,R0164,Zone_1,6.45,40.09,156.9,Wallet,2024-05-09,1,0.26074726728479797,-0.4038325350759234,5.061961921261596,2.0082140323914683,6.331666447310692,40.0,24.325581395348838,37,Other,Ahmedabad,249.0,23,4.02,8.356666666666667,7.062208835341366,1534,0.09236947791164658,Zone_1,4921.0,2.43,30.9,Residential,High,2.0
T00665,R0068,Zone_6,9.76,72.89,188.8,Cash,2023-03-14,0,0.6337507517104355,0.339836552338986,5.245970886175828,2.3758355547336385,8.537564055396597,73.0,19.34426229508197,30,Female,Ahmedabad,456.0,70,4.97,7.977777777777778,2.4136622807017547,1478,0.15350877192982457,,,,,,,
T00666,R0078,Zone_6,2.07,20.62,19.63,UPI,2023-10-30,0,-1.3443370056652733,-1.3879022036189155,3.0267463270831603,1.1216775615991057,4.540925015897091,21.0,9.483091787439614,30,Other,Jaipur,97.0,9,3.62,0.83,0.2602061855670103,1354,0.09278350515463918,,,,,,,
T00667,R0169,Zone_8,6.29,59.47,147.72,Cash,2024-03-28,1,0.15340645264444197,-0.43978028552498255,5.0020653434131885,1.986503546020567,7.71167945391923,59.0,23.484896661367248,32,Male,Delhi,497.0,81,4.19,10.058571428571428,2.841871227364185,1304,0.16297786720321933,,,,,,,
T00668,R0131,Zone_10,5.55,47.04,109.67,UPI,2023-04-12,0,-0.291508361850715,-0.6060386313518809,4.706552800276694,1.8794650496471605,6.858571279792899,47.0,19.760360360360362,24,Male,Surat,99.0,7,3.6,5.394,4.396262626262627,2522,0.0707070707070707,,,,,,,
T00669,R0079,Zone_5,10.64,67.67,180.0,Credit Card,2024-06-22,0,0.530853238765432,0.5375491798088111,5.198497031265826,2.454447442303292,8.226177727231525,68.0,16.917293233082706,25,Male,Bengaluru,146.0,28,4.92,9.115,4.194589041095891,2185,0.1917808219178082,Zone_5,2590.0,1.31,43.9,Business,Medium,1.0
T00670,R0225,Zone_2,15.11,116.09,132.56,Wallet,2024-03-19,0,-0.023857899201723026,1.5418394579793988,4.894550815075454,2.779440197188883,10.774506949276148,116.0,8.772998014559894,39,Female,Delhi,465.0,9,4.08,8.055,1.4471397849462366,2285,0.01935483870967742,Zone_2,6371.0,0.91,58.4,Residential,Low,0.0
T00671,R0083,Zone_5,16.6,148.36,220.66,Credit Card,2023-11-30,0,1.006286520168141,1.8766028840362619,5.401144676347507,2.8678989020441064,12.18031198286809,148.0,13.292771084337348,45,Female,Mumbai,475.0,39,4.4,9.262,2.9796421052631583,1721,0.08210526315789474,Zone_5,2590.0,1.31,43.9,Business,Medium,1.0
T00672,R0033,Zone_4,0.16,1.45,3.59,Wallet,2023-02-08,0,-1.5318911088059384,-1.8170284746045582,1.5238800240724537,0.1484200051182733,1.2041594578792296,1.0,22.4375,18,Female,Chennai,472.0,37,3.24,6.412000000000001,1.4812500000000002,2675,0.07838983050847458,Zone_4,4038.0,2.46,48.2,Business,High,2.0
T00673,R0226,Zone_7,7.76,47.47,102.43,Wallet,2023-11-25,0,-0.37616495204637684,-0.10951032827425237,4.638895055389712,2.1701959049483,6.8898476035395735,47.0,13.199742268041238,20,Other,Surat,266.0,2,3.25,7.601428571428571,3.408571428571429,1875,0.007518796992481203,,,,,,,
T00674,R0155,Zone_9,2.44,16.42,55.16,Credit Card,2023-03-24,0,-0.9288882971498217,-1.3047730307054666,4.028204759717555,1.235471471385307,4.052159917870962,16.0,22.606557377049178,23,Male,Hyderabad,353.0,8,3.14,7.61375,2.639405099150142,2776,0.0226628895184136,,,,,,,
T00675,R0299,Zone_5,7.68,47.46,127.94,Credit Card,2023-09-01,0,-0.0778790934978499,-0.12748420349878192,4.859347179882474,2.1610215286722587,6.889121859859935,47.0,16.658854166666668,33,Other,Kolkata,457.0,0,3.92,7.4725,1.0091903719912472,2204,0.0,Zone_5,2590.0,1.31,43.9,Business,Medium,1.0
T00676,R0222,Zone_5,10.11,73.39,124.06,Wallet,2024-04-22,0,-0.12324754238723773,0.4184722564463027,4.828793622139152,2.4078456036515385,8.566796367370944,73.0,12.271018793273987,27,Male,Surat,475.0,12,3.44,9.88125,2.7908000000000004,1481,0.02526315789473684,Zone_5,2590.0,1.31,43.9,Business,Medium,1.0
T00677,R0237,Zone_5,8.41,50.53,176.08,Credit Card,2023-12-01,0,0.4850170739081124,0.03652740792505019,5.17660160786394,2.2417729535972883,7.108445681019163,51.0,20.936979785969086,40,Male,Chennai,36.0,3,3.71,9.737,49.20527777777777,1374,0.08333333333333333,Zone_5,2590.0,1.31,43.9,Business,Medium,1.0
T00678,R0285,Zone_5,7.75,65.69,99.93,Credit Card,2023-02-19,0,-0.4053972000421165,-0.11175706267731852,4.614427207250769,2.169053700369523,8.104936767180853,66.0,12.894193548387097,29,Female,Chennai,244.0,16,4.97,6.987777777777778,4.521639344262295,2807,0.06557377049180328,Zone_5,2590.0,1.31,43.9,Business,Medium,1.0
T00679,R0247,Zone_4,15.42,104.22,310.8,Wallet,2023-10-22,0,2.060284453902529,1.6114882244744508,5.742361956623676,2.7985001040242823,10.208819716304133,104.0,20.155642023346303,37,Male,Bengaluru,249.0,47,4.92,10.267692307692307,9.587590361445782,1955,0.18875502008032127,Zone_4,4038.0,2.46,48.2,Business,High,2.0
T00680,R0093,Zone_5,11.6,84.1,156.54,Wallet,2024-05-14,0,0.25653782357341126,0.7532356825031653,5.059679394275178,2.533696813957432,9.1706052144883,84.0,13.494827586206897,33,Other,Surat,119.0,18,3.77,11.925000000000002,10.72546218487395,2667,0.15126050420168066,Zone_5,2590.0,1.31,43.9,Business,Medium,1.0
T00681,R0288,Zone_2,6.64,65.31,66.38,Wallet,2023-08-13,0,-0.7976939681449423,-0.3611445814176659,4.2103482379784065,2.033397603178429,8.08146026408594,65.0,9.99698795180723,42,Male,Ahmedabad,43.0,5,4.56,6.51,18.50232558139535,1844,0.11627906976744186,Zone_2,6371.0,0.91,58.4,Residential,Low,0.0
T00682,R0263,Zone_4,8.12,48.79,66.14,Credit Card,2024-07-02,0,-0.8005002639525333,-0.02862788976386959,4.206779991551889,2.21046980408624,6.984983894040129,49.0,8.145320197044336,31,Other,Chennai,297.0,21,3.84,8.718333333333332,5.2110101010101015,2087,0.0707070707070707,Zone_4,4038.0,2.46,48.2,Business,High,2.0
T00683,R0143,Zone_3,12.35,76.72,167.95,Wallet,2024-02-16,0,0.38995380342596686,0.9217407627331298,5.129602813160299,2.5915163848462583,8.758995376183275,77.0,13.599190283400809,42,Other,Kolkata,74.0,13,4.56,6.13875,11.630405405405405,1269,0.17567567567567569,Zone_3,12971.0,2.11,38.0,Business,High,2.0
T00684,R0129,Zone_8,11.05,109.43,172.84,Credit Card,2024-06-24,0,0.44713208050563374,0.629665290334525,5.158135335948174,2.489064659936664,10.460879504133484,109.0,15.641628959276018,35,Male,Hyderabad,158.0,10,3.9,8.17090909090909,9.54620253164557,1440,0.06329113924050633,,,,,,,
T00685,R0293,Zone_1,5.87,55.88,88.65,Cash,2024-08-11,0,-0.5372931029988937,-0.5341431304537626,4.495913200051142,1.927164106234258,7.475292636412303,56.0,15.10221465076661,39,Female,Delhi,248.0,44,3.2,5.605,1.6186290322580645,2543,0.1774193548387097,Zone_1,4921.0,2.43,30.9,Residential,High,2.0
T00686,R0183,Zone_6,0.88,5.24,15.53,Cash,2023-01-26,0,-1.3922778923782861,-1.6552635975837926,2.805176911832933,0.6312717768418579,2.2891046284519194,5.0,17.647727272727273,43,Other,Jaipur,406.0,66,3.79,7.2225,2.0964039408866997,1482,0.1625615763546798,,,,,,,
T00687,R0011,Zone_10,2.08,18.39,45.79,Credit Card,2023-06-28,0,-1.0384507626378539,-1.3856554692158494,3.845669504878125,1.1249295969854831,4.288356328478313,18.0,22.014423076923077,26,Male,Chennai,208.0,34,4.0,8.896,7.842403846153845,2347,0.16346153846153846,,,,,,,
T00688,R0240,Zone_1,8.73,81.6,82.5,Cash,2023-12-16,0,-0.6092044330684132,0.10842290882316839,4.42484663185681,2.2752138961979136,9.033271832508971,82.0,9.450171821305842,30,Male,Delhi,174.0,2,4.07,11.515,7.0199425287356325,2313,0.011494252873563218,Zone_1,4921.0,2.43,30.9,Residential,High,2.0
T00689,R0023,Zone_9,0.93,5.95,23.2,Wallet,2023-03-31,1,-1.302593355527357,-1.6440299255684616,3.186352633162641,0.6575200029167941,2.4392621835300936,6.0,24.946236559139784,24,Other,Jaipur,176.0,32,3.21,8.11375,6.793295454545454,2535,0.18181818181818182,,,,,,,
T00690,R0139,Zone_7,7.24,42.34,63.2,UPI,2024-04-12,0,-0.834877387595523,-0.22634051723369428,4.162003210695915,2.1090003439213802,6.5069193939989765,42.0,8.7292817679558,44,Other,Kolkata,155.0,7,4.39,7.365,6.466,1074,0.04516129032258064,,,,,,,
T00691,R0233,Zone_9,5.73,45.95,133.37,Credit Card,2024-08-03,1,-0.014386650851103362,-0.5655974120966892,4.9005971888873185,1.9065751436566365,6.7786429320329304,46.0,23.275741710296682,30,Other,Hyderabad,469.0,41,4.37,12.752857142857142,3.520767590618337,1029,0.08742004264392324,,,,,,,
T00692,R0100,Zone_8,13.0,103.45,297.72,Cash,2023-09-29,0,1.9073413323888195,1.0677784989324324,5.699506679793412,2.6390573296152584,10.171037311896953,103.0,22.901538461538465,28,Male,Delhi,383.0,60,3.79,8.454166666666667,4.327650130548303,1942,0.1566579634464752,,,,,,,
T00693,R0007,Zone_8,1.4100000000000001,10.2,30.52,Cash,2024-05-08,0,-1.2170013333958314,-1.5361866742212842,3.4506222649896783,0.8796267475025636,3.1937438845342623,10.0,21.645390070921984,18,Female,Mumbai,458.0,82,4.03,6.603333333333334,1.3033187772925765,2001,0.17903930131004367,,,,,,,
T00694,R0139,Zone_10,1.6600000000000001,12.39,22.71,Credit Card,2024-01-02,0,-1.3083228761345218,-1.4800183141446295,3.165896900077314,0.9783261227936078,3.5199431813596083,12.0,13.680722891566264,44,Other,Kolkata,155.0,7,4.39,7.365,6.466,1074,0.04516129032258064,,,,,,,
T00695,R0210,Zone_3,5.9,41.55,120.7,Cash,2023-07-07,0,-0.16253568369351176,-0.527402927244564,4.801558999993482,1.9315214116032138,6.445928947793328,42.0,20.457627118644066,34,Other,Mumbai,94.0,5,3.4,10.135,5.512659574468086,1719,0.05319148936170213,Zone_3,12971.0,2.11,38.0,Business,High,2.0
T00696,R0212,Zone_5,11.17,61.83,259.1,UPI,2023-05-30,1,1.4557615653506337,0.6566261031713192,5.5610661724546055,2.498973906999436,7.863205453248694,62.0,23.196060877350046,36,Female,Ahmedabad,73.0,12,3.22,8.368571428571428,16.18246575342466,1102,0.1643835616438356,Zone_5,2590.0,1.31,43.9,Business,Medium,1.0
T00697,R0020,Zone_10,13.35,124.39,176.41,Cash,2023-06-27,0,0.48887573064354983,1.146414203039749,5.178463438072558,2.66374994220563,11.153026495081951,124.0,13.214232209737828,35,Female,Chennai,274.0,21,4.03,7.692857142857143,2.722846715328467,2557,0.07664233576642336,,,,,,,
T00698,R0225,Zone_8,3.45,32.28,76.58,UPI,2023-08-29,0,-0.6784263963223246,-1.0778528559957812,4.351309662011821,1.4929040961781488,5.681549084536717,32.0,22.19710144927536,39,Female,Delhi,465.0,9,4.08,8.055,1.4471397849462366,2285,0.01935483870967742,,,,,,,
T00699,R0008,Zone_1,10.35,92.59,230.94,UPI,2023-10-31,0,1.1264895239266224,0.47239388211989136,5.446478717528557,2.4292177439274116,9.622369770487934,93.0,22.31304347826087,28,Female,Jaipur,215.0,23,4.02,6.03125,4.1547441860465115,1447,0.10697674418604651,Zone_1,4921.0,2.43,30.9,Residential,High,2.0
T00700,R0057,Zone_5,2.44,14.61,25.52,UPI,2024-01-19,0,-1.2754658293873107,-1.3047730307054666,3.277899165317662,1.235471471385307,3.8223029707232783,15.0,10.459016393442623,39,Male,Bengaluru,407.0,11,3.66,7.716923076923076,3.9414742014742012,1201,0.02702702702702703,Zone_5,2590.0,1.31,43.9,Business,Medium,1.0
T00701,R0185,Zone_3,4.26,26.43,98.86,Credit Card,2023-09-16,1,-0.4179086021842931,-0.8958673693474196,4.603769205072463,1.6601310267496185,5.141011573610781,26.0,23.206572769953052,27,Male,Delhi,201.0,12,4.05,6.247142857142857,3.7018905472636816,1847,0.05970149253731343,Zone_3,12971.0,2.11,38.0,Business,High,2.0
T00702,R0166,Zone_9,10.84,82.23,127.69,Cash,2024-07-11,0,-0.08080231829742386,0.5824838678701348,4.857406411505574,2.4714836294558595,9.068075870878012,82.0,11.779520295202952,24,Other,Chennai,349.0,63,4.29,10.79,1.7994555873925502,2011,0.18051575931232092,,,,,,,
T00703,R0169,Zone_6,11.59,84.56,254.99,Wallet,2023-04-12,0,1.4077037496456377,0.7509889481000992,5.545138381216603,2.532902848056256,9.19565114605812,85.0,22.00086281276963,32,Male,Delhi,497.0,81,4.19,10.058571428571428,2.841871227364185,1304,0.16297786720321933,,,,,,,
T00704,R0269,Zone_8,3.0,15.1,55.4,Wallet,2023-11-03,0,-0.9260820013422306,-1.1789559041337598,4.032469158504013,1.3862943611198906,3.8858718455450894,15.0,18.466666666666665,41,Male,Mumbai,423.0,16,3.41,9.008571428571429,3.4486288416075648,2678,0.037825059101654845,,,,,,,
T00705,R0268,Zone_10,10.37,72.86,110.81,Cash,2023-07-31,0,-0.2781784567646577,0.47688735092602363,4.716801002159277,2.4309783077624445,8.53580693314932,73.0,10.685631629701062,34,Male,Chennai,10.0,0,4.6,8.504,72.60799999999999,1432,0.0,,,,,,,
T00706,R0290,Zone_5,1.34,7.33,25.26,Cash,2023-09-16,0,-1.2785059831788674,-1.5519138150427476,3.26804686887465,0.8501509293696101,2.7073972741361767,7.0,18.850746268656717,34,Other,Chennai,169.0,4,4.28,7.58,6.376745562130178,2325,0.023668639053254437,Zone_5,2590.0,1.31,43.9,Business,Medium,1.0
T00707,R0147,Zone_8,6.99,65.49,96.35,Credit Card,2023-11-13,0,-0.44725777917201576,-0.28250887731034907,4.578312731818208,2.0781907597781832,8.092589202474075,65.0,13.783977110157366,35,Other,Mumbai,239.0,21,3.91,7.94375,4.272970711297071,1480,0.08786610878661087,,,,,,,
T00708,R0127,Zone_3,2.33,15.08,27.27,UPI,2023-02-27,0,-1.2550032557902928,-1.3294871091391947,3.341801171705499,1.2029723039923526,3.8832975677895196,15.0,11.703862660944205,38,Male,Chennai,43.0,2,4.83,7.867777777777778,32.56906976744186,2375,0.046511627906976744,Zone_3,12971.0,2.11,38.0,Business,High,2.0
T00709,R0120,Zone_5,3.96,21.4,34.72,Wallet,2024-05-01,0,-1.1678911567629888,-0.9632694014394053,3.575710756008298,1.601405740736836,4.626013402488151,21.0,8.767676767676768,18,Other,Surat,311.0,15,4.55,8.525,3.260289389067524,2258,0.04823151125401929,Zone_5,2590.0,1.31,43.9,Business,Medium,1.0
T00710,R0104,Zone_6,1.62,8.4,39.64,UPI,2024-02-14,1,-1.1103620927073732,-1.4890052517568941,3.7047528032702264,0.9631743177730056,2.898275349237888,8.0,24.469135802469136,52,Male,Kolkata,328.0,1,3.7,5.187777777777779,2.3335060975609756,1939,0.003048780487804878,,,,,,,
T00711,R0138,Zone_10,10.77,59.63,129.77,UPI,2023-07-06,0,-0.05648108796496835,0.5667567270486714,4.873440054918411,2.4655539212721855,7.722046360907192,60.0,12.04921077065924,46,Male,Kolkata,13.0,0,3.53,6.25,39.95692307692308,1512,0.0,,,,,,,
T00712,R0186,Zone_2,10.77,97.47,91.35,Wallet,2024-06-27,0,-0.505722275163495,0.5667567270486714,4.5255857066452485,2.4655539212721855,9.8726896031426,97.0,8.481894150417826,18,Other,Hyderabad,373.0,19,3.26,9.797142857142857,2.5169436997319035,2106,0.05093833780160858,Zone_2,6371.0,0.91,58.4,Residential,Low,0.0
T00713,R0155,Zone_5,4.54,30.68,56.41,UPI,2023-04-13,0,-0.9142721731519519,-0.8329588060615661,4.050218504179545,1.7119945007591924,5.5389529696504916,31.0,12.42511013215859,23,Male,Hyderabad,353.0,8,3.14,7.61375,2.639405099150142,2776,0.0226628895184136,Zone_5,2590.0,1.31,43.9,Business,Medium,1.0
T00714,R0099,Zone_10,9.88,70.11,193.24,Cash,2023-01-25,0,0.6856672241508691,0.36679736517578054,5.2690945078711335,2.3869262414277967,8.373171442171717,70.0,19.558704453441294,35,Other,Mumbai,80.0,8,3.7,7.707777777777778,16.033250000000002,1853,0.1,,,,,,,
T00715,R0085,Zone_4,9.31,81.46,121.48,Credit Card,2024-05-31,0,-0.153415222318841,0.23873350420100756,4.807947751349428,2.333114298028869,9.02551937563706,81.0,13.048335123523094,29,Female,Chennai,94.0,12,4.95,8.798,5.4245744680851065,1461,0.1276595744680851,Zone_4,4038.0,2.46,48.2,Business,High,2.0
T00716,R0202,Zone_4,7.36,39.52,103.51,Wallet,2024-04-23,0,-0.36353662091221733,-0.19937970439689995,4.649282760606412,2.1234584270966104,6.286493458200685,40.0,14.063858695652174,27,Male,Ahmedabad,317.0,0,4.72,9.2125,2.86794952681388,1785,0.0,Zone_4,4038.0,2.46,48.2,Business,High,2.0
T00717,R0281,Zone_9,18.79,108.29,303.19,Wallet,2024-07-06,0,1.9713014910034974,2.3686377183077574,5.717652506175064,2.9851767596144745,10.406248123122953,108.0,16.13571048430016,21,Female,Jaipur,268.0,17,4.74,7.626,2.050858208955224,2163,0.06343283582089553,,,,,,,
T00718,R0019,Zone_5,3.8,22.43,34.99,Cash,2023-07-19,0,-1.1647340739794487,-0.9992171518884644,3.5832411220909393,1.5686159179138452,4.736032094485847,22.0,9.207894736842107,40,Other,Mumbai,266.0,24,4.08,7.75,2.3796616541353384,1264,0.09022556390977443,Zone_5,2590.0,1.31,43.9,Business,Medium,1.0
T00719,R0088,Zone_9,8.07,64.32,70.11,UPI,2023-03-30,0,-0.7540794541352988,-0.03986156177920031,4.2642279738954265,2.2049722641270453,8.019975062305368,64.0,8.687732342007434,22,Other,Jaipur,438.0,0,4.78,7.78125,2.0405479452054793,2629,0.0,,,,,,,
T00720,R0142,Zone_8,6.09,35.44,97.92,UPI,2024-05-10,0,-0.42889992743069116,-0.48471497358630644,4.594311442653216,1.958685340544036,5.9531504264548865,35.0,16.07881773399015,33,Female,Kolkata,78.0,5,3.48,6.78,5.378205128205129,2023,0.0641025641025641,,,,,,,
T00721,R0236,Zone_8,6.14,39.16,117.18,Wallet,2024-02-14,0,-0.2036946888715131,-0.4734813015709755,4.772208885917529,1.965712776351493,6.257795138864806,39.0,19.08469055374593,28,Male,Ahmedabad,61.0,1,3.36,4.546363636363636,12.599016393442623,2229,0.01639344262295082,,,,,,,
T00722,R0068,Zone_10,8.8,66.49,101.39,Wallet,2024-08-05,0,-0.3883255672126046,0.1241500496446318,4.628789051586725,2.2823823856765264,8.154140052758475,66.0,11.521590909090909,30,Female,Ahmedabad,456.0,70,4.97,7.977777777777778,2.4136622807017547,1478,0.15350877192982457,,,,,,,
T00723,R0030,Zone_1,6.53,57.16,158.88,Cash,2023-01-23,1,0.2838992076974236,-0.3858586598513939,5.074423533843123,2.018895041811802,7.560423268574319,57.0,24.330781010719754,25,Other,Mumbai,442.0,58,3.72,7.368181818181818,3.581809954751131,2078,0.13122171945701358,Zone_1,4921.0,2.43,30.9,Residential,High,2.0
T00724,R0286,Zone_7,3.7,28.26,54.64,Wallet,2023-09-08,0,-0.9349686047329355,-1.0216844959191262,4.018902367055242,1.547562508716013,5.316013544000805,28.0,14.767567567567568,26,Male,Pune,29.0,0,4.48,7.043333333333333,21.62551724137931,1310,0.0,,,,,,,
T00725,R0042,Zone_8,8.62,52.02,140.1,Credit Card,2023-05-08,0,0.06430656075342757,0.08370883038944002,4.9494688588587685,2.263844264677615,7.212489168102785,52.0,16.25290023201856,18,Female,Chennai,23.0,4,3.03,9.232,32.10782608695652,1946,0.17391304347826086,,,,,,,
T00726,R0095,Zone_4,13.91,106.66,153.83,Wallet,2024-03-11,0,0.22485006674602978,1.2722313296114558,5.042327740828745,2.702032128776647,10.327632836231157,107.0,11.058950395398995,29,Female,Chennai,481.0,77,4.26,8.826923076923077,4.085571725571726,2171,0.1600831600831601,Zone_4,4038.0,2.46,48.2,Business,High,2.0
T00727,R0244,Zone_1,12.71,91.86,182.94,Cash,2024-04-12,0,0.5652303624084217,1.002623201243513,5.214609617474552,2.6181254935742233,9.584362263604188,92.0,14.3933910306845,24,Female,Kolkata,27.0,1,3.13,8.8275,24.00777777777778,2705,0.037037037037037035,Zone_1,4921.0,2.43,30.9,Residential,High,2.0
T00728,R0165,Zone_1,9.02,74.07,124.34,UPI,2023-04-25,0,-0.11997353061171488,0.17357820651208777,4.831030044796529,2.3045830956567186,8.606392972668631,74.0,13.784922394678492,37,Female,Kolkata,34.0,5,3.27,7.785,22.932352941176468,1743,0.14705882352941177,Zone_1,4921.0,2.43,30.9,Residential,High,2.0
T00729,R0150,Zone_2,4.32,25.6,72.15,Credit Card,2024-06-18,0,-0.7302259397707751,-0.8823869629290223,4.292512127466133,1.6714733033535532,5.059644256269407,26.0,16.70138888888889,33,Male,Pune,215.0,16,4.95,7.922857142857143,3.506232558139535,1663,0.07441860465116279,Zone_2,6371.0,0.91,58.4,Residential,Low,0.0
T00730,R0083,Zone_9,8.93,76.17,169.27,Cash,2023-05-02,0,0.4053884303677176,0.15335759688449208,5.137385412432552,2.295560478057081,8.727542609463445,76.0,18.955207166853306,45,Female,Mumbai,475.0,39,4.4,9.262,2.9796421052631583,1721,0.08210526315789474,,,,,,,
T00731,R0235,Zone_1,13.42,107.43,312.14,Wallet,2023-12-01,1,2.075952938828245,1.1621413438612123,5.746650374883377,2.668616131856803,10.36484442719716,107.0,23.259314456035767,34,Other,Delhi,284.0,8,4.06,6.95625,2.972852112676056,2040,0.028169014084507043,Zone_1,4921.0,2.43,30.9,Residential,High,2.0
T00732,R0144,Zone_4,13.96,82.36,302.82,Credit Card,2023-08-03,0,1.9669751183001278,1.283465001626787,5.716435420779517,2.7053799725463312,9.075241043630742,82.0,21.691977077363894,34,Other,Pune,194.0,10,3.52,9.385555555555555,8.002319587628865,2055,0.05154639175257732,Zone_4,4038.0,2.46,48.2,Business,High,2.0
T00733,R0083,Zone_9,9.8,87.85,105.78,Wallet,2024-06-30,0,-0.33699373973208585,0.348823489951251,4.67077064307204,2.379546134130174,9.372833082905082,88.0,10.793877551020408,45,Female,Mumbai,475.0,39,4.4,9.262,2.9796421052631583,1721,0.08210526315789474,,,,,,,
T00734,R0132,Zone_10,6.18,44.74,54.04,Cash,2023-05-15,0,-0.9419843442519131,-0.46449436395871074,4.008060193625088,1.9712993830601329,6.688796603276257,45.0,8.74433656957929,23,Male,Surat,484.0,25,3.32,6.309090909090909,2.2556404958677687,1378,0.05165289256198347,,,,,,,
T00735,R0046,Zone_5,6.99,49.05,168.24,Cash,2023-09-22,1,0.3933447441934729,-0.28250887731034907,5.131317825851867,2.0781907597781832,7.003570517957251,49.0,24.068669527896997,31,Female,Kolkata,31.0,4,3.87,10.0025,41.82,2589,0.12903225806451613,Zone_5,2590.0,1.31,43.9,Business,Medium,1.0
T00736,R0267,Zone_1,11.86,63.25,193.92,Credit Card,2023-02-02,0,0.69361839560571,0.8116507769828863,5.272589217975305,2.554121718809473,7.952986860293433,63.0,16.350758853288365,37,Other,Jaipur,131.0,11,4.5,9.437999999999999,5.203740458015267,2085,0.08396946564885496,Zone_1,4921.0,2.43,30.9,Residential,High,2.0
T00737,R0049,Zone_10,11.43,103.54,204.21,Wallet,2024-07-13,0,0.8139383283561745,0.7150411976510401,5.324033845052673,2.5201129055226197,10.175460677532001,104.0,17.866141732283467,39,Male,Mumbai,375.0,55,4.4,9.728333333333333,2.6144,2312,0.14666666666666667,,,,,,,
T00738,R0129,Zone_5,0.79,4.2,15.17,UPI,2024-03-20,0,-1.3964873360896726,-1.6754842072113882,2.783157673589016,0.5822156198526637,2.04939015319192,4.0,19.202531645569618,35,Male,Hyderabad,158.0,10,3.9,8.17090909090909,9.54620253164557,1440,0.06329113924050633,Zone_5,2590.0,1.31,43.9,Business,Medium,1.0
T00739,R0202,Zone_2,11.29,57.39,225.53,Cash,2024-07-15,0,1.063230939263842,0.6835869160081133,5.422877386483444,2.5087859235779435,7.575618786607468,57.0,19.97608503100089,27,Male,Ahmedabad,317.0,0,4.72,9.2125,2.86794952681388,1785,0.0,Zone_2,6371.0,0.91,58.4,Residential,Low,0.0
T00740,R0137,Zone_4,11.56,113.08,192.67,Wallet,2024-01-24,0,0.6790022716078402,0.7442487448909008,5.26615567973964,2.5305171610400525,10.633908030446756,113.0,16.666955017301035,27,Male,Bengaluru,166.0,32,3.14,11.76142857142857,9.032349397590362,1864,0.1927710843373494,Zone_4,4038.0,2.46,48.2,Business,High,2.0
T00741,R0074,Zone_1,3.56,26.1,56.39,Credit Card,2023-04-18,0,-0.9145060311359178,-1.0531387775620529,4.049870072120271,1.5173226235262949,5.10881590977792,26.0,15.839887640449438,23,Male,Kolkata,199.0,22,4.89,6.598571428571428,4.106884422110553,1102,0.11055276381909548,Zone_1,4921.0,2.43,30.9,Residential,High,2.0
T00742,R0242,Zone_6,4.18,26.81,42.02,UPI,2024-02-03,0,-1.082532992615429,-0.9138412445719492,3.761665123839584,1.6448050562713916,5.177837386399847,27.0,10.05263157894737,34,Male,Ahmedabad,445.0,8,4.54,3.7528571428571427,0.7375056179775281,1565,0.017977528089887642,,,,,,,
T00743,R0157,Zone_2,4.21,41.73,90.77,Cash,2024-04-09,0,-0.5125041566985066,-0.9071010413627505,4.519285446830922,1.6505798557652755,6.4598761598036845,42.0,21.56057007125891,36,Female,Hyderabad,319.0,27,4.65,11.39,5.880658307210031,1759,0.08463949843260188,Zone_2,6371.0,0.91,58.4,Residential,Low,0.0
T00744,R0229,Zone_8,4.6,43.9,90.14,Credit Card,2024-06-26,0,-0.5198706831934329,-0.8194783996431692,4.512396785835737,1.7227665977411035,6.6257075093909785,44.0,19.595652173913045,22,Female,Mumbai,146.0,16,4.43,7.736,4.715753424657534,2124,0.1095890410958904,,,,,,,
T00745,R0060,Zone_1,0.92,7.67,21.17,Credit Card,2024-04-01,0,-1.3263299408998974,-1.6462766599715277,3.09874002362822,0.6523251860396903,2.7694764848252458,8.0,23.01086956521739,40,Female,Hyderabad,123.0,7,4.57,7.876666666666666,5.954308943089431,1143,0.056910569105691054,Zone_1,4921.0,2.43,30.9,Residential,High,2.0
T00746,R0218,Zone_4,9.57,82.88,146.52,Credit Card,2023-10-24,0,0.1393749736064871,0.2971485986807285,4.993963759808284,2.3580197998821464,9.103845341392834,83.0,15.310344827586208,34,Other,Delhi,160.0,16,3.87,8.34,4.5341875,2806,0.1,Zone_4,4038.0,2.46,48.2,Business,High,2.0
T00747,R0286,Zone_6,4.07,31.13,74.18,Cash,2023-03-16,0,-0.7064893543982346,-0.9385553230056771,4.319885238136032,1.623340817603092,5.579426493825329,31.0,18.226044226044227,26,Male,Pune,29.0,0,4.48,7.043333333333333,21.62551724137931,1310,0.0,,,,,,,
T00748,R0020,Zone_9,7.65,74.95,122.69,Wallet,2023-01-03,0,-0.13926681428890308,-0.13422440670798036,4.817778435386918,2.157559320943788,8.657366805212773,75.0,16.037908496732026,35,Female,Chennai,274.0,21,4.03,7.692857142857143,2.722846715328467,2557,0.07664233576642336,,,,,,,
T00749,R0105,Zone_8,5.51,42.85,113.07,Cash,2024-03-17,0,-0.2517525045765092,-0.6150255689641456,4.736812295039806,1.873339456220478,6.545991139621257,43.0,20.52087114337568,31,Female,Jaipur,346.0,9,3.69,7.933333333333334,3.7604624277456646,2180,0.02601156069364162,,,,,,,
T00750,R0063,Zone_1,9.28,47.06,182.89,UPI,2023-05-17,0,0.5646457174485068,0.23199330099180873,5.214337752752762,2.330200260027019,6.860029154456998,47.0,19.707974137931036,34,Male,Surat,329.0,33,4.83,11.258333333333333,3.7828571428571425,1245,0.10030395136778116,Zone_1,4921.0,2.43,30.9,Residential,High,2.0
T00751,R0095,Zone_9,2.95,15.71,41.79,Cash,2023-12-23,0,-1.0852223594310373,-1.1901895761490906,3.7563044304287256,1.3737155789130306,3.963584236521283,16.0,14.166101694915254,29,Female,Chennai,481.0,77,4.26,8.826923076923077,4.085571725571726,2171,0.1600831600831601,,,,,,,
T00752,R0081,Zone_4,9.23,88.32,218.67,Credit Card,2024-07-07,1,0.9830176507635322,0.220759628976478,5.392126420226094,2.325324579963535,9.397872099576585,88.0,23.691224268689055,42,Other,Mumbai,114.0,2,3.9,8.82,7.123421052631579,1690,0.017543859649122806,Zone_4,4038.0,2.46,48.2,Business,High,2.0
T00753,R0013,Zone_6,9.95,66.91,136.07,UPI,2024-06-28,0,0.017184176984295293,0.3825245059972436,4.920491744243289,2.3933394562625097,8.179853299418028,67.0,13.67537688442211,43,Female,Kolkata,6.0,0,3.91,8.945555555555556,238.80666666666664,2726,0.0,,,,,,,
T00754,R0088,Zone_6,12.14,121.09,232.59,UPI,2024-07-02,0,1.1457828076038106,0.8745593402687399,5.4535674418185955,2.5756610130564646,11.00409014866745,121.0,19.158978583196046,22,Other,Jaipur,438.0,0,4.78,7.78125,2.0405479452054793,2629,0.0,,,,,,,
T00755,R0029,Zone_8,17.84,165.01,404.34,Cash,2023-11-06,0,3.154038244911122,2.1551979500164693,6.004726221091167,2.935982269148217,12.84562182223967,165.0,22.664798206278025,30,Male,Surat,4.0,0,3.69,9.961666666666666,290.62,1516,0.0,,,,,,,
T00756,R0264,Zone_10,2.46,24.21,25.57,Wallet,2024-02-10,0,-1.274881184427396,-1.3002795618993341,3.279782759771722,1.2412685890696329,4.920365840057018,24.0,10.394308943089431,27,Other,Delhi,401.0,54,3.59,4.1466666666666665,0.47408977556109727,2780,0.13466334164588528,,,,,,,
T00757,R0158,Zone_2,9.6,69.01,119.92,Cash,2023-10-03,0,-0.17165614506818255,0.30388880188992695,4.795129169911258,2.3608540011180215,8.307225770376053,69.0,12.491666666666667,27,Male,Ahmedabad,441.0,60,3.57,6.365,0.8727210884353742,2244,0.1360544217687075,Zone_2,6371.0,0.91,58.4,Residential,Low,0.0
T00758,R0029,Zone_9,4.45,40.55,97.15,UPI,2024-08-13,0,-0.43790345981337897,-0.8531794156891619,4.58649692072247,1.6956156086751528,6.367888189973187,41.0,21.831460674157302,30,Male,Surat,4.0,0,3.69,9.961666666666666,290.62,1516,0.0,,,,,,,
T00759,R0258,Zone_5,1.63,10.31,38.61,Wallet,2023-12-08,1,-1.122405778881618,-1.486758517353828,3.6790816116338254,0.9669838461896731,3.2109188716004646,10.0,23.687116564417177,32,Female,Jaipur,313.0,39,3.76,5.846000000000001,1.5953674121405752,2423,0.12460063897763578,Zone_5,2590.0,1.31,43.9,Business,Medium,1.0
T00760,R0109,Zone_2,12.21,66.9,141.11,Cash,2023-10-25,0,0.0761163889437066,0.8902864810902034,4.95660140560377,2.580974118534234,8.179242018671413,67.0,11.556920556920558,35,Female,Delhi,62.0,5,3.35,10.81,11.13532258064516,1398,0.08064516129032258,Zone_2,6371.0,0.91,58.4,Residential,Low,0.0
T00761,R0147,Zone_2,14.66,138.46,271.36,Cash,2023-08-28,0,1.5991165095217408,1.4407364098414202,5.607124720614766,2.751109690562657,11.766902736064406,138.0,18.510231923601637,35,Other,Mumbai,239.0,21,3.91,7.94375,4.272970711297071,1480,0.08786610878661087,Zone_2,6371.0,0.91,58.4,Residential,Low,0.0
T00762,R0168,Zone_2,6.04,35.12,120.34,Wallet,2024-02-19,0,-0.16674512740489827,-0.4959486456016374,4.798596522514152,1.951608170169951,5.9262129560116215,35.0,19.92384105960265,23,Male,Pune,471.0,74,4.03,7.004,1.2087261146496815,2536,0.15711252653927812,Zone_2,6371.0,0.91,58.4,Residential,Low,0.0
T00763,R0085,Zone_10,9.05,82.0,95.17,Cash,2023-10-12,0,-0.4610554002260048,0.1803184097212866,4.56611745872439,2.307572634505085,9.055385138137417,82.0,10.516022099447513,29,Female,Chennai,94.0,12,4.95,8.798,5.4245744680851065,1461,0.1276595744680851,,,,,,,
T00764,R0186,Zone_10,7.68,68.84,68.0,Wallet,2024-06-14,0,-0.7787514714437029,-0.12748420349878192,4.23410650459726,2.1610215286722587,8.296987405076615,69.0,8.854166666666668,18,Other,Hyderabad,373.0,19,3.26,9.797142857142857,2.5169436997319035,2106,0.05093833780160858,,,,,,,
T00765,R0201,Zone_9,10.17,51.68,102.51,Credit Card,2023-06-17,0,-0.3752295201105132,0.43195266286469997,4.639668226395659,2.413231613081109,7.188880302244572,52.0,10.079646017699115,37,Female,Delhi,183.0,15,3.84,9.668571428571429,5.856830601092896,1990,0.08196721311475409,,,,,,,
T00766,R0279,Zone_8,12.4,102.66,217.64,UPI,2024-06-30,0,0.9709739645892875,0.9329744347484609,5.387426541619813,2.5952547069568657,10.132127121192273,103.0,17.551612903225806,25,Other,Pune,454.0,84,3.73,8.309999999999999,1.5398017621145372,1610,0.18502202643171806,,,,,,,
T00767,R0279,Zone_5,9.72,77.55,114.71,Wallet,2024-06-02,0,-0.232576149891304,0.3308496147267215,4.7510870608882465,2.372111155642656,8.806247782114696,78.0,11.801440329218105,25,Other,Pune,454.0,84,3.73,8.309999999999999,1.5398017621145372,1610,0.18502202643171806,Zone_5,2590.0,1.31,43.9,Business,Medium,1.0
T00768,R0047,Zone_1,9.73,57.22,227.41,Wallet,2024-08-05,1,1.085213589756638,0.3330963491297876,5.431142259660542,2.373043556642607,7.564390259630977,57.0,23.372045220966083,51,Female,Bengaluru,69.0,3,4.86,8.89,16.592318840579708,1806,0.043478260869565216,Zone_1,4921.0,2.43,30.9,Residential,High,2.0
T00769,R0042,Zone_9,14.3,136.69,290.49,Cash,2023-06-12,0,1.8228016711851402,1.3598539713310374,5.675005699884782,2.72785282839839,11.69144986731757,137.0,20.313986013986014,18,Female,Chennai,23.0,4,3.03,9.232,32.10782608695652,1946,0.17391304347826086,,,,,,,
T00770,R0154,Zone_1,7.18,62.64,127.03,UPI,2023-07-12,0,-0.08851963176829908,-0.23982092365209154,4.852264611458088,2.1016921506146558,7.914543574963751,63.0,17.692200557103064,18,Other,Kolkata,466.0,79,4.68,10.663076923076924,4.419570815450644,2733,0.16952789699570817,Zone_1,4921.0,2.43,30.9,Residential,High,2.0
T00771,R0058,Zone_1,12.62,113.65,150.09,Cash,2023-12-27,0,0.18111862374440318,0.9824025916159168,5.01787568575175,2.611539300721366,10.660675400742676,114.0,11.893026941362917,46,Male,Kolkata,480.0,25,4.32,9.515,2.1738958333333334,1935,0.052083333333333336,Zone_1,4921.0,2.43,30.9,Residential,High,2.0
T00772,R0006,Zone_5,3.89,37.48,68.34,Cash,2023-11-14,0,-0.7747758857162823,-0.9789965422608685,4.239021940256878,1.5871923034867808,6.1220911460055865,37.0,17.568123393316196,45,Female,Jaipur,248.0,13,4.64,9.034285714285714,4.417056451612903,1175,0.05241935483870968,Zone_5,2590.0,1.31,43.9,Business,Medium,1.0
T00773,R0045,Zone_1,16.04,113.26,297.73,UPI,2023-08-20,0,1.9074582613808022,1.7507857574645544,5.6995401553980685,2.8355635214011694,10.64236815751081,113.0,18.561720698254366,34,Other,Ahmedabad,100.0,16,4.88,9.725555555555555,15.298499999999999,1163,0.16,Zone_1,4921.0,2.43,30.9,Residential,High,2.0
T00774,R0199,Zone_4,11.69,79.48,280.26,Wallet,2023-10-09,1,1.7031833123865736,0.7734562921307611,5.639279508442102,2.540814281726296,8.915155635209068,79.0,23.974337040205302,29,Male,Ahmedabad,344.0,27,3.91,8.515,4.652616279069767,1871,0.07848837209302326,Zone_4,4038.0,2.46,48.2,Business,High,2.0
T00775,R0213,Zone_5,5.98,53.94,106.57,Credit Card,2023-02-13,0,-0.3277563493654322,-0.5094290520200344,4.678141798443914,1.9430489167742813,7.344385610791416,54.0,17.82107023411371,29,Female,Chennai,456.0,26,3.74,6.7877777777777775,2.3342105263157893,2662,0.05701754385964912,Zone_5,2590.0,1.31,43.9,Business,Medium,1.0
T00776,R0093,Zone_2,2.5700000000000003,17.8,38.6,Wallet,2023-09-05,0,-1.1225227078736009,-1.275565483465606,3.6788291182604347,1.2725655957915478,4.219004621945797,18.0,15.019455252918286,33,Other,Surat,119.0,18,3.77,11.925000000000002,10.72546218487395,2667,0.15126050420168066,Zone_2,6371.0,0.91,58.4,Residential,Low,0.0
T00777,R0023,Zone_5,8.0,40.24,164.23,Credit Card,2024-03-17,0,0.3464562184083063,-0.05558870260066372,5.1073384426629,2.1972245773362196,6.343500610861483,40.0,20.52875,24,Other,Jaipur,176.0,32,3.21,8.11375,6.793295454545454,2535,0.18181818181818182,Zone_5,2590.0,1.31,43.9,Business,Medium,1.0
T00778,R0129,Zone_4,2.09,13.29,35.96,Wallet,2023-03-04,0,-1.1533919617571018,-1.3834087348127833,3.6098362467734835,1.128171090909654,3.645545226711637,13.0,17.20574162679426,35,Male,Hyderabad,158.0,10,3.9,8.17090909090909,9.54620253164557,1440,0.06329113924050633,Zone_4,4038.0,2.46,48.2,Business,High,2.0
T00779,R0193,Zone_1,9.5,68.8,211.56,Cash,2023-07-12,0,0.899881137463649,0.2814214578592651,5.359224301451558,2.3513752571634776,8.294576541331088,69.0,22.269473684210528,33,Female,Chennai,389.0,68,4.41,8.012857142857143,2.5851928020565555,1718,0.17480719794344474,Zone_1,4921.0,2.43,30.9,Residential,High,2.0
T00780,R0047,Zone_4,15.26,79.91,310.84,UPI,2024-06-30,0,2.0607521698704603,1.5755404740253918,5.74249023575925,2.7887081041196646,8.939239341241512,80.0,20.369593709043247,51,Female,Bengaluru,69.0,3,4.86,8.89,16.592318840579708,1806,0.043478260869565216,Zone_4,4038.0,2.46,48.2,Business,High,2.0
T00781,R0105,Zone_8,8.8,66.42,85.32,Cash,2024-03-09,0,-0.576230457329219,0.1241500496446318,4.458061320949879,2.2823823856765264,8.149846624323676,66.0,9.695454545454544,31,Female,Jaipur,346.0,9,3.69,7.933333333333334,3.7604624277456646,2180,0.02601156069364162,,,,,,,
T00782,R0032,Zone_2,7.11,61.63,176.63,Cash,2024-05-01,1,0.4914481684671749,-0.2555480644735547,5.179702735211794,2.0930978681273213,7.850477692471968,62.0,24.84247538677918,18,Female,Mumbai,213.0,24,4.0,9.455714285714285,6.542723004694835,1093,0.11267605633802817,Zone_2,6371.0,0.91,58.4,Residential,Low,0.0
T00783,R0076,Zone_8,9.71,57.36,130.03,Wallet,2023-09-03,0,-0.05344093417341153,0.3286028803236553,4.875426304616494,2.3711778844596574,7.573638491504595,57.0,13.391349124613798,40,Male,Bengaluru,137.0,13,3.34,11.354,6.3124817518248175,1719,0.0948905109489051,,,,,,,
T00784,R0173,Zone_1,9.43,91.48,122.19,Credit Card,2023-07-28,0,-0.14511326388805101,0.26569431703780166,4.813727878973883,2.344686269012681,9.564517760974674,91.0,12.957582184517497,26,Other,Mumbai,389.0,55,4.28,7.148571428571429,2.2145758354755785,2437,0.14138817480719795,Zone_1,4921.0,2.43,30.9,Residential,High,2.0
T00785,R0290,Zone_9,3.81,28.82,70.83,Wallet,2023-12-02,0,-0.7456605667125258,-0.996970417485398,4.27430221608671,1.57069708411767,5.36842621258782,29.0,18.590551181102363,34,Other,Chennai,169.0,4,4.28,7.58,6.376745562130178,2325,0.023668639053254437,,,,,,,
T00786,R0035,Zone_1,9.2,65.36,150.05,Credit Card,2023-12-14,0,0.18065090777647144,0.21401942576727917,5.017610907832681,2.322387720290225,8.084553172563094,65.0,16.309782608695656,39,Male,Kolkata,392.0,41,3.49,7.244999999999999,1.0711989795918366,1642,0.10459183673469388,Zone_1,4921.0,2.43,30.9,Residential,High,2.0
T00787,R0183,Zone_7,11.1,92.83,152.12,Wallet,2024-01-25,0,0.20485520911694377,0.6408989623498558,5.031221927704644,2.4932054526026954,9.634832639957997,93.0,13.704504504504506,43,Other,Jaipur,406.0,66,3.79,7.2225,2.0964039408866997,1482,0.1625615763546798,,,,,,,
T00788,R0139,Zone_1,6.7,59.38,166.87,Cash,2023-05-24,1,0.3773254722918075,-0.34766417499926866,5.123189870334323,2.0412203288596382,7.705841939723395,59.0,24.905970149253733,44,Other,Kolkata,155.0,7,4.39,7.365,6.466,1074,0.04516129032258064,Zone_1,4921.0,2.43,30.9,Residential,High,2.0
T00789,R0045,Zone_8,12.89,105.09,220.17,Cash,2024-02-26,0,1.000556999560976,1.0430644204987043,5.39893163658063,2.6311691567662523,10.251341375644458,105.0,17.08068269976726,34,Other,Ahmedabad,100.0,16,4.88,9.725555555555555,15.298499999999999,1163,0.16,,,,,,,
T00790,R0062,Zone_10,7.36,54.82,155.33,Credit Card,2024-01-24,0,0.24238941554347354,-0.19937970439689995,5.051969157589233,2.1234584270966104,7.404052944165108,55.0,21.10461956521739,38,Male,Jaipur,57.0,3,3.58,9.435714285714285,15.605438596491227,2684,0.05263157894736842,,,,,,,
T00791,R0164,Zone_2,11.83,78.97,286.93,UPI,2024-01-06,1,1.781174950039207,0.8049105737736879,5.6627173950376015,2.551786178627545,8.886506625215558,79.0,24.254437869822485,37,Other,Ahmedabad,249.0,23,4.02,8.356666666666667,7.062208835341366,1534,0.09236947791164658,Zone_2,6371.0,0.91,58.4,Residential,Low,0.0
T00792,R0105,Zone_2,19.37,143.84,283.31,Cash,2023-07-05,0,1.738846654941376,2.498948313685597,5.650065192150214,3.0140632302387145,11.99333148045196,144.0,14.626226122870417,31,Female,Jaipur,346.0,9,3.69,7.933333333333334,3.7604624277456646,2180,0.02601156069364162,Zone_2,6371.0,0.91,58.4,Residential,Low,0.0
T00793,R0161,Zone_7,7.52,58.21,98.63,Wallet,2023-12-13,0,-0.4205979689999012,-0.16343195394784105,4.601463324056765,2.1424163408412245,7.62954782408499,58.0,13.115691489361703,32,Other,Surat,332.0,50,4.91,5.536666666666666,1.7095180722891565,2731,0.15060240963855423,,,,,,,
T00794,R0209,Zone_7,1.71,16.51,37.86,UPI,2023-01-20,0,-1.1311754532803397,-1.4687846421292985,3.659965443949294,0.9969486348916096,4.063249930782009,17.0,22.140350877192983,31,Other,Surat,109.0,20,3.77,7.315,6.743944954128441,2289,0.1834862385321101,,,,,,,
T00795,R0296,Zone_4,6.32,48.62,81.7,Cash,2023-01-14,0,-0.6185587524270498,-0.43304008231578395,4.415219602029645,1.9906103279732201,6.972804313904127,49.0,12.927215189873417,37,Other,Hyderabad,390.0,58,3.97,11.351428571428572,3.3713589743589742,2035,0.14871794871794872,Zone_4,4038.0,2.46,48.2,Business,High,2.0
T00796,R0172,Zone_1,0.63,5.74,14.05,Wallet,2024-01-12,0,-1.409583383191764,-1.7114319576604473,2.711377991194885,0.48858001481867097,2.3958297101421877,6.0,22.301587301587304,31,Other,Pune,168.0,14,3.72,7.713636363636363,8.86077380952381,2459,0.08333333333333333,Zone_1,4921.0,2.43,30.9,Residential,High,2.0
T00797,R0258,Zone_7,11.06,69.44,227.04,Cash,2023-10-18,0,1.0808872170532686,0.6319120247375911,5.429521052163381,2.4898941912990393,8.333066662399863,69.0,20.528028933092223,32,Female,Jaipur,313.0,39,3.76,5.846000000000001,1.5953674121405752,2423,0.12460063897763578,,,,,,,
T00798,R0259,Zone_1,14.55,107.68,360.46,Credit Card,2024-04-08,1,2.6409538280899003,1.4160223314076923,5.890151385407493,2.744060638625243,10.376897416858279,108.0,24.773883161512025,32,Male,Jaipur,150.0,27,3.52,9.967500000000001,8.553866666666666,2641,0.18,Zone_1,4921.0,2.43,30.9,Residential,High,2.0
T00799,R0154,Zone_3,11.48,59.73,237.17,Wallet,2023-12-15,0,1.1993362859320054,0.7262748696663712,5.472984704405132,2.5241273629412815,7.728518616138541,60.0,20.659407665505224,18,Other,Kolkata,466.0,79,4.68,10.663076923076924,4.419570815450644,2733,0.16952789699570817,Zone_3,12971.0,2.11,38.0,Business,High,2.0
T00800,R0175,Zone_7,9.6,93.14,195.74,Wallet,2024-01-11,0,0.7148994721466086,0.30388880188992695,5.281883060084612,2.3608540011180215,9.65090669315583,93.0,20.389583333333334,35,Male,Chennai,98.0,8,3.48,8.7825,13.076632653061225,1491,0.08163265306122448,,,,,,,
T00801,R0059,Zone_10,4.78,26.45,113.28,Cash,2024-04-09,1,-0.24929699574486697,-0.7790371803879775,4.738651577362572,1.7544036826842861,5.142956348249516,26.0,23.698744769874477,43,Male,Delhi,357.0,11,3.27,8.75,1.4979831932773109,1872,0.03081232492997199,,,,,,,
T00802,R0292,Zone_9,15.88,155.72,175.8,Wallet,2024-01-11,0,0.48174306213258955,1.7148380070154958,5.175019150203543,2.826129489167811,12.478781991845198,156.0,11.070528967254408,37,Female,Jaipur,141.0,19,4.39,8.817777777777778,8.070141843971632,2272,0.1347517730496454,,,,,,,
T00803,R0282,Zone_2,11.77,69.66,114.25,Wallet,2024-01-15,0,-0.23795488352252,0.7914301673552906,4.747103681876758,2.547098670044448,8.346256645946132,70.0,9.706881903143586,22,Other,Bengaluru,319.0,3,4.47,10.318888888888889,4.387931034482759,1599,0.009404388714733543,Zone_2,6371.0,0.91,58.4,Residential,Low,0.0
T00804,R0260,Zone_4,9.42,66.66,191.57,UPI,2024-07-16,0,0.6661400824897148,0.26344758263473556,5.260459723991796,2.343727036325221,8.164557550780078,67.0,20.33651804670913,55,Other,Mumbai,63.0,3,4.24,6.298333333333333,10.94063492063492,2619,0.047619047619047616,Zone_4,4038.0,2.46,48.2,Business,High,2.0
T00805,R0207,Zone_9,9.02,86.02,210.79,Wallet,2023-08-14,1,0.890877605080961,0.17357820651208777,5.35559521769951,2.3045830956567186,9.274696760541554,86.0,23.36917960088692,31,Male,Mumbai,47.0,3,3.93,7.93375,26.20127659574468,1016,0.06382978723404255,,,,,,,
T00806,R0194,Zone_7,8.56,67.99,187.22,UPI,2023-03-03,0,0.6152759709771279,0.07022842397104315,5.237611491430642,2.25758772706331,8.245604889879214,68.0,21.871495327102803,30,Other,Jaipur,10.0,2,4.06,7.2683333333333335,68.455,1315,0.2,,,,,,,
T00807,R0155,Zone_7,10.26,57.9,128.4,UPI,2023-08-25,0,-0.07250035986663371,0.45217327249229566,4.8629083820668,2.421256622711544,7.60920495189872,58.0,12.514619883040936,23,Male,Hyderabad,353.0,8,3.14,7.61375,2.639405099150142,2776,0.0226628895184136,,,,,,,
T00808,R0154,Zone_7,4.93,37.07,85.54,Wallet,2024-01-19,0,-0.5736580195055937,-0.7453361643419848,4.460606734796738,1.780024213009634,6.088513775955509,37.0,17.350912778904668,18,Other,Kolkata,466.0,79,4.68,10.663076923076924,4.419570815450644,2733,0.16952789699570817,,,,,,,
T00809,R0011,Zone_4,15.63,95.95,148.68,Credit Card,2023-06-22,0,0.1646316358748061,1.6586696469388411,5.0084996819658345,2.8112082932048366,9.795407086997457,96.0,9.512476007677543,26,Male,Chennai,208.0,34,4.0,8.896,7.842403846153845,2347,0.16346153846153846,Zone_4,4038.0,2.46,48.2,Business,High,2.0
T00810,R0026,Zone_8,8.76,71.48,84.68,Cash,2023-06-25,0,-0.5837139128161282,0.11516311203236683,4.450619426139493,2.278292400425001,8.4545845551393,71.0,9.666666666666668,26,Female,Surat,44.0,5,3.17,8.81,22.11795454545455,2344,0.11363636363636363,,,,,,,
T00811,R0191,Zone_8,11.0,88.33,181.41,Wallet,2024-06-15,0,0.547340226635029,0.6184316183191939,5.206256900698823,2.4849066497880004,9.398404119849284,88.0,16.491818181818182,33,Other,Surat,87.0,6,4.56,7.5609090909090915,15.227701149425286,2225,0.06896551724137931,,,,,,,
T00812,R0262,Zone_7,5.83,32.69,70.96,UPI,2023-04-17,0,-0.7441404898167473,-0.5431300680660274,4.2761104090823325,1.9213246735826988,5.717516943569122,33.0,12.171526586620924,30,Male,Ahmedabad,6.0,0,3.35,6.624444444444445,161.22666666666666,2706,0.0,,,,,,,
T00813,R0002,Zone_10,9.87,78.29,150.1,Credit Card,2024-02-19,0,0.18123555273638606,0.36455063077271405,5.017941869278694,2.386006701133118,8.84816365128946,78.0,15.207700101317123,39,Female,Mumbai,70.0,5,4.12,10.812857142857142,16.794428571428572,2490,0.07142857142857142,,,,,,,
T00814,R0040,Zone_2,3.41,27.78,72.45,Wallet,2023-06-28,0,-0.7267180700112864,-1.0868397936080458,4.296604902619887,1.4838746894587547,5.270673581241775,28.0,21.24633431085044,34,Other,Surat,485.0,36,4.41,8.045,2.352061855670103,1231,0.07422680412371134,Zone_2,6371.0,0.91,58.4,Residential,Low,0.0
T00815,R0246,Zone_7,2.41,17.89,23.05,Cash,2024-04-06,0,-1.3043472904071014,-1.3115132339146651,3.1801349965517702,1.2267122912954254,4.2296571965113205,18.0,9.564315352697095,29,Other,Mumbai,240.0,34,4.79,6.978333333333333,6.460624999999999,1996,0.14166666666666666,,,,,,,
T00816,R0199,Zone_1,7.84,62.24,192.43,Cash,2023-01-18,1,0.6761959758002494,-0.09153645304972283,5.264915689914006,2.179286876649552,7.889233169326408,62.0,24.544642857142858,29,Male,Ahmedabad,344.0,27,3.91,8.515,4.652616279069767,1871,0.07848837209302326,Zone_1,4921.0,2.43,30.9,Residential,High,2.0
T00817,R0246,Zone_5,1.3900000000000001,11.53,27.24,Wallet,2024-06-13,0,-1.2553540427662417,-1.5406801430274166,3.3407394126250414,0.8712933659434193,3.395585369269929,12.0,19.59712230215827,29,Other,Mumbai,240.0,34,4.79,6.978333333333333,6.460624999999999,1996,0.14166666666666666,Zone_5,2590.0,1.31,43.9,Business,Medium,1.0
T00818,R0095,Zone_8,20.2,152.79,465.18,Wallet,2023-07-14,0,3.8654342321354416,2.6854272691400904,6.144571825638524,3.054001181677967,12.360825215170708,153.0,23.02871287128713,29,Female,Chennai,481.0,77,4.26,8.826923076923077,4.085571725571726,2171,0.1600831600831601,,,,,,,
T00819,R0276,Zone_1,0.34,2.99,5.01,Credit Card,2024-08-18,0,-1.5152871919443585,-1.776587255349367,1.7934247485471162,0.29266961396282,1.7291616465790582,3.0,14.735294117647058,26,Other,Chennai,196.0,1,3.63,5.083333333333333,2.5521428571428575,1410,0.00510204081632653,Zone_1,4921.0,2.43,30.9,Residential,High,2.0
T00820,R0170,Zone_9,9.73,96.07,229.45,Cash,2023-03-01,1,1.1090671041211615,0.3330963491297876,5.440033919166517,2.373043556642607,9.801530492734285,96.0,23.58170606372045,29,Other,Bengaluru,28.0,3,3.68,7.644285714285714,33.65,2311,0.10714285714285714,,,,,,,
T00821,R0011,Zone_9,16.28,158.5,324.06,UPI,2023-01-08,0,2.2153322972719316,1.8047073831381435,5.78400978067503,2.8495497633759097,12.589678312014172,158.0,19.905405405405403,26,Male,Chennai,208.0,34,4.0,8.896,7.842403846153845,2347,0.16346153846153846,,,,,,,
T00822,R0137,Zone_3,10.41,102.5,201.61,UPI,2023-10-09,0,0.7835367904406054,0.4858742885382886,5.31128294893806,2.4344901638739844,10.124228365658293,102.0,19.36695485110471,27,Male,Bengaluru,166.0,32,3.14,11.76142857142857,9.032349397590362,1864,0.1927710843373494,Zone_3,12971.0,2.11,38.0,Business,High,2.0
T00823,R0051,Zone_2,6.45,58.28,160.96,Wallet,2023-03-21,1,0.3082204380298791,-0.4038325350759234,5.0873493911639605,2.0082140323914683,7.634133873596926,58.0,24.955038759689923,21,Male,Kolkata,213.0,14,4.02,5.918,5.169107981220657,2356,0.06572769953051644,Zone_2,6371.0,0.91,58.4,Residential,Low,0.0
T00824,R0103,Zone_3,5.24,41.02,100.04,UPI,2023-10-13,0,-0.4041109811303039,-0.6756873978469327,4.6155164780422355,1.8309801823813363,6.404685784642366,41.0,19.091603053435115,37,Other,Surat,175.0,14,3.07,7.936666666666667,7.065371428571429,1393,0.08,Zone_3,12971.0,2.11,38.0,Business,High,2.0
T00825,R0173,Zone_9,11.37,81.72,227.27,Cash,2024-04-20,0,1.0835765838688767,0.7015607912326428,5.430529138856541,2.5152741864043966,9.039911503991618,82.0,19.988566402814428,26,Other,Mumbai,389.0,55,4.28,7.148571428571429,2.2145758354755785,2437,0.14138817480719795,,,,,,,
T00826,R0274,Zone_6,4.0,36.46,49.98,Cash,2024-01-02,0,-0.9894575149969943,-0.9542824638271405,3.9314333989479695,1.6094379124341003,6.038211655780211,36.0,12.495,27,Female,Surat,31.0,5,3.04,7.56,15.392258064516128,2740,0.16129032258064516,,,,,,,
T00827,R0123,Zone_8,7.4,53.16,177.79,Cash,2023-03-29,1,0.505011931537198,-0.19039276678463515,5.186211932763729,2.128231705849268,7.291090453423274,53.0,24.025675675675675,32,Male,Bengaluru,156.0,26,3.31,9.425,4.584487179487179,1181,0.16666666666666666,,,,,,,
T00828,R0217,Zone_1,11.46,102.49,223.52,Wallet,2024-01-04,0,1.0397282118752673,0.7217814008602389,5.413964790073998,2.522523513359307,10.123734488813898,102.0,19.5043630017452,39,Other,Jaipur,104.0,5,3.52,8.488,7.258173076923077,1294,0.04807692307692308,Zone_1,4921.0,2.43,30.9,Residential,High,2.0
T00829,R0219,Zone_8,6.46,44.85,64.33,Credit Card,2024-03-19,0,-0.8216644115014488,-0.4015858006728573,4.179451348852659,2.0095554142156695,6.697014260101288,45.0,9.958204334365325,25,Female,Pune,498.0,83,4.15,6.42,0.3268473895582329,1983,0.16666666666666666,,,,,,,
T00830,R0211,Zone_4,8.44,42.96,70.59,UPI,2024-03-29,0,-0.7484668625201166,0.043267611134248624,4.270955399408094,2.244955980157409,6.554387843269576,43.0,8.363744075829384,36,Female,Mumbai,435.0,17,3.63,6.582857142857143,1.4847816091954023,1992,0.03908045977011494,Zone_4,4038.0,2.46,48.2,Business,High,2.0
T00831,R0095,Zone_2,6.48,41.54,101.23,UPI,2023-12-06,0,-0.3901964310843319,-0.3970923318667248,4.627225176768922,2.012232791986386,6.445153217728808,42.0,15.621913580246913,29,Female,Chennai,481.0,77,4.26,8.826923076923077,4.085571725571726,2171,0.1600831600831601,Zone_2,6371.0,0.91,58.4,Residential,Low,0.0
T00832,R0263,Zone_5,3.15,25.7,27.71,Cash,2024-06-23,0,-1.2498583801430425,-1.1452548880877669,3.3572454941329726,1.423108334242607,5.06951674225463,26.0,8.796825396825398,31,Other,Chennai,297.0,21,3.84,8.718333333333332,5.2110101010101015,2087,0.0707070707070707,Zone_5,2590.0,1.31,43.9,Business,Medium,1.0
T00833,R0100,Zone_8,13.95,128.35,249.64,UPI,2023-11-23,0,1.3451467389347547,1.2812182672237205,5.524017646643936,2.7047112998366956,11.329165900453573,128.0,17.895340501792116,28,Male,Delhi,383.0,60,3.79,8.454166666666667,4.327650130548303,1942,0.1566579634464752,,,,,,,
T00834,R0196,Zone_6,14.97,148.09,360.26,Cash,2023-11-17,1,2.6386152482502414,1.5103851763364724,5.889597920704412,2.770711962226921,12.169223475637219,148.0,24.065464261857045,18,Male,Hyderabad,51.0,9,4.93,7.995833333333334,31.831960784313726,2642,0.17647058823529413,,,,,,,
T00835,R0175,Zone_10,6.42,50.58,90.17,UPI,2023-10-25,0,-0.519519896217484,-0.4105727382851221,4.5127258955968115,2.004179057179289,7.111961754677819,51.0,14.045171339563863,35,Male,Chennai,98.0,8,3.48,8.7825,13.076632653061225,1491,0.08163265306122448,,,,,,,
T00836,R0074,Zone_3,6.67,63.51,134.88,Wallet,2023-11-20,0,0.003269626938323261,-0.35440437820846726,4.911772143292383,2.0373166153791646,7.969316156358712,64.0,20.221889055472264,23,Male,Kolkata,199.0,22,4.89,6.598571428571428,4.106884422110553,1102,0.11055276381909548,Zone_3,12971.0,2.11,38.0,Business,High,2.0
T00837,R0249,Zone_5,7.11,38.44,172.27,Cash,2024-01-27,1,0.4404671279626052,-0.2555480644735547,5.154851071522756,2.0930978681273213,6.2,38.0,24.229254571026722,20,Male,Mumbai,396.0,48,4.49,8.08875,2.728611111111111,1273,0.12121212121212122,Zone_5,2590.0,1.31,43.9,Business,Medium,1.0
T00838,R0064,Zone_5,10.69,67.78,97.49,Wallet,2023-05-21,0,-0.4339278740859585,0.5487828518241419,4.589955020181611,2.458733775483977,8.232860985101109,68.0,9.119738072965388,21,Female,Bengaluru,214.0,2,4.21,11.312000000000001,5.103691588785047,1083,0.009345794392523364,Zone_5,2590.0,1.31,43.9,Business,Medium,1.0
T00839,R0017,Zone_1,3.47,34.41,43.68,UPI,2024-03-16,0,-1.063122779946258,-1.0733593871896485,3.799525974201,1.4973884086254776,5.866003750424985,34.0,12.587896253602304,49,Female,Mumbai,288.0,21,3.83,7.997142857142857,2.820520833333333,1279,0.07291666666666667,Zone_1,4921.0,2.43,30.9,Residential,High,2.0
T00840,R0165,Zone_7,7.5600000000000005,59.67,80.83,Cash,2023-11-18,0,-0.6287315747295673,-0.15444501633557606,4.4046439245392905,2.1471001901536506,7.72463591375024,60.0,10.691798941798941,37,Female,Kolkata,34.0,5,3.27,7.785,22.932352941176468,1743,0.14705882352941177,,,,,,,
T00841,R0057,Zone_8,9.31,84.72,172.07,UPI,2024-05-28,0,0.4381285481229458,0.23873350420100756,5.153696136936908,2.333114298028869,9.204346799203082,85.0,18.482277121374864,39,Male,Bengaluru,407.0,11,3.66,7.716923076923076,3.9414742014742012,1201,0.02702702702702703,,,,,,,
T00842,R0286,Zone_10,11.21,90.18,256.47,Cash,2023-08-18,0,1.4250092404591157,0.6656130407835841,5.550903208462204,2.502255288122613,9.496315074806649,90.0,22.878679750223014,26,Male,Pune,29.0,0,4.48,7.043333333333333,21.62551724137931,1310,0.0,,,,,,,
T00843,R0024,Zone_10,5.9,35.3,53.0,UPI,2023-08-07,0,-0.9541449594181407,-0.527402927244564,3.9889840465642745,1.9315214116032138,5.941380311005179,35.0,8.983050847457626,41,Other,Chennai,140.0,16,3.49,7.7425,3.4135,2626,0.11428571428571428,,,,,,,
T00844,R0195,Zone_9,10.02,77.79,144.86,UPI,2023-09-04,0,0.11996476093731603,0.398251646818707,4.982647257556087,2.3997118037247684,8.81986394452885,78.0,14.457085828343315,33,Male,Kolkata,72.0,10,4.97,7.813333333333334,14.502361111111112,1939,0.1388888888888889,,,,,,,
T00845,R0121,Zone_2,9.73,85.5,159.08,Credit Card,2023-09-18,0,0.28623778753708295,0.3330963491297876,5.075673690275478,2.373043556642607,9.246621004453464,86.0,16.349434737923946,29,Male,Pune,378.0,10,4.17,7.996363636363636,3.8740211640211637,1162,0.026455026455026454,Zone_2,6371.0,0.91,58.4,Residential,Low,0.0
T00846,R0069,Zone_8,13.04,76.02,201.73,Cash,2024-01-31,0,0.7849399383444006,1.0767654365446968,5.311875044480103,2.641910398597665,8.718944890294926,76.0,15.470092024539877,22,Male,Ahmedabad,16.0,1,4.56,13.04,12.608125,1324,0.0625,,,,,,,
T00847,R0287,Zone_8,5.37,46.74,100.4,Wallet,2024-06-29,0,-0.39990153741891743,-0.6464798506070722,4.619073091157083,1.851599469584072,6.836665854054885,47.0,18.696461824953445,18,Other,Delhi,320.0,34,3.33,6.713333333333334,2.3166874999999996,1735,0.10625,,,,,,,
T00848,R0234,Zone_10,5.41,31.94,69.82,Wallet,2023-12-05,0,-0.7574703949028047,-0.6374929129948075,4.2601414466837575,1.8578592709325787,5.651548460377917,32.0,12.905730129390017,32,Other,Pune,183.0,31,3.98,7.051111111111111,6.222677595628415,1386,0.16939890710382513,,,,,,,
T00849,R0218,Zone_3,14.01,112.36,252.18,Credit Card,2023-06-25,0,1.3748467028984264,1.2946986736421178,5.5341006982086824,2.7087166456453704,10.6,112.0,18.0,34,Other,Delhi,160.0,16,3.87,8.34,4.5341875,2806,0.1,Zone_3,12971.0,2.11,38.0,Business,High,2.0
T00850,R0078,Zone_3,0.18,1.0,2.6,UPI,2023-07-17,0,-1.5434670790122516,-1.812535005798426,1.2809338454620642,0.16551443847757338,1.0,1.0,14.444444444444445,30,Other,Jaipur,97.0,9,3.62,0.83,0.2602061855670103,1354,0.09278350515463918,Zone_3,12971.0,2.11,38.0,Business,High,2.0
T00851,R0151,Zone_9,16.15,104.49,360.99,UPI,2023-05-03,0,2.6471510646649974,1.7754998358982825,5.891616587134821,2.8419981736119486,10.222035022440492,104.0,22.35232198142415,34,Male,Hyderabad,394.0,56,5.0,8.987142857142857,2.8274111675126905,1300,0.14213197969543148,,,,,,,
T00852,R0237,Zone_10,20.78,119.75,325.43,Credit Card,2023-02-28,0,2.2313515691735972,2.81573786451793,5.788215530631031,3.0809921175048145,10.943034314119645,120.0,15.660731472569777,40,Male,Chennai,36.0,3,3.71,9.737,49.20527777777777,1374,0.08333333333333333,,,,,,,
T00853,R0014,Zone_9,10.39,73.68,186.29,UPI,2024-05-09,0,0.6044015747227127,0.4813808197321563,5.232658217741762,2.432735777459091,8.583705493549974,74.0,17.929740134744947,26,Female,Ahmedabad,325.0,53,3.0,7.031666666666666,2.710769230769231,1927,0.16307692307692306,,,,,,,
T00854,R0198,Zone_1,12.07,74.81,147.41,Cash,2023-05-08,0,0.14978165389297024,0.8588321994472765,4.999978713907727,2.570319527636131,8.649277426467485,75.0,12.212924606462302,31,Other,Mumbai,202.0,23,3.85,9.7775,2.9134158415841584,1742,0.11386138613861387,Zone_1,4921.0,2.43,30.9,Residential,High,2.0
T00855,R0121,Zone_2,0.55,5.44,4.88,UPI,2023-03-18,0,-1.5168072688401368,-1.7294058328849768,1.7715567619105355,0.4382549309311553,2.3323807579381204,5.0,8.872727272727271,29,Male,Pune,378.0,10,4.17,7.996363636363636,3.8740211640211637,1162,0.026455026455026454,Zone_2,6371.0,0.91,58.4,Residential,Low,0.0
T00856,R0047,Zone_10,4.53,28.41,68.32,Cash,2023-09-16,0,-0.7750097437002483,-0.8352055404646324,4.238733464847405,1.7101878155342434,5.330103188494571,28.0,15.081677704194258,51,Female,Bengaluru,69.0,3,4.86,8.89,16.592318840579708,1806,0.043478260869565216,,,,,,,
T00857,R0070,Zone_8,13.29,112.97,182.82,Wallet,2023-01-31,0,0.5638272145046261,1.1329337966213517,5.213957017929963,2.659559991941776,10.6287346377638,113.0,13.756207674943568,33,Male,Bengaluru,310.0,6,3.54,12.83,5.56116129032258,1353,0.01935483870967742,,,,,,,
T00858,R0051,Zone_1,9.81,84.78,203.51,UPI,2023-11-03,0,0.8057532989173672,0.3510702243543172,5.320616874042804,2.3804716316511167,9.207605551933684,85.0,20.745158002038735,21,Male,Kolkata,213.0,14,4.02,5.918,5.169107981220657,2356,0.06572769953051644,Zone_1,4921.0,2.43,30.9,Residential,High,2.0
T00859,R0077,Zone_10,7.09,47.03,153.29,Credit Card,2024-04-29,0,0.21853590117894978,-0.2600415332796872,5.0388339484549345,2.0906287310704004,6.8578422262399705,47.0,21.62059238363893,28,Male,Mumbai,406.0,72,3.79,10.489999999999998,5.7729556650246305,2567,0.17733990147783252,,,,,,,
T00860,R0173,Zone_2,9.16,68.84,226.07,Wallet,2023-12-10,1,1.0695451048309215,0.2050324881550146,5.425258339989186,2.318458442150336,8.296987405076615,69.0,24.68013100436681,26,Other,Mumbai,389.0,55,4.28,7.148571428571429,2.2145758354755785,2437,0.14138817480719795,Zone_2,6371.0,0.91,58.4,Residential,Low,0.0
T00861,R0174,Zone_4,10.53,65.78,127.52,UPI,2024-01-14,0,-0.08279011116113418,0.5128351013750827,4.856084534247658,2.4449523342809676,8.110487038396647,66.0,12.110161443494777,32,Male,Kolkata,320.0,7,3.8,8.877142857142857,2.88059375,2779,0.021875,Zone_4,4038.0,2.46,48.2,Business,High,2.0
T00862,R0007,Zone_3,6.53,49.22,114.54,Cash,2023-06-30,0,-0.23456394275501416,-0.3858586598513939,4.7496167903531195,2.018895041811802,7.0156966867161525,49.0,17.540581929555895,18,Female,Mumbai,458.0,82,4.03,6.603333333333334,1.3033187772925765,2001,0.17903930131004367,Zone_3,12971.0,2.11,38.0,Business,High,2.0
T00863,R0026,Zone_7,7.86,60.9,110.73,Cash,2023-12-21,0,-0.27911388870052134,-0.08704298424359033,4.716085246559246,2.1815467646169897,7.803845206050668,61.0,14.087786259541984,26,Female,Surat,44.0,5,3.17,8.81,22.11795454545455,2344,0.11363636363636363,,,,,,,
T00864,R0074,Zone_9,7.82,71.16,98.63,UPI,2023-07-01,0,-0.4205979689999012,-0.09602992185585511,4.601463324056765,2.1770218700187,8.435638683585257,71.0,12.612531969309462,23,Male,Kolkata,199.0,22,4.89,6.598571428571428,4.106884422110553,1102,0.11055276381909548,,,,,,,
T00865,R0255,Zone_5,2.74,18.84,59.39,Credit Card,2023-12-21,0,-0.8794273335410302,-1.2373709986134807,4.10082352831981,1.3190856114264407,4.340506882842141,19.0,21.675182481751822,37,Female,Bengaluru,475.0,42,3.12,9.0025,2.6573052631578946,1899,0.08842105263157894,Zone_5,2590.0,1.31,43.9,Business,Medium,1.0
T00866,R0147,Zone_2,9.62,51.86,99.1,UPI,2023-04-29,0,-0.4151023063767022,0.3083822706960592,4.6061696863211745,2.362739015813793,7.201388754955532,52.0,10.301455301455302,35,Other,Mumbai,239.0,21,3.91,7.94375,4.272970711297071,1480,0.08786610878661087,Zone_2,6371.0,0.91,58.4,Residential,Low,0.0
T00867,R0166,Zone_4,17.02,118.13,218.52,Wallet,2023-05-22,0,0.9812637158837881,1.9709657289650415,5.39144334453752,2.8914822521801917,10.868762579061151,118.0,12.839012925969449,24,Other,Chennai,349.0,63,4.29,10.79,1.7994555873925502,2011,0.18051575931232092,Zone_4,4038.0,2.46,48.2,Business,High,2.0
T00868,R0250,Zone_4,16.66,114.82,137.33,Cash,2023-10-09,0,0.03191722997414829,1.8900832904546587,4.929642134886724,2.8713021951758138,10.715409464878139,115.0,8.243097238895558,34,Female,Jaipur,163.0,31,4.63,8.368888888888888,6.91601226993865,2054,0.1901840490797546,Zone_4,4038.0,2.46,48.2,Business,High,2.0
T00869,R0286,Zone_5,0.62,4.67,7.34,UPI,2024-05-06,0,-1.488042736812329,-1.7136786920635134,2.1210632163706555,0.4824261492442927,2.1610182784974308,5.0,11.838709677419354,26,Male,Pune,29.0,0,4.48,7.043333333333333,21.62551724137931,1310,0.0,Zone_5,2590.0,1.31,43.9,Business,Medium,1.0
T00870,R0057,Zone_7,10.85,77.61,128.96,Cash,2023-06-30,0,-0.06595233631558801,0.584730602273201,4.8672267108008995,2.47232786758114,8.809653795694812,78.0,11.885714285714286,39,Male,Bengaluru,407.0,11,3.66,7.716923076923076,3.9414742014742012,1201,0.02702702702702703,,,,,,,
T00871,R0189,Zone_7,11.38,72.47,243.21,Wallet,2023-06-27,0,1.2699613970897126,0.7038075256357094,5.4980285108791245,2.5160822672564502,8.512931340026183,72.0,21.37170474516696,29,Female,Delhi,238.0,42,3.28,9.00375,6.2214285714285715,2558,0.17647058823529413,,,,,,,
T00872,R0034,Zone_7,5.95,32.62,102.85,Credit Card,2024-05-18,0,-0.37125393438309273,-0.5161692552292331,4.642947550322122,1.9387416595767009,5.711392124517454,33.0,17.285714285714285,26,Other,Chennai,484.0,48,3.1,7.62,0.8786157024793388,2704,0.09917355371900827,,,,,,,
T00873,R0115,Zone_3,3.18,26.02,27.84,Wallet,2023-04-25,0,-1.2483383032472641,-1.1385146848785683,3.3617633124167483,1.430311246536665,5.10098029794274,26.0,8.754716981132075,40,Female,Bengaluru,170.0,15,4.4,7.58909090909091,8.388058823529413,2391,0.08823529411764706,Zone_3,12971.0,2.11,38.0,Business,High,2.0
T00874,R0295,Zone_1,1.4,9.79,20.57,UPI,2024-01-30,0,-1.333345680418875,-1.5384334086243503,3.071303460401065,0.8754687373538999,3.128897569432403,10.0,14.692857142857145,18,Female,Delhi,98.0,18,3.59,4.974444444444444,5.34734693877551,2668,0.1836734693877551,Zone_1,4921.0,2.43,30.9,Residential,High,2.0
T00875,R0023,Zone_10,5.78,42.73,81.27,Credit Card,2023-08-16,0,-0.6235866990823171,-0.5543637400813582,4.410006521180839,1.9139771019523042,6.536818798161686,43.0,14.060553633217992,24,Other,Jaipur,176.0,32,3.21,8.11375,6.793295454545454,2535,0.18181818181818182,,,,,,,
T00876,R0238,Zone_10,9.75,76.65,222.47,Cash,2024-08-18,0,1.0274506677170565,0.3375898179359199,5.409277176856294,2.3749057545736716,8.754998572244316,77.0,22.817435897435896,30,Other,Pune,362.0,56,4.91,6.454999999999999,1.6299171270718231,2705,0.15469613259668508,,,,,,,
T00877,R0077,Zone_5,7.21,48.52,59.5,Wallet,2023-08-28,0,-0.8781411146292176,-0.2330807204428929,4.102643365036796,2.105352923464337,6.9656299069072,49.0,8.25242718446602,28,Male,Mumbai,406.0,72,3.79,10.489999999999998,5.7729556650246305,2567,0.17733990147783252,Zone_5,2590.0,1.31,43.9,Business,Medium,1.0
T00878,R0148,Zone_7,4.95,26.83,42.56,Credit Card,2024-06-10,0,-1.0762188270483493,-0.7408426955358522,3.77413929806476,1.7833912195575383,5.179768334587948,27.0,8.597979797979798,44,Male,Ahmedabad,412.0,34,3.36,5.7975,0.9918203883495146,2544,0.0825242718446602,,,,,,,
T00879,R0039,Zone_9,1.75,16.89,20.55,UPI,2023-05-23,0,-1.333579538402841,-1.4597977045170338,3.070375816549757,1.0116009116784799,4.109744517606903,17.0,11.742857142857144,24,Male,Chennai,190.0,14,4.2,4.837142857142857,2.674,1034,0.07368421052631578,,,,,,,
T00880,R0041,Zone_2,9.75,66.7,135.01,UPI,2023-10-23,0,0.004789703834101668,0.3375898179359199,4.912728412444662,2.3749057545736716,8.167006795638168,67.0,13.847179487179487,25,Other,Pune,353.0,8,4.74,8.428,1.9891218130311614,2350,0.0226628895184136,Zone_2,6371.0,0.91,58.4,Residential,Low,0.0
T00881,R0247,Zone_9,13.33,91.19,299.26,UPI,2023-02-01,0,1.9253483971541947,1.1419207342336166,5.7046487659841585,2.6623552418400807,9.54934552731233,91.0,22.45011252813203,37,Male,Bengaluru,249.0,47,4.92,10.267692307692307,9.587590361445782,1955,0.18875502008032127,,,,,,,
T00882,R0194,Zone_2,3.37,20.05,41.32,UPI,2024-05-23,0,-1.0907180220542363,-1.0958267312203107,3.7452597875500437,1.4747630091074988,4.4777226354476225,20.0,12.261127596439168,30,Other,Jaipur,10.0,2,4.06,7.2683333333333335,68.455,1315,0.2,Zone_2,6371.0,0.91,58.4,Residential,Low,0.0
T00883,R0187,Zone_3,10.24,87.48,225.6,Credit Card,2024-06-05,0,1.0640494422077225,0.44767980368616334,5.423186348593906,2.419478844465545,9.353074360871938,87.0,22.03125,27,Other,Surat,357.0,38,4.71,10.797142857142857,3.818879551820728,1504,0.10644257703081232,Zone_3,12971.0,2.11,38.0,Business,High,2.0
T00884,R0162,Zone_8,1.4,13.58,22.43,Wallet,2024-02-20,0,-1.3115968879100446,-1.5384334086243503,3.1540172525197043,0.8754687373538999,3.6851051545376556,14.0,16.021428571428572,30,Male,Hyderabad,394.0,38,4.28,8.855,2.3779187817258887,1130,0.09644670050761421,,,,,,,
T00885,R0249,Zone_4,4.71,45.28,52.61,UPI,2023-07-13,0,-0.9587051901054761,-0.794764321209441,3.9817356178394463,1.742219023667919,6.729041536504289,45.0,11.169851380042463,20,Male,Mumbai,396.0,48,4.49,8.08875,2.728611111111111,1273,0.12121212121212122,Zone_4,4038.0,2.46,48.2,Business,High,2.0
T00886,R0002,Zone_1,11.65,102.84,246.12,Wallet,2024-04-04,0,1.3039877337567534,0.7644693545184965,5.509874048610326,2.5376572151735295,10.141005867269776,103.0,21.12618025751073,39,Female,Mumbai,70.0,5,4.12,10.812857142857142,16.794428571428572,2490,0.07142857142857142,Zone_1,4921.0,2.43,30.9,Residential,High,2.0
T00887,R0101,Zone_1,2.41,16.66,35.05,Cash,2024-08-03,0,-1.164032500027551,-1.3115132339146651,3.584906863730958,1.2267122912954254,4.08166632639171,17.0,14.543568464730289,37,Female,Delhi,228.0,29,3.03,9.058,2.9445614035087715,2146,0.12719298245614036,Zone_1,4921.0,2.43,30.9,Residential,High,2.0
T00888,R0057,Zone_7,4.98,26.52,103.75,Cash,2024-06-15,0,-0.36073032510462644,-0.7341024923266536,4.6515765588022475,1.7884205679625405,5.149757275833493,27.0,20.833333333333332,39,Male,Bengaluru,407.0,11,3.66,7.716923076923076,3.9414742014742012,1201,0.02702702702702703,,,,,,,
T00889,R0259,Zone_3,15.09,102.66,150.23,UPI,2023-04-05,0,0.18275562963216446,1.5373459891732664,5.018801856762649,2.7781979610042917,10.132127121192273,103.0,9.95559973492379,32,Male,Jaipur,150.0,27,3.52,9.967500000000001,8.553866666666666,2641,0.18,Zone_3,12971.0,2.11,38.0,Business,High,2.0
T00890,R0130,Zone_7,4.34,40.13,47.99,Cash,2023-03-04,0,-1.0127263844016028,-0.8778934941228901,3.8916161956504833,1.6752256529721035,6.334824385884742,40.0,11.057603686635945,27,Female,Pune,316.0,62,3.62,6.3625,2.836487341772152,2770,0.1962025316455696,,,,,,,
T00891,R0235,Zone_9,3.73,18.95,85.21,Cash,2023-10-22,0,-0.5775166762410315,-1.0149442927099277,4.456786180221833,1.5539252025038417,4.3531597719357835,19.0,22.84450402144772,34,Other,Delhi,284.0,8,4.06,6.95625,2.972852112676056,2040,0.028169014084507043,,,,,,,
T00892,R0058,Zone_1,10.88,98.7,166.96,Credit Card,2023-12-12,0,0.3783778332196542,0.5914708054823997,5.123725855815993,2.474856313934499,9.934787365615835,99.0,15.345588235294118,46,Male,Kolkata,480.0,25,4.32,9.515,2.1738958333333334,1935,0.052083333333333336,Zone_1,4921.0,2.43,30.9,Residential,High,2.0
T00893,R0252,Zone_8,17.77,102.14,182.03,Credit Card,2024-01-19,0,0.5545898241379725,2.139470809195006,5.209650073831871,2.9322598505984176,10.10643359449811,102.0,10.24366910523354,38,Other,Ahmedabad,392.0,47,4.83,6.275625,4.290943877551021,2185,0.11989795918367346,,,,,,,
T00894,R0067,Zone_7,6.8,59.24,151.6,Credit Card,2024-06-24,0,0.19877490153382982,-0.3251968309686068,5.027820118850356,2.0541237336955462,7.696752561957543,59.0,22.294117647058822,32,Male,Pune,348.0,9,3.38,8.697692307692307,5.302212643678161,1516,0.02586206896551724,,,,,,,
T00895,R0278,Zone_9,11.84,88.76,271.84,Cash,2024-04-19,0,1.6047291011369222,0.807157308176754,5.608885542786519,2.552565298261815,9.421252570651102,89.0,22.959459459459456,20,Female,Mumbai,382.0,58,4.27,10.838888888888889,5.546492146596859,1841,0.1518324607329843,,,,,,,
T00896,R0157,Zone_8,14.73,146.17,317.91,Cash,2023-08-26,0,2.1434209672024127,1.4564635506628836,5.7649089313167785,2.7555697170701863,12.090078577081291,146.0,21.582484725050918,36,Female,Hyderabad,319.0,27,4.65,11.39,5.880658307210031,1759,0.08463949843260188,,,,,,,
T00897,R0201,Zone_3,9.63,65.64,170.7,Wallet,2023-08-30,0,0.4221092762212804,0.3106290050991258,5.14574876790343,2.363680192353857,8.101851640211638,66.0,17.725856697819314,37,Female,Delhi,183.0,15,3.84,9.668571428571429,5.856830601092896,1990,0.08196721311475409,Zone_3,12971.0,2.11,38.0,Business,High,2.0
T00898,R0044,Zone_10,6.65,56.17,124.87,Credit Card,2023-02-12,0,-0.11377629403661807,-0.3588978470145996,4.835249628303414,2.0347056478384444,7.494664769020694,56.0,18.777443609022555,36,Female,Hyderabad,271.0,5,3.21,10.226,6.127380073800738,2238,0.01845018450184502,,,,,,,
T00899,R0127,Zone_2,3.62,28.17,64.51,UPI,2023-03-15,0,-0.8195596896457554,-1.0396583711436558,4.182202802743785,1.5303947050936475,5.30754180388624,28.0,17.82044198895028,38,Male,Chennai,43.0,2,4.83,7.867777777777778,32.56906976744186,2375,0.046511627906976744,Zone_2,6371.0,0.91,58.4,Residential,Low,0.0
T00900,R0276,Zone_7,0.87,6.01,10.08,Credit Card,2023-11-07,0,-1.4560041930089984,-1.6575103319868587,2.405141681319138,0.6259384308664953,2.4515301344262523,6.0,11.586206896551724,26,Other,Chennai,196.0,1,3.63,5.083333333333333,2.5521428571428575,1410,0.00510204081632653,,,,,,,
T00901,R0127,Zone_3,13.56,93.94,276.55,Wallet,2024-03-02,0,1.659802656360896,1.1935956255041391,5.626001097136171,2.67827804276854,9.692264957170744,94.0,20.394542772861357,38,Male,Chennai,43.0,2,4.83,7.867777777777778,32.56906976744186,2375,0.046511627906976744,Zone_3,12971.0,2.11,38.0,Business,High,2.0
T00902,R0065,Zone_1,8.9,67.69,181.01,Wallet,2023-10-14,0,0.5426630669557106,0.14661739367529364,5.204061630622316,2.2925347571405443,8.227393268830657,68.0,20.33820224719101,43,Other,Mumbai,180.0,32,4.52,8.173333333333334,2.370611111111111,1177,0.17777777777777778,Zone_1,4921.0,2.43,30.9,Residential,High,2.0
T00903,R0186,Zone_7,14.66,92.85,179.72,UPI,2024-02-09,0,0.5275792269899091,1.4407364098414202,5.196948872159748,2.751109690562657,9.635870484808313,93.0,12.259208731241474,18,Other,Hyderabad,373.0,19,3.26,9.797142857142857,2.5169436997319035,2106,0.05093833780160858,,,,,,,
T00904,R0013,Zone_10,12.94,86.59,291.02,Credit Card,2023-09-01,0,1.8289989077602367,1.054298092514035,5.676822293073418,2.6347624053323777,9.305374790947434,87.0,22.489953632148378,43,Female,Kolkata,6.0,0,3.91,8.945555555555556,238.80666666666664,2726,0.0,,,,,,,
T00905,R0227,Zone_1,4.92,25.19,109.4,Credit Card,2024-01-24,0,-0.2946654446342548,-0.7475828987450509,4.704110133842995,1.7783364488959144,5.018964036531842,25.0,22.23577235772358,25,Other,Pune,320.0,23,4.12,5.664,1.58815625,2259,0.071875,Zone_1,4921.0,2.43,30.9,Residential,High,2.0
T00906,R0165,Zone_3,2.07,17.59,43.41,Cash,2023-08-01,0,-1.0662798627297978,-1.3879022036189155,3.7934646693040106,1.1216775615991057,4.194043395102153,18.0,20.971014492753625,37,Female,Kolkata,34.0,5,3.27,7.785,22.932352941176468,1743,0.14705882352941177,Zone_3,12971.0,2.11,38.0,Business,High,2.0
T00907,R0037,Zone_7,10.06,91.36,240.09,Cash,2023-05-25,1,1.2334795515910295,0.40723858443097194,5.485170307761209,2.403334996094189,9.558242516278817,91.0,23.865805168986082,32,Other,Ahmedabad,489.0,6,3.36,9.76125,2.6884662576687117,2126,0.012269938650306749,,,,,,,
T00908,R0108,Zone_8,4.84,30.09,115.68,Credit Card,2024-03-26,1,-0.22123403766895688,-0.7655567739695804,4.759435144999521,1.7647307968401356,5.485435260760991,30.0,23.900826446280995,18,Male,Pune,184.0,32,4.88,6.228571428571429,4.754836956521739,2666,0.17391304347826086,,,,,,,
T00909,R0172,Zone_7,9.88,53.08,100.96,Credit Card,2024-08-14,0,-0.39335351386787193,0.36679736517578054,4.6245805795079145,2.3869262414277967,7.285602240034794,53.0,10.218623481781375,31,Other,Pune,168.0,14,3.72,7.713636363636363,8.86077380952381,2459,0.08333333333333333,,,,,,,
T00910,R0279,Zone_2,4.34,43.01,60.59,Cash,2024-05-24,0,-0.8653958545030751,-0.8778934941228901,4.120499519698952,1.6752256529721035,6.558200972827838,43.0,13.960829493087559,25,Other,Pune,454.0,84,3.73,8.309999999999999,1.5398017621145372,1610,0.18502202643171806,Zone_2,6371.0,0.91,58.4,Residential,Low,0.0
T00911,R0035,Zone_4,3.69,22.16,37.73,Credit Card,2024-03-25,0,-1.1326955301761183,-1.0239312303221926,3.6566144935266607,1.5454325824581878,4.707440918375928,22.0,10.224932249322492,39,Male,Kolkata,392.0,41,3.49,7.244999999999999,1.0711989795918366,1642,0.10459183673469388,Zone_4,4038.0,2.46,48.2,Business,High,2.0
T00912,R0274,Zone_1,7.3,69.3,121.11,UPI,2023-05-09,0,-0.15774159502221052,-0.2128601108152972,4.8049222778449305,2.1162555148025524,8.324662155306964,69.0,16.59041095890411,27,Female,Surat,31.0,5,3.04,7.56,15.392258064516128,2740,0.16129032258064516,Zone_1,4921.0,2.43,30.9,Residential,High,2.0
T00913,R0263,Zone_3,12.67,124.91,201.48,UPI,2023-12-04,0,0.7820167135448266,0.9936362636312479,5.3106411162368685,2.6152036507358583,11.176314240392491,125.0,15.902131018153117,31,Other,Chennai,297.0,21,3.84,8.718333333333332,5.2110101010101015,2087,0.0707070707070707,Zone_3,12971.0,2.11,38.0,Business,High,2.0
T00914,R0077,Zone_9,9.53,77.61,180.39,UPI,2023-08-25,0,0.5354134694527671,0.2881616610684635,5.200649409369878,2.354228326145884,8.809653795694812,78.0,18.928646379853095,28,Male,Mumbai,406.0,72,3.79,10.489999999999998,5.7729556650246305,2567,0.17733990147783252,,,,,,,
T00915,R0090,Zone_9,13.89,74.43,250.88,UPI,2023-07-23,0,1.3596459339406415,1.2677378608053236,5.528952783620542,2.7006898466959175,8.627282306729043,74.0,18.061915046796255,33,Female,Mumbai,152.0,25,4.51,10.813,12.998355263157896,2055,0.16447368421052633,,,,,,,
T00916,R0239,Zone_5,1.83,15.84,19.9,Cash,2023-07-11,0,-1.3411799228817332,-1.4418238292925043,3.039749158970765,1.0402767116551463,3.97994974842648,16.0,10.87431693989071,36,Male,Mumbai,268.0,10,3.36,7.935,0.9863059701492537,2379,0.03731343283582089,Zone_5,2590.0,1.31,43.9,Business,Medium,1.0
T00917,R0073,Zone_2,2.71,13.69,46.35,UPI,2023-02-07,0,-1.031902739086808,-1.2441112018226794,3.8575668196320874,1.3110318766193438,3.6999999999999997,14.0,17.10332103321033,41,Other,Ahmedabad,490.0,30,3.01,8.734444444444444,2.6034693877551023,1916,0.061224489795918366,Zone_2,6371.0,0.91,58.4,Residential,Low,0.0
T00918,R0252,Zone_7,7.55,50.09,76.83,Credit Card,2023-09-06,0,-0.6755031715227506,-0.1566917507386424,4.354526960971297,2.145931282948669,7.077428911688199,50.0,10.17615894039735,38,Other,Ahmedabad,392.0,47,4.83,6.275625,4.290943877551021,2185,0.11989795918367346,,,,,,,
T00919,R0116,Zone_7,18.83,125.22,170.0,UPI,2023-12-22,0,0.41392424678247347,2.377624655920022,5.14166355650266,2.9871959425317045,11.190174261377702,125.0,9.028146574614977,34,Female,Bengaluru,238.0,30,4.58,10.122,3.3368067226890754,2413,0.12605042016806722,,,,,,,
T00920,R0060,Zone_4,11.37,58.78,247.77,Credit Card,2024-05-04,0,1.3232810174339416,0.7015607912326428,5.516528774816684,2.5152741864043966,7.666811592833099,59.0,21.79155672823219,40,Female,Hyderabad,123.0,7,4.57,7.876666666666666,5.954308943089431,1143,0.056910569105691054,Zone_4,4038.0,2.46,48.2,Business,High,2.0
T00921,R0252,Zone_4,2.67,24.93,55.78,UPI,2024-01-31,0,-0.9216386996468782,-1.253098139434944,4.039184151044825,1.3001916620664788,4.992995093127972,25.0,20.891385767790265,38,Other,Ahmedabad,392.0,47,4.83,6.275625,4.290943877551021,2185,0.11989795918367346,Zone_4,4038.0,2.46,48.2,Business,High,2.0
T00922,R0147,Zone_2,7.62,72.73,127.17,Cash,2023-11-22,0,-0.08688262588053765,-0.140964609917179,4.853357507741733,2.154085084675602,8.528188553262645,73.0,16.688976377952756,35,Other,Mumbai,239.0,21,3.91,7.94375,4.272970711297071,1480,0.08786610878661087,Zone_2,6371.0,0.91,58.4,Residential,Low,0.0
T00923,R0217,Zone_4,9.1,56.24,210.44,Cash,2023-01-03,1,0.8867850903615575,0.19155208173661734,5.353941270296033,2.312535423847214,7.49933330370107,56.0,23.125274725274725,39,Other,Jaipur,104.0,5,3.52,8.488,7.258173076923077,1294,0.04807692307692308,Zone_4,4038.0,2.46,48.2,Business,High,2.0
T00924,R0174,Zone_3,5.16,48.08,63.21,UPI,2024-06-01,0,-0.83476045860354,-0.6936612730714622,4.162158961805957,1.8180767775454285,6.9339743293438865,48.0,12.25,32,Male,Kolkata,320.0,7,3.8,8.877142857142857,2.88059375,2779,0.021875,Zone_3,12971.0,2.11,38.0,Business,High,2.0
T00925,R0281,Zone_2,11.07,94.88,147.37,UPI,2024-01-04,0,0.1493139379250385,0.6341587591406573,4.999709153962702,2.4907230351094403,9.740636529508736,95.0,13.312556458897923,21,Female,Jaipur,268.0,17,4.74,7.626,2.050858208955224,2163,0.06343283582089553,Zone_2,6371.0,0.91,58.4,Residential,Low,0.0
T00926,R0187,Zone_1,7.22,39.11,119.19,Wallet,2024-03-19,0,-0.18019196148293856,-0.23083398603982674,4.7890738239646975,2.1065702090680882,6.253798845501828,39.0,16.50831024930748,27,Other,Surat,357.0,38,4.71,10.797142857142857,3.818879551820728,1504,0.10644257703081232,Zone_1,4921.0,2.43,30.9,Residential,High,2.0
T00927,R0269,Zone_9,6.5,42.38,147.96,Credit Card,2023-05-01,0,0.1562127484520331,-0.39259886306059255,5.003677813528757,2.0149030205422647,6.509992319503918,42.0,22.763076923076923,41,Male,Mumbai,423.0,16,3.41,9.008571428571429,3.4486288416075648,2678,0.037825059101654845,,,,,,,
T00928,R0276,Zone_2,14.3,137.43,278.06,UPI,2023-04-27,0,1.6774589341503228,1.3598539713310374,5.631426812464061,2.72785282839839,11.723054209547954,137.0,19.444755244755243,26,Other,Chennai,196.0,1,3.63,5.083333333333333,2.5521428571428575,1410,0.00510204081632653,Zone_2,6371.0,0.91,58.4,Residential,Low,0.0
T00929,R0013,Zone_5,0.55,3.71,10.4,Cash,2023-09-02,0,-1.4522624652655438,-1.7294058328849768,2.4336133554004498,0.4382549309311553,1.9261360284258222,4.0,18.909090909090907,43,Female,Kolkata,6.0,0,3.91,8.945555555555556,238.80666666666664,2726,0.0,Zone_5,2590.0,1.31,43.9,Business,Medium,1.0
T00930,R0113,Zone_5,3.19,27.81,58.83,UPI,2023-09-08,0,-0.8859753570920759,-1.1362679504755022,4.09150720740194,1.4327007339340463,5.273518749374084,28.0,18.442006269592476,26,Other,Chennai,423.0,26,4.61,6.8775,2.591702127659574,2749,0.061465721040189124,Zone_5,2590.0,1.31,43.9,Business,Medium,1.0
T00931,R0061,Zone_3,3.91,28.84,90.56,UPI,2023-05-19,1,-0.5149596655301486,-0.9745030734547362,4.516994495084366,1.5912739418064292,5.370288632839021,29.0,23.161125319693095,25,Male,Mumbai,168.0,25,3.69,8.6175,3.5520238095238095,2219,0.1488095238095238,Zone_3,12971.0,2.11,38.0,Business,High,2.0
T00932,R0247,Zone_1,3.76,19.55,57.91,UPI,2023-06-08,0,-0.8967328243545081,-1.0082040895007292,4.076010855533596,1.5602476682433286,4.421538193886829,20.0,15.40159574468085,37,Male,Bengaluru,249.0,47,4.92,10.267692307692307,9.587590361445782,1955,0.18875502008032127,Zone_1,4921.0,2.43,30.9,Residential,High,2.0
T00933,R0255,Zone_9,4.36,25.49,79.42,Credit Card,2024-05-04,0,-0.6452185625991643,-0.8734000253167575,4.387262901469128,1.6789639750827108,5.048762224545735,25.0,18.21559633027523,37,Female,Bengaluru,475.0,42,3.12,9.0025,2.6573052631578946,1899,0.08842105263157894,,,,,,,
T00934,R0216,Zone_3,10.44,55.17,193.77,UPI,2023-03-20,0,0.6918644607259659,0.49261449174748706,5.271819375241808,2.437115985951652,7.427651041883968,55.0,18.56034482758621,44,Female,Chennai,335.0,24,3.4,5.928,1.4891940298507462,2604,0.07164179104477612,Zone_3,12971.0,2.11,38.0,Business,High,2.0
T00935,R0113,Zone_5,13.48,132.65,269.7,Wallet,2024-06-14,0,1.5797062968525692,1.1756217502796096,5.601011196620256,2.6727683869575705,11.517378173872732,133.0,20.00741839762611,26,Other,Chennai,423.0,26,4.61,6.8775,2.591702127659574,2749,0.061465721040189124,Zone_5,2590.0,1.31,43.9,Business,Medium,1.0
T00936,R0213,Zone_10,12.58,84.71,163.24,Cash,2023-12-23,0,0.33488024820199364,0.9734156540036523,5.101328772710678,2.60859812213055,9.203803561571705,85.0,12.976152623211448,29,Female,Chennai,456.0,26,3.74,6.7877777777777775,2.3342105263157893,2662,0.05701754385964912,,,,,,,
T00937,R0033,Zone_9,2.9,18.4,33.13,Cash,2024-06-15,0,-1.1864828664882792,-1.2014232481644216,3.530176762918616,1.3609765531356006,4.2895221179054435,18.0,11.424137931034483,18,Female,Chennai,472.0,37,3.24,6.412000000000001,1.4812500000000002,2675,0.07838983050847458,,,,,,,
T00938,R0011,Zone_9,7.46,58.35,186.41,Cash,2023-03-05,1,0.6058047226265083,-0.1769123603662381,5.233298730173588,2.135349173618132,7.638717169787085,58.0,24.98793565683646,26,Male,Chennai,208.0,34,4.0,8.896,7.842403846153845,2347,0.16346153846153846,,,,,,,
T00939,R0017,Zone_8,10.26,73.94,165.32,Credit Card,2024-03-19,0,0.35920147853444884,0.45217327249229566,5.113913643549758,2.421256622711544,8.598837130682265,74.0,16.113060428849902,49,Female,Mumbai,288.0,21,3.83,7.997142857142857,2.820520833333333,1279,0.07291666666666667,,,,,,,
T00940,R0222,Zone_4,9.2,76.52,164.3,Credit Card,2023-05-05,0,0.3472747213521873,0.21401942576727917,5.107762004826979,2.322387720290225,8.747571091451615,77.0,17.858695652173914,27,Male,Surat,475.0,12,3.44,9.88125,2.7908000000000004,1481,0.02526315789473684,Zone_4,4038.0,2.46,48.2,Business,High,2.0
T00941,R0280,Zone_8,14.53,145.24,162.1,Wallet,2024-05-11,0,0.3215503431159362,1.4115288626015596,5.094363509626968,2.7427736371605955,12.051555916146263,145.0,11.156228492773572,26,Other,Chennai,172.0,23,4.43,8.461666666666666,4.2749999999999995,1205,0.13372093023255813,,,,,,,
T00942,R0201,Zone_1,4.62,40.67,99.35,Cash,2024-03-31,0,-0.41217908157712824,-0.8149849308370366,4.608664075242347,1.7263316639055997,6.377303505401009,41.0,21.504329004329,37,Female,Delhi,183.0,15,3.84,9.668571428571429,5.856830601092896,1990,0.08196721311475409,Zone_1,4921.0,2.43,30.9,Residential,High,2.0
T00943,R0046,Zone_4,8.78,60.28,92.28,Wallet,2024-01-14,0,-0.4948478789090798,0.11965658083849912,4.535605722602182,2.280339484046726,7.764019577512669,60.0,10.510250569476083,31,Female,Kolkata,31.0,4,3.87,10.0025,41.82,2589,0.12903225806451613,Zone_4,4038.0,2.46,48.2,Business,High,2.0
T00944,R0218,Zone_2,6.03,55.04,71.04,Cash,2024-06-18,0,-0.7432050578808835,-0.4981953800047035,4.277221520307755,1.9501867058225735,7.418894796396563,55.0,11.781094527363184,34,Other,Delhi,160.0,16,3.87,8.34,4.5341875,2806,0.1,Zone_2,6371.0,0.91,58.4,Residential,Low,0.0
T00945,R0295,Zone_2,9.26,68.11,120.01,Cash,2023-04-05,0,-0.1706037841403359,0.22749983218567643,4.7958731868099616,2.3282528397426234,8.252878285786117,68.0,12.960043196544277,18,Female,Delhi,98.0,18,3.59,4.974444444444444,5.34734693877551,2668,0.1836734693877551,Zone_2,6371.0,0.91,58.4,Residential,Low,0.0
T00946,R0005,Zone_3,2.61,18.63,43.31,Cash,2023-05-17,0,-1.0674491526496275,-1.2665785458533414,3.7912103852113983,1.2837077723447896,4.316248370981447,19.0,16.59386973180077,27,Male,Ahmedabad,294.0,30,3.53,7.322857142857144,3.1511904761904765,1935,0.10204081632653061,Zone_3,12971.0,2.11,38.0,Business,High,2.0
T00947,R0246,Zone_9,3.36,31.91,74.45,Credit Card,2023-12-09,0,-0.7033322716146947,-1.098073465623377,4.323470185213858,1.4724720573609429,5.64889369699944,32.0,22.1577380952381,29,Other,Mumbai,240.0,34,4.79,6.978333333333333,6.460624999999999,1996,0.14166666666666666,,,,,,,
T00948,R0272,Zone_2,4.35,34.4,107.4,Credit Card,2024-02-13,1,-0.31805124303084653,-0.8756467597198239,4.685828089005546,1.6770965609079151,5.865151319446072,34.0,24.689655172413797,21,Male,Kolkata,432.0,4,4.79,5.755714285714285,1.6012962962962962,2437,0.009259259259259259,Zone_2,6371.0,0.91,58.4,Residential,Low,0.0
T00949,R0194,Zone_1,5.18,49.09,72.43,Cash,2023-11-30,0,-0.7269519279952523,-0.68916780426533,4.296332571463519,1.8213182714695995,7.006425622241344,49.0,13.982625482625485,30,Other,Jaipur,10.0,2,4.06,7.2683333333333335,68.455,1315,0.2,Zone_1,4921.0,2.43,30.9,Residential,High,2.0
T00950,R0209,Zone_3,15.74,117.86,169.17,Credit Card,2024-01-20,0,0.40421914044788776,1.683383725372569,5.136797937383345,2.8178010650613294,10.856334556377673,118.0,10.747776365946631,31,Other,Surat,109.0,20,3.77,7.315,6.743944954128441,2289,0.1834862385321101,Zone_3,12971.0,2.11,38.0,Business,High,2.0
T00951,R0004,Zone_6,13.88,86.75,306.34,Credit Card,2024-06-01,0,2.008134123478129,1.2654911264022575,5.727954626627186,2.700018029404946,9.313968005098578,87.0,22.07060518731988,19,Other,Kolkata,464.0,5,3.19,6.201666666666667,1.4720474137931034,2608,0.010775862068965518,,,,,,,
T00952,R0231,Zone_3,6.94,35.39,72.75,UPI,2023-12-21,0,-0.7232102002517977,-0.29374254932568,4.300680995219929,2.0719132752590443,5.948949487094339,35.0,10.482708933717579,19,Other,Mumbai,328.0,22,4.81,8.47,2.230274390243902,2579,0.06707317073170732,Zone_3,12971.0,2.11,38.0,Business,High,2.0
T00953,R0149,Zone_4,8.86,59.47,160.65,Cash,2024-03-18,0,0.3045956392784074,0.13763045606302868,5.0854335041714425,2.288486168614544,7.71167945391923,59.0,18.132054176072238,30,Male,Jaipur,89.0,8,4.57,6.0600000000000005,7.428314606741573,2560,0.0898876404494382,Zone_4,4038.0,2.46,48.2,Business,High,2.0
T00954,R0179,Zone_7,0.03,0.25,0.52,Cash,2023-06-19,0,-1.5677883093447067,-1.846236021844419,0.41871033485818504,0.0295588022415444,0.5,0.0,17.333333333333336,28,Male,Kolkata,274.0,14,4.64,6.3825,1.6658759124087592,1620,0.051094890510948905,,,,,,,
T00955,R0184,Zone_2,7.1,65.16,134.22,Wallet,2023-07-10,0,-0.0044476865325519584,-0.2577947988766211,4.906903081662532,2.0918640616783932,8.072174428244226,65.0,18.904225352112675,29,Female,Surat,285.0,27,3.97,8.645,4.2551578947368425,2388,0.09473684210526316,Zone_2,6371.0,0.91,58.4,Residential,Low,0.0
T00956,R0083,Zone_6,8.8,70.86,73.86,Cash,2023-04-21,0,-0.7102310821416893,0.1241500496446318,4.315619702476283,2.2823823856765264,8.417838202293984,71.0,8.393181818181818,45,Female,Mumbai,475.0,39,4.4,9.262,2.9796421052631583,1721,0.08210526315789474,,,,,,,
T00957,R0077,Zone_2,13.73,92.67,287.95,Wallet,2024-08-20,0,1.7931017072214686,1.2317901103562645,5.666253662763787,2.689886230474539,9.626525853079086,93.0,20.972323379461034,28,Male,Mumbai,406.0,72,3.79,10.489999999999998,5.7729556650246305,2567,0.17733990147783252,Zone_2,6371.0,0.91,58.4,Residential,Low,0.0
T00958,R0217,Zone_9,9.63,84.29,188.14,Wallet,2023-12-21,0,0.62603343823956,0.3106290050991258,5.242487481587366,2.363680192353857,9.180958555619343,84.0,19.536863966770508,39,Other,Jaipur,104.0,5,3.52,8.488,7.258173076923077,1294,0.04807692307692308,,,,,,,
T00959,R0246,Zone_9,10.16,92.18,182.43,Credit Card,2023-08-09,0,0.5592669838172909,0.4297059284616338,5.21183312332626,2.412335956953165,9.601041610158765,92.0,17.955708661417322,29,Other,Mumbai,240.0,34,4.79,6.978333333333333,6.460624999999999,1996,0.14166666666666666,,,,,,,
T00960,R0097,Zone_5,9.49,82.0,235.17,UPI,2024-03-20,1,1.1759504875354136,0.2791747234561989,5.46455188468906,2.3504224224082058,9.055385138137417,82.0,24.78082191780822,23,Other,Bengaluru,478.0,5,3.28,8.67875,2.3370292887029285,2061,0.010460251046025104,Zone_5,2590.0,1.31,43.9,Business,Medium,1.0
T00961,R0248,Zone_8,9.35,59.55,103.62,Cash,2023-11-12,0,-0.3622504020004048,0.24772044181327213,4.650334737942465,2.336986519711378,7.7168646482881895,60.0,11.082352941176472,18,Female,Chennai,104.0,12,3.65,8.245714285714286,9.03519230769231,1789,0.11538461538461539,,,,,,,
T00962,R0238,Zone_3,1.02,8.88,8.86,Cash,2023-03-04,0,-1.4702695300309194,-1.623809315940866,2.288486168614544,0.7030975114131134,2.979932885150268,9.0,8.686274509803921,30,Other,Pune,362.0,56,4.91,6.454999999999999,1.6299171270718231,2705,0.15469613259668508,Zone_3,12971.0,2.11,38.0,Business,High,2.0
T00963,R0243,Zone_3,5.92,34.82,101.62,Wallet,2024-05-09,0,-0.38563620039699653,-0.5229094584384317,4.631032845513819,1.9344157696295783,5.900847396772772,35.0,17.16554054054054,33,Male,Jaipur,315.0,11,3.7,7.901428571428572,3.011206349206349,1319,0.03492063492063492,Zone_3,12971.0,2.11,38.0,Business,High,2.0
T00964,R0137,Zone_1,15.17,87.29,335.54,Wallet,2024-02-05,0,2.3495667800683684,1.555319864397796,5.8187170127483006,2.783157673589016,9.342911751697113,87.0,22.11865524060646,27,Male,Bengaluru,166.0,32,3.14,11.76142857142857,9.032349397590362,1864,0.1927710843373494,Zone_1,4921.0,2.43,30.9,Residential,High,2.0
T00965,R0050,Zone_3,12.12,115.9,118.59,Wallet,2023-07-17,0,-0.187207701001916,0.8700658714626073,4.7840692259807165,2.574137783515943,10.765686229869418,116.0,9.784653465346535,49,Male,Ahmedabad,330.0,41,3.42,8.585714285714285,2.775181818181818,1442,0.12424242424242424,Zone_3,12971.0,2.11,38.0,Business,High,2.0
T00966,R0157,Zone_10,10.47,93.11,110.17,Credit Card,2023-02-21,0,-0.28566191225156706,0.4993546949566859,4.711060561245524,2.4397349311412793,9.649352309870336,93.0,10.522445081184335,36,Female,Hyderabad,319.0,27,4.65,11.39,5.880658307210031,1759,0.08463949843260188,,,,,,,
T00967,R0102,Zone_1,8.33,80.15,102.36,Credit Card,2024-04-03,0,-0.37698345499025765,0.018553532700520636,4.638218040034292,2.2332350148592526,8.952653238007155,80.0,12.288115246098439,18,Female,Chennai,123.0,22,4.1,8.9575,3.9292682926829268,1223,0.17886178861788618,Zone_1,4921.0,2.43,30.9,Residential,High,2.0
T00968,R0155,Zone_9,11.3,93.89,153.11,Cash,2023-08-24,0,0.21643117932325678,0.6858336504111798,5.037666633147286,2.509599262378372,9.689685237405806,94.0,13.549557522123894,23,Male,Hyderabad,353.0,8,3.14,7.61375,2.639405099150142,2776,0.0226628895184136,,,,,,,
T00969,R0050,Zone_10,3.2800000000000002,27.7,79.39,Wallet,2024-07-23,1,-0.6455693495751132,-1.1160473408479064,4.386889790339869,1.4539530095937054,5.263078946776307,28.0,24.204268292682926,49,Male,Ahmedabad,330.0,41,3.42,8.585714285714285,2.775181818181818,1442,0.12424242424242424,,,,,,,
T00970,R0138,Zone_5,0.1,0.9,1.23,Credit Card,2023-07-22,0,-1.5594863509139167,-1.8305088810229555,0.8020015854720274,0.09531017980432487,0.9486832980505138,1.0,12.299999999999999,46,Male,Kolkata,13.0,0,3.53,6.25,39.95692307692308,1512,0.0,Zone_5,2590.0,1.31,43.9,Business,Medium,1.0
T00971,R0089,Zone_1,6.09,53.05,135.64,Wallet,2023-02-13,0,0.012156230329027998,-0.48471497358630644,4.91734973004026,1.958685340544036,7.283543093852058,53.0,22.272577996715928,48,Other,Surat,308.0,6,3.91,9.981111111111112,4.595941558441559,1457,0.01948051948051948,Zone_1,4921.0,2.43,30.9,Residential,High,2.0
T00972,R0184,Zone_9,10.69,74.54,173.15,UPI,2023-08-08,0,0.45075687925710545,0.5487828518241419,5.159916996812011,2.458733775483977,8.633655077659752,75.0,16.197380729653883,29,Female,Surat,285.0,27,3.97,8.645,4.2551578947368425,2388,0.09473684210526316,,,,,,,
T00973,R0172,Zone_1,8.54,51.74,95.55,UPI,2023-11-18,0,-0.4566120985306524,0.06573495516491046,4.570061008874523,2.255493485460195,7.193052203341778,52.0,11.188524590163935,31,Other,Pune,168.0,14,3.72,7.713636363636363,8.86077380952381,2459,0.08333333333333333,Zone_1,4921.0,2.43,30.9,Residential,High,2.0
T00974,R0277,Zone_6,13.07,116.12,130.39,Wallet,2024-02-03,0,-0.0492314904620252,1.0835056397538958,4.87816999965373,2.644044871126298,10.775899034419355,116.0,9.976281560826319,42,Female,Jaipur,433.0,16,3.06,9.658888888888889,3.2397228637413393,2064,0.03695150115473441,,,,,,,
T00975,R0246,Zone_6,9.76,53.7,109.37,Wallet,2023-01-14,0,-0.2950162316102037,0.339836552338986,4.703838357784793,2.3758355547336385,7.328028384224504,54.0,11.20594262295082,29,Other,Mumbai,240.0,34,4.79,6.978333333333333,6.460624999999999,1996,0.14166666666666666,,,,,,,
T00976,R0130,Zone_5,8.22,49.88,135.05,Wallet,2024-06-16,0,0.005257419802033741,-0.006160545733207349,4.913022465229256,2.2213750375685026,7.06257743320383,50.0,16.429440389294403,27,Female,Pune,316.0,62,3.62,6.3625,2.836487341772152,2770,0.1962025316455696,Zone_5,2590.0,1.31,43.9,Business,Medium,1.0
T00977,R0201,Zone_1,14.64,93.63,312.43,UPI,2023-05-15,0,2.079343879595751,1.436242941035288,5.747576049654617,2.7498317351171653,9.67625960792702,94.0,21.340846994535518,37,Female,Delhi,183.0,15,3.84,9.668571428571429,5.856830601092896,1990,0.08196721311475409,Zone_1,4921.0,2.43,30.9,Residential,High,2.0
T00978,R0085,Zone_5,13.66,124.34,142.31,Cash,2024-04-15,0,0.09014786798166148,1.216062969534801,4.96501011606998,2.6851226964585053,11.150784725749126,124.0,10.41800878477306,29,Female,Chennai,94.0,12,4.95,8.798,5.4245744680851065,1461,0.1276595744680851,Zone_5,2590.0,1.31,43.9,Business,Medium,1.0
T00979,R0169,Zone_8,7.51,48.91,168.46,Wallet,2023-03-24,0,0.39591718201709797,-0.16567868835090718,5.132616910770318,2.1412419425852827,6.993568473962345,49.0,22.431424766977365,32,Male,Delhi,497.0,81,4.19,10.058571428571428,2.841871227364185,1304,0.16297786720321933,,,,,,,
T00980,R0196,Zone_6,2.48,17.97,26.54,Credit Card,2023-07-29,0,-1.2635390722050488,-1.2957860930932017,3.315639493300509,1.247032293786383,4.2391036788453285,18.0,10.701612903225806,18,Male,Hyderabad,51.0,9,4.93,7.995833333333334,31.831960784313726,2642,0.17647058823529413,,,,,,,
T00981,R0190,Zone_6,3.46,20.02,80.21,Cash,2023-01-10,1,-0.6359811722325107,-1.0756061215927148,4.397038392294319,1.4951487660319727,4.474371464239419,20.0,23.18208092485549,35,Other,Surat,274.0,47,4.12,7.776666666666666,4.08,2183,0.17153284671532848,,,,,,,
T00982,R0073,Zone_7,7.19,38.88,157.25,Credit Card,2023-04-20,0,0.26483978200420144,-0.23757418924902518,5.064176061024286,2.1029138978649784,6.235382907247958,39.0,21.870653685674547,41,Other,Ahmedabad,490.0,30,3.01,8.734444444444444,2.6034693877551023,1916,0.061224489795918366,,,,,,,
T00983,R0077,Zone_4,6.17,52.93,83.76,Wallet,2023-09-16,0,-0.5944713800785604,-0.4667410983617769,4.4398237334000985,1.969905654611529,7.275300681071539,53.0,13.575364667747165,28,Male,Mumbai,406.0,72,3.79,10.489999999999998,5.7729556650246305,2567,0.17733990147783252,Zone_4,4038.0,2.46,48.2,Business,High,2.0
T00984,R0283,Zone_5,16.29,113.75,178.58,UPI,2024-06-26,0,0.514249321903852,1.8069541175412094,5.1906207910926625,2.850128299695199,10.665364503850771,114.0,10.96255371393493,19,Male,Surat,245.0,45,3.55,7.9957142857142856,4.135632653061225,1190,0.1836734693877551,Zone_5,2590.0,1.31,43.9,Business,Medium,1.0
T00985,R0209,Zone_2,0.4,2.19,8.96,Wallet,2024-01-12,0,-1.4691002401110898,-1.7631068489309696,2.298577071596507,0.33647223662121295,1.4798648586948742,2.0,22.400000000000002,31,Other,Surat,109.0,20,3.77,7.315,6.743944954128441,2289,0.1834862385321101,Zone_2,6371.0,0.91,58.4,Residential,Low,0.0
T00986,R0120,Zone_10,7.68,41.52,120.11,Wallet,2023-02-25,0,-0.16943449422050635,-0.12748420349878192,4.7966992235329595,2.1610215286722587,6.443601477434805,42.0,15.639322916666668,18,Other,Surat,311.0,15,4.55,8.525,3.260289389067524,2258,0.04823151125401929,,,,,,,
T00987,R0133,Zone_4,2.67,15.91,57.6,UPI,2024-02-27,0,-0.9003576231059799,-1.253098139434944,4.070734696582967,1.3001916620664788,3.988734135035826,16.0,21.573033707865168,25,Female,Delhi,155.0,11,4.4,7.21,5.272709677419355,2623,0.07096774193548387,Zone_4,4038.0,2.46,48.2,Business,High,2.0
T00988,R0289,Zone_2,8.58,80.43,163.1,Credit Card,2023-06-03,0,0.3332432423142321,0.07472189277717543,5.100475998096045,2.259677591982769,8.968277426574181,80.0,19.009324009324008,21,Other,Chennai,322.0,14,4.17,8.26625,3.8337888198757764,1813,0.043478260869565216,Zone_2,6371.0,0.91,58.4,Residential,Low,0.0
T00989,R0256,Zone_2,9.91,66.8,153.36,Cash,2023-09-15,0,0.21935440412283075,0.373537568384979,5.039287536669418,2.3896797998449792,8.17312669668102,67.0,15.475277497477297,31,Female,Delhi,265.0,8,3.65,6.908333333333334,2.8445283018867924,2002,0.03018867924528302,Zone_2,6371.0,0.91,58.4,Residential,Low,0.0
T00990,R0237,Zone_4,5.98,47.26,59.33,Credit Card,2023-02-04,0,-0.8801289074929279,-0.5094290520200344,4.09982949245267,1.9430489167742813,6.8745908969188845,47.0,9.921404682274247,40,Male,Chennai,36.0,3,3.71,9.737,49.20527777777777,1374,0.08333333333333333,Zone_4,4038.0,2.46,48.2,Business,High,2.0
T00991,R0070,Zone_5,10.65,97.69,133.59,Credit Card,2024-02-25,0,-0.01181421302747829,0.5397959142118772,4.902233120245624,2.4553061800117097,9.883825170448938,98.0,12.543661971830986,33,Male,Bengaluru,310.0,6,3.54,12.83,5.56116129032258,1353,0.01935483870967742,Zone_5,2590.0,1.31,43.9,Business,Medium,1.0
T00992,R0050,Zone_2,7.01,65.59,137.36,UPI,2024-06-14,0,0.03226801695009718,-0.2780154085042168,4.929858984068968,2.080690761080268,8.098765338000602,66.0,19.594864479315266,49,Male,Ahmedabad,330.0,41,3.42,8.585714285714285,2.775181818181818,1442,0.12424242424242424,Zone_2,6371.0,0.91,58.4,Residential,Low,0.0
T00993,R0280,Zone_3,7.1,40.01,158.37,UPI,2023-09-10,0,0.27793582910629283,-0.2577947988766211,5.071228542871542,2.0918640616783932,6.325345840347388,40.0,22.305633802816903,26,Other,Chennai,172.0,23,4.43,8.461666666666666,4.2749999999999995,1205,0.13372093023255813,Zone_3,12971.0,2.11,38.0,Business,High,2.0
T00994,R0161,Zone_5,5.91,44.63,125.74,Cash,2024-03-17,0,-0.1036034717341008,-0.5251561928414978,4.842137743895371,1.9329696377795786,6.680568838055634,45.0,21.27580372250423,32,Other,Surat,332.0,50,4.91,5.536666666666666,1.7095180722891565,2731,0.15060240963855423,Zone_5,2590.0,1.31,43.9,Business,Medium,1.0
T00995,R0233,Zone_5,11.25,101.38,171.94,Credit Card,2023-01-19,0,0.4366084712271674,0.6745999783958487,5.152944713532285,2.505525936990736,10.0687635785135,101.0,15.283555555555555,30,Other,Hyderabad,469.0,41,4.37,12.752857142857142,3.520767590618337,1029,0.08742004264392324,Zone_5,2590.0,1.31,43.9,Business,Medium,1.0
T00996,R0035,Zone_3,8.69,84.88,106.87,Cash,2023-04-16,0,-0.32424847960594333,0.09943597121090342,4.680926798387338,2.2710944259026746,9.213034245024817,85.0,12.298043728423476,39,Male,Kolkata,392.0,41,3.49,7.244999999999999,1.0711989795918366,1642,0.10459183673469388,Zone_3,12971.0,2.11,38.0,Business,High,2.0
T00997,R0041,Zone_7,15.87,109.81,289.04,UPI,2023-08-09,0,1.8058469673476114,1.7125912726124293,5.670018844503392,2.825536896557877,10.47902667235846,110.0,18.2129804662886,25,Other,Pune,353.0,8,4.74,8.428,1.9891218130311614,2350,0.0226628895184136,,,,,,,
T00998,R0084,Zone_5,14.35,101.77,192.38,Wallet,2023-03-23,0,0.6756113308403345,1.3710876433463681,5.264657165055401,2.731115474033206,10.088111815399351,102.0,13.406271777003484,38,Male,Jaipur,366.0,6,4.67,9.3625,3.923060109289618,2615,0.01639344262295082,Zone_5,2590.0,1.31,43.9,Business,Medium,1.0
T00999,R0277,Zone_10,10.77,99.49,249.99,Wallet,2024-02-07,1,1.3492392536541584,0.5667567270486714,5.525413097700675,2.4655539212721855,9.974467404327912,99.0,23.211699164345404,42,Female,Jaipur,433.0,16,3.06,9.658888888888889,3.2397228637413393,2064,0.03695150115473441,,,,,,,
T01000,R0253,Zone_7,2.8,24.44,37.65,Credit Card,2024-08-02,0,-1.1336309621119818,-1.2238905921950836,3.654546775033431,1.33500106673234,4.94368283772331,24.0,13.446428571428571,26,Male,Surat,173.0,24,3.16,7.117142857142857,4.485086705202312,1855,0.13872832369942195,,,,,,,
T01001,R0135,Zone_1,0.58,5.31,13.96,Credit Card,2024-06-30,1,-1.4106357441196105,-1.7226656296757783,2.7053799725463312,0.4574248470388754,2.3043437243605824,5.0,24.06896551724138,38,Female,Ahmedabad,153.0,8,3.47,8.325,6.4845098039215685,1666,0.05228758169934641,Zone_1,4921.0,2.43,30.9,Residential,High,2.0
T01002,R0248,Zone_6,12.93,94.92,284.82,Cash,2024-06-13,0,1.7565029327308026,1.052051358110969,5.6553622420536485,2.6340447877917144,9.74268956705488,95.0,22.02784222737819,18,Female,Chennai,104.0,12,3.65,8.245714285714286,9.03519230769231,1789,0.11538461538461539,,,,,,,
T01003,R0190,Zone_5,5.62,50.57,106.41,Cash,2023-09-03,0,-0.3296272132371595,-0.5903114905304174,4.676653287609955,1.890095369948917,7.11125867902441,51.0,18.934163701067614,35,Other,Surat,274.0,47,4.12,7.776666666666666,4.08,2183,0.17153284671532848,Zone_5,2590.0,1.31,43.9,Business,Medium,1.0
T01004,R0225,Zone_7,9.17,57.22,143.16,Wallet,2023-07-07,0,0.1000868323002129,0.20727922255808073,4.9709237938600275,2.3194422100604686,7.564390259630977,57.0,15.611777535441657,39,Female,Delhi,465.0,9,4.08,8.055,1.4471397849462366,2285,0.01935483870967742,,,,,,,
T01005,R0025,Zone_8,4.85,31.44,62.93,Credit Card,2023-10-16,0,-0.8380344703790629,-0.7633100395665143,4.157788734778635,1.766441661243765,5.607138307550475,31.0,12.975257731958763,21,Female,Mumbai,42.0,3,4.01,9.45,17.129285714285714,1791,0.07142857142857142,,,,,,,
T01006,R0272,Zone_5,10.59,99.0,205.44,Cash,2023-05-26,0,0.8283205943700783,0.52631550779348,5.330009813280526,2.4501426573516603,9.9498743710662,99.0,19.39943342776204,21,Male,Kolkata,432.0,4,4.79,5.755714285714285,1.6012962962962962,2437,0.009259259259259259,Zone_5,2590.0,1.31,43.9,Business,Medium,1.0
T01007,R0016,Zone_10,12.79,67.67,192.63,Cash,2023-03-14,0,0.6785345556399085,1.020597076468042,5.265949121515307,2.6239436918052106,8.226177727231525,68.0,15.060985144644254,28,Female,Delhi,356.0,51,3.06,8.248000000000001,1.9316853932584273,1697,0.14325842696629212,,,,,,,
T01008,R0237,Zone_6,1.9500000000000002,18.2,24.05,Cash,2024-03-13,0,-1.2926543912088055,-1.4148630164557099,3.2208738275308737,1.0818051703517284,4.266145801540309,18.0,12.333333333333332,40,Male,Chennai,36.0,3,3.71,9.737,49.20527777777777,1374,0.08333333333333333,,,,,,,
T01009,R0148,Zone_9,3.93,34.86,59.65,Wallet,2024-06-10,0,-0.8763871797494732,-0.970009604648604,4.105119635390059,1.5953389880545987,5.904235767650205,35.0,15.178117048346055,44,Male,Ahmedabad,412.0,34,3.36,5.7975,0.9918203883495146,2544,0.0825242718446602,,,,,,,
T01010,R0130,Zone_2,0.32,2.7,6.4,Wallet,2023-10-28,0,-1.499034062058727,-1.7810807241554991,2.0014800002101243,0.2776317365982795,1.6431676725154984,3.0,20.0,27,Female,Pune,316.0,62,3.62,6.3625,2.836487341772152,2770,0.1962025316455696,Zone_2,6371.0,0.91,58.4,Residential,Low,0.0
T01011,R0099,Zone_6,9.17,65.75,164.57,UPI,2024-02-28,0,0.35043180413572694,0.20727922255808073,5.10939406611952,2.3194422100604686,8.108637370113428,66.0,17.946564885496183,35,Other,Mumbai,80.0,8,3.7,7.707777777777778,16.033250000000002,1853,0.1,,,,,,,
T01012,R0159,Zone_4,0.33,3.1,5.82,Cash,2024-06-16,0,-1.5058159435937388,-1.778833989752433,1.9198594718553708,0.2851789422336624,1.760681686165901,3.0,17.636363636363637,43,Female,Bengaluru,79.0,2,4.9,5.9925,5.378354430379747,2310,0.02531645569620253,Zone_4,4038.0,2.46,48.2,Business,High,2.0
T01013,R0117,Zone_1,6.17,36.26,146.37,UPI,2023-06-05,1,0.13762103872674267,-0.4667410983617769,4.992946431225172,1.969905654611529,6.021627686929839,36.0,23.722852512155594,21,Female,Ahmedabad,369.0,37,3.16,5.837999999999999,1.3319241192411924,1923,0.1002710027100271,Zone_1,4921.0,2.43,30.9,Residential,High,2.0
T01014,R0028,Zone_9,10.6,101.63,157.5,UPI,2024-07-19,0,0.2677630068037754,0.5285622421965461,5.065754593317335,2.451005098112319,10.081170566953025,102.0,14.858490566037736,20,Female,Surat,249.0,21,3.79,10.61,6.218915662650603,1041,0.08433734939759036,,,,,,,
T01015,R0177,Zone_9,18.29,123.71,371.47,Wallet,2023-05-17,0,2.7696926482631383,2.2563009981544475,5.920156497663592,2.9595868269176377,11.122499719037982,124.0,20.310005467468564,34,Other,Bengaluru,489.0,63,4.48,9.645,3.8175051124744375,1310,0.12883435582822086,,,,,,,
T01016,R0036,Zone_6,9.84,78.98,216.27,Cash,2023-08-13,0,0.9549546926876225,0.3578104275635156,5.3811408197471495,2.3832429960115,8.887069258197553,79.0,21.978658536585368,30,Female,Surat,177.0,15,4.9,9.31,5.884293785310734,1646,0.0847457627118644,,,,,,,
T01017,R0250,Zone_10,14.26,132.02,247.26,UPI,2023-02-12,0,1.3173176388428105,1.3508670337187725,5.514476584087801,2.725235025856311,11.489995648389081,132.0,17.339410939691444,34,Female,Jaipur,163.0,31,4.63,8.368888888888888,6.91601226993865,2054,0.1901840490797546,,,,,,,
T01018,R0226,Zone_4,9.3,50.64,147.85,Credit Card,2023-09-06,0,0.15492652954022038,0.23648676979794142,5.002939087461785,2.33214389523559,7.116178749862878,51.0,15.89784946236559,20,Other,Surat,266.0,2,3.25,7.601428571428571,3.408571428571429,1875,0.007518796992481203,Zone_4,4038.0,2.46,48.2,Business,High,2.0
T01019,R0102,Zone_4,9.55,48.82,120.65,Wallet,2024-01-07,0,-0.16312032865342652,0.2926551298745962,4.801148069229532,2.3561258599220753,6.987131027825369,49.0,12.633507853403142,18,Female,Chennai,123.0,22,4.1,8.9575,3.9292682926829268,1223,0.17886178861788618,Zone_4,4038.0,2.46,48.2,Business,High,2.0
T01020,R0107,Zone_8,6.95,60.81,146.22,Cash,2023-01-29,0,0.1358671038469982,-0.29149581492261384,4.991928066630559,2.0731719286662407,7.798076685952761,61.0,21.03884892086331,33,Male,Hyderabad,179.0,14,3.66,6.514,3.5079888268156427,2441,0.0782122905027933,,,,,,,
T01021,R0011,Zone_6,6.08,47.67,122.18,UPI,2023-11-10,0,-0.14523019288003386,-0.4869617079893726,4.813646700258897,1.9572739077056285,6.904346457123947,48.0,20.095394736842106,26,Male,Chennai,208.0,34,4.0,8.896,7.842403846153845,2347,0.16346153846153846,,,,,,,
T01022,R0278,Zone_7,13.87,87.85,244.45,Wallet,2023-12-09,0,1.2844605920955992,1.263244391999191,5.503093260504062,2.6993457604720636,9.372833082905082,88.0,17.624369142033164,20,Female,Mumbai,382.0,58,4.27,10.838888888888889,5.546492146596859,1841,0.1518324607329843,,,,,,,
T01023,R0241,Zone_10,9.87,70.99,244.47,Cash,2024-01-17,1,1.2846944500795652,0.36455063077271405,5.503174740174929,2.386006701133118,8.425556361451747,71.0,24.768996960486323,34,Female,Chennai,165.0,3,3.28,11.43,4.619090909090909,2439,0.01818181818181818,,,,,,,
T01024,R0095,Zone_8,9.68,66.56,148.52,Credit Card,2023-06-27,0,0.16276077200307879,0.3218626771144565,5.0074301631473075,2.3683728335320486,8.158431221748456,67.0,15.342975206611571,29,Female,Chennai,481.0,77,4.26,8.826923076923077,4.085571725571726,2171,0.1600831600831601,,,,,,,
T01025,R0126,Zone_4,4.96,28.48,55.26,Credit Card,2024-06-14,0,-0.9277190072299921,-0.7385959611327861,4.029983803061711,1.7850704810772584,5.336665625650533,28.0,11.141129032258064,29,Female,Surat,411.0,20,3.65,5.95,1.009537712895377,1453,0.04866180048661801,Zone_4,4038.0,2.46,48.2,Business,High,2.0
T01026,R0252,Zone_2,6.27,38.05,65.09,UPI,2023-01-01,0,-0.8127778081107438,-0.44427375433111504,4.191017449482361,1.9837562915454279,6.168468205316454,38.0,10.381180223285488,38,Other,Ahmedabad,392.0,47,4.83,6.275625,4.290943877551021,2185,0.11989795918367346,Zone_2,6371.0,0.91,58.4,Residential,Low,0.0
T01027,R0240,Zone_8,18.34,150.69,262.04,Cash,2023-05-26,0,1.4901386889936235,2.2675346701697787,5.572306111867815,2.9621754900251482,12.275585525749882,151.0,14.287895310796076,30,Male,Delhi,174.0,2,4.07,11.515,7.0199425287356325,2313,0.011494252873563218,,,,,,,
T01028,R0190,Zone_5,7.66,46.22,85.51,Credit Card,2023-12-30,0,-0.5740088064815426,-0.13197767230491422,4.460260014192283,2.1587147225743437,6.798529252713413,46.0,11.163185378590079,35,Other,Surat,274.0,47,4.12,7.776666666666666,4.08,2183,0.17153284671532848,Zone_5,2590.0,1.31,43.9,Business,Medium,1.0
T01029,R0234,Zone_2,14.63,86.74,293.26,Wallet,2024-05-19,0,1.8551910019644196,1.4339962066322218,5.684463730269801,2.749192144433385,9.313431161500041,87.0,20.045112781954884,32,Other,Pune,183.0,31,3.98,7.051111111111111,6.222677595628415,1386,0.16939890710382513,Zone_2,6371.0,0.91,58.4,Residential,Low,0.0
T01030,R0099,Zone_2,5.4,40.85,103.87,Cash,2023-09-08,0,-0.35932717720083085,-0.6397396473978736,4.652721487846314,1.8562979903656263,6.391400472509918,41.0,19.235185185185184,35,Other,Mumbai,80.0,8,3.7,7.707777777777778,16.033250000000002,1853,0.1,Zone_2,6371.0,0.91,58.4,Residential,Low,0.0
T01031,R0068,Zone_1,12.01,105.43,140.67,Credit Card,2023-12-15,0,0.07097151329645612,0.8453517930288793,4.95350040939126,2.565718292524414,10.267911179982033,105.0,11.712739383846793,30,Female,Ahmedabad,456.0,70,4.97,7.977777777777778,2.4136622807017547,1478,0.15350877192982457,Zone_1,4921.0,2.43,30.9,Residential,High,2.0
T01032,R0221,Zone_7,9.45,94.3,88.52,Cash,2023-12-04,0,-0.5388131798946723,0.270187785843934,4.494462064003669,2.34660197841082,9.710818709048171,94.0,9.367195767195767,21,Female,Delhi,106.0,1,4.41,7.34125,8.615943396226415,2073,0.009433962264150943,,,,,,,
T01033,R0236,Zone_2,5.98,46.66,49.41,Credit Card,2023-07-04,0,-0.9961224675400228,-0.5094290520200344,3.9201895680945396,1.9430489167742813,6.830812543175226,47.0,8.262541806020065,28,Male,Ahmedabad,61.0,1,3.36,4.546363636363636,12.599016393442623,2229,0.01639344262295082,Zone_2,6371.0,0.91,58.4,Residential,Low,0.0
T01034,R0123,Zone_10,11.24,61.04,117.46,Wallet,2023-04-19,0,-0.20042067709599043,0.6723532439927825,4.774575350848819,2.50470927708418,7.812809993849844,61.0,10.45017793594306,32,Male,Bengaluru,156.0,26,3.31,9.425,4.584487179487179,1181,0.16666666666666666,,,,,,,
T01035,R0205,Zone_5,0.28,1.92,4.33,Credit Card,2024-05-08,0,-1.5232383633991995,-1.790067661767764,1.673351238177753,0.2468600779315258,1.3856406460551018,2.0,15.464285714285714,31,Other,Surat,100.0,14,4.66,6.387499999999999,2.659,2685,0.14,Zone_5,2590.0,1.31,43.9,Business,Medium,1.0
T01036,R0037,Zone_3,10.87,87.78,215.53,Credit Card,2024-07-28,0,0.9463019472808835,0.5892240710793333,5.3777291059721986,2.4740142086215764,9.369098142297368,88.0,19.82796688132475,32,Other,Ahmedabad,489.0,6,3.36,9.76125,2.6884662576687117,2126,0.012269938650306749,Zone_3,12971.0,2.11,38.0,Business,High,2.0
T01037,R0106,Zone_6,11.93,98.95,168.44,Cash,2023-06-18,0,0.39568332403313194,0.8273779178043497,5.132498881853096,2.559550192783766,9.947361459201128,99.0,14.119027661357922,32,Other,Bengaluru,6.0,1,4.03,9.9175,73.10333333333334,1757,0.16666666666666666,,,,,,,
T01038,R0017,Zone_8,9.37,71.95,204.58,Credit Card,2024-06-20,0,0.8182647010595441,0.2522139106194044,5.325835252584776,2.3389170222414357,8.482334584299302,72.0,21.833511205976524,49,Female,Mumbai,288.0,21,3.83,7.997142857142857,2.820520833333333,1279,0.07291666666666667,,,,,,,
T01039,R0177,Zone_3,14.55,118.05,125.89,Cash,2024-08-14,0,-0.10184953685435635,1.4160223314076923,4.8433205694088235,2.744060638625243,10.865081684000355,118.0,8.652233676975944,34,Other,Bengaluru,489.0,63,4.48,9.645,3.8175051124744375,1310,0.12883435582822086,Zone_3,12971.0,2.11,38.0,Business,High,2.0
T01040,R0028,Zone_6,7.66,55.38,77.21,Cash,2023-03-04,0,-0.6710598698273983,-0.13197767230491422,4.35939751661352,2.1587147225743437,7.441773982055623,55.0,10.079634464751956,20,Female,Surat,249.0,21,3.79,10.61,6.218915662650603,1041,0.08433734939759036,,,,,,,
T01041,R0269,Zone_1,7.25,68.25,172.44,UPI,2024-02-02,1,0.4424549208263153,-0.2240937828306281,5.155831718251282,2.1102132003465894,8.261355820929152,68.0,23.784827586206895,41,Male,Mumbai,423.0,16,3.41,9.008571428571429,3.4486288416075648,2678,0.037825059101654845,Zone_1,4921.0,2.43,30.9,Residential,High,2.0
T01042,R0090,Zone_7,9.78,49.56,160.2,Wallet,2024-08-19,0,0.299333834639174,0.34433002114511835,5.0826458300725275,2.377692565480851,7.0398863627192165,50.0,16.380368098159508,33,Female,Mumbai,152.0,25,4.51,10.813,12.998355263157896,2055,0.16447368421052633,,,,,,,
T01043,R0026,Zone_10,12.34,119.46,164.63,Credit Card,2024-07-02,0,0.35113337808762474,0.9194940283300637,5.109756384964063,2.590767040487478,10.929775843996069,119.0,13.341166936790923,26,Female,Surat,44.0,5,3.17,8.81,22.11795454545455,2344,0.11363636363636363,,,,,,,
T01044,R0077,Zone_9,10.85,89.48,102.05,Wallet,2023-08-16,0,-0.3806082537417294,0.584730602273201,4.635214307336468,2.47232786758114,9.459386872308373,89.0,9.405529953917052,28,Male,Mumbai,406.0,72,3.79,10.489999999999998,5.7729556650246305,2567,0.17733990147783252,,,,,,,
T01045,R0124,Zone_10,6.87,43.58,89.69,Credit Card,2023-01-12,0,-0.5251324878326661,-0.3094696901471434,4.507447097459476,2.063058062429312,6.601514977639602,44.0,13.055312954876273,37,Other,Hyderabad,419.0,25,3.59,8.516,1.5354415274463007,1561,0.059665871121718374,,,,,,,
T01046,R0121,Zone_9,3.02,18.46,29.53,Wallet,2023-12-02,0,-1.2285773036021441,-1.1744624353276274,3.4187098067467865,1.3912819026309295,4.296510211788167,18.0,9.77814569536424,29,Male,Pune,378.0,10,4.17,7.996363636363636,3.8740211640211637,1162,0.026455026455026454,,,,,,,
T01047,R0117,Zone_6,11.32,97.67,102.93,Wallet,2023-09-22,0,-0.3703185024472289,0.6903271192173122,4.6437175956003305,2.511223958105374,9.882813364624468,98.0,9.092756183745584,21,Female,Ahmedabad,369.0,37,3.16,5.837999999999999,1.3319241192411924,1923,0.1002710027100271,,,,,,,
T01048,R0231,Zone_7,4.05,39.82,44.61,Credit Card,2023-02-07,0,-1.0522483836918428,-0.9430487918118097,3.820126990723609,1.6193882432872684,6.3103090257134005,40.0,11.014814814814816,19,Other,Mumbai,328.0,22,4.81,8.47,2.230274390243902,2579,0.06707317073170732,,,,,,,
T01049,R0270,Zone_9,3.91,35.35,85.13,Credit Card,2023-11-25,0,-0.5784521081768952,-0.9745030734547362,4.455857782801083,1.5912739418064292,5.9455865984779,35.0,21.772378516624038,35,Male,Hyderabad,455.0,64,3.08,7.38,2.420945054945055,1719,0.14065934065934066,,,,,,,
T01050,R0032,Zone_4,4.73,30.01,69.7,UPI,2023-07-22,0,-0.7588735428066,-0.7902708524033084,4.258445572902527,1.7457155307266483,5.478138369920935,30.0,14.735729386892176,18,Female,Mumbai,213.0,24,4.0,9.455714285714285,6.542723004694835,1093,0.11267605633802817,Zone_4,4038.0,2.46,48.2,Business,High,2.0
T01051,R0135,Zone_8,8.29,58.13,153.56,UPI,2023-01-18,0,0.22169298396248976,0.00956659508825566,5.040582370464208,2.2289385528257473,7.624303246854758,58.0,18.52352231604343,38,Female,Ahmedabad,153.0,8,3.47,8.325,6.4845098039215685,1666,0.05228758169934641,,,,,,,
T01052,R0246,Zone_10,4.02,33.06,87.4,UPI,2023-12-24,0,-0.5519092269967635,-0.9497889950210082,4.481871969643598,1.6134299337036377,5.749782604586021,33.0,21.74129353233831,29,Other,Mumbai,240.0,34,4.79,6.978333333333333,6.460624999999999,1996,0.14166666666666666,,,,,,,
T01053,R0105,Zone_5,2.32,17.07,20.14,Wallet,2024-07-07,0,-1.3383736270741422,-1.3317338435422608,3.051166980442092,1.199964782928397,4.13158565202272,17.0,8.681034482758621,31,Female,Jaipur,346.0,9,3.69,7.933333333333334,3.7604624277456646,2180,0.02601156069364162,Zone_5,2590.0,1.31,43.9,Business,Medium,1.0
T01054,R0231,Zone_7,4.71,42.7,98.65,Wallet,2023-07-04,0,-0.4203641110159352,-0.794764321209441,4.6016640466588035,1.742219023667919,6.534523701081817,43.0,20.944798301486202,19,Other,Mumbai,328.0,22,4.81,8.47,2.230274390243902,2579,0.06707317073170732,,,,,,,
T01055,R0119,Zone_6,7.08,35.42,88.14,Cash,2023-08-10,0,-0.5432564815900246,-0.2622882676827534,4.49020816751841,2.089391872533004,5.951470406546604,35.0,12.44915254237288,47,Male,Hyderabad,30.0,1,4.39,5.846,13.431333333333333,1231,0.03333333333333333,,,,,,,
T01056,R0266,Zone_7,10.27,74.55,168.21,Wallet,2024-02-26,0,0.392993957217524,0.45442000689536177,5.131140547080535,2.422144328051685,8.634234187233979,75.0,16.37877312560857,29,Other,Chennai,98.0,13,3.9,8.107777777777777,12.729081632653061,2183,0.1326530612244898,,,,,,,
T01057,R0282,Zone_3,8.34,61.91,144.33,UPI,2024-02-09,0,0.11376752436221922,0.02080026710358678,4.979007018638079,2.234306252240751,7.868290792796107,62.0,17.305755395683455,22,Other,Bengaluru,319.0,3,4.47,10.318888888888889,4.387931034482759,1599,0.009404388714733543,Zone_3,12971.0,2.11,38.0,Business,High,2.0
T01058,R0192,Zone_2,2.6,15.42,31.62,UPI,2023-06-09,0,-1.2041391442777059,-1.2688252802564075,3.484925597192868,1.2809338454620642,3.9268307832143723,15.0,12.161538461538461,31,Male,Delhi,449.0,31,3.89,5.826666666666667,0.512694877505568,1851,0.06904231625835189,Zone_2,6371.0,0.91,58.4,Residential,Low,0.0
T01059,R0164,Zone_8,9.14,84.79,160.24,Cash,2024-06-12,0,0.2998015506071061,0.2005390193488823,5.082893938248965,2.316487998163037,9.208148565265441,85.0,17.531728665207876,37,Other,Ahmedabad,249.0,23,4.02,8.356666666666667,7.062208835341366,1534,0.09236947791164658,,,,,,,
T01060,R0285,Zone_5,9.61,90.21,92.12,Cash,2023-12-07,0,-0.4967187427808071,0.30613553629299306,4.533888983983128,2.3617969526258915,9.497894503520241,90.0,9.585848074921957,29,Female,Chennai,244.0,16,4.97,6.987777777777778,4.521639344262295,2807,0.06557377049180328,Zone_5,2590.0,1.31,43.9,Business,Medium,1.0
T01061,R0172,Zone_9,5.73,48.94,113.7,Credit Card,2023-07-10,0,-0.2443859780815827,-0.5655974120966892,4.742320024135325,1.9065751436566365,6.99571297295708,49.0,19.842931937172775,31,Other,Pune,168.0,14,3.72,7.713636363636363,8.86077380952381,2459,0.08333333333333333,,,,,,,
T01062,R0127,Zone_4,4.02,20.5,99.65,Wallet,2023-02-03,1,-0.4086712118176393,-0.9497889950210082,4.611649152085801,1.6134299337036377,4.527692569068709,21.0,24.788557213930353,38,Male,Chennai,43.0,2,4.83,7.867777777777778,32.56906976744186,2375,0.046511627906976744,Zone_4,4038.0,2.46,48.2,Business,High,2.0
T01063,R0226,Zone_5,4.02,31.06,46.8,Cash,2024-08-09,0,-1.0266409344475749,-0.9497889950210082,3.86702563949741,1.6134299337036377,5.573149917237109,31.0,11.64179104477612,20,Other,Surat,266.0,2,3.25,7.601428571428571,3.408571428571429,1875,0.007518796992481203,Zone_5,2590.0,1.31,43.9,Business,Medium,1.0
T01064,R0183,Zone_2,5.34,26.75,85.55,UPI,2023-01-17,0,-0.5735410905136109,-0.6532200538162708,4.4607222816222185,1.8468787684491346,5.172040216394301,27.0,16.02059925093633,43,Other,Jaipur,406.0,66,3.79,7.2225,2.0964039408866997,1482,0.1625615763546798,Zone_2,6371.0,0.91,58.4,Residential,Low,0.0
T01065,R0092,Zone_4,19.07,184.53,374.64,Wallet,2024-01-18,0,2.8067591387217354,2.431546281593611,5.928631237936413,2.9992261628082466,13.584181977579659,185.0,19.64551651809124,21,Male,Surat,252.0,23,4.51,11.438,3.415357142857143,2618,0.09126984126984126,Zone_4,4038.0,2.46,48.2,Business,High,2.0
T01066,R0250,Zone_1,3.55,18.67,62.38,Credit Card,2024-03-02,0,-0.8444655649381256,-1.0553855119651192,4.149148354262775,1.5151272329628591,4.32087954009366,19.0,17.571830985915494,34,Female,Jaipur,163.0,31,4.63,8.368888888888888,6.91601226993865,2054,0.1901840490797546,Zone_1,4921.0,2.43,30.9,Residential,High,2.0
T01067,R0029,Zone_9,9.33,82.67,138.15,Wallet,2023-09-09,0,0.0415054073167508,0.24322697300713983,4.9355524879719,2.3350522831315472,9.092304438369846,83.0,14.807073954983924,30,Male,Surat,4.0,0,3.69,9.961666666666666,290.62,1516,0.0,,,,,,,
T01068,R0116,Zone_10,4.43,30.69,67.17,Cash,2023-05-27,0,-0.7884565777782885,-0.8576728844952943,4.222004585374694,1.691939133945844,5.539855593785816,31.0,15.16252821670429,34,Female,Bengaluru,238.0,30,4.58,10.122,3.3368067226890754,2413,0.12605042016806722,,,,,,,
T01069,R0218,Zone_6,5.47,32.45,112.98,Credit Card,2023-10-15,0,-0.2528048655043557,-0.6240125065764104,4.736022994406854,1.8671761085128091,5.6964901474504455,32.0,20.654478976234007,34,Other,Delhi,160.0,16,3.87,8.34,4.5341875,2806,0.1,,,,,,,
T01070,R0029,Zone_9,4.47,32.59,36.56,UPI,2024-01-01,0,-1.1463762222381244,-0.8486859468830296,3.6259396543400624,1.6992786164338898,5.708765190476834,33.0,8.178970917225952,30,Male,Surat,4.0,0,3.69,9.961666666666666,290.62,1516,0.0,,,,,,,
T01071,R0286,Zone_5,12.01,119.25,131.8,Cash,2024-06-04,0,-0.03274450259242776,0.8453517930288793,4.888844237042334,2.565718292524414,10.920164833920778,119.0,10.974188176519569,26,Male,Pune,29.0,0,4.48,7.043333333333333,21.62551724137931,1310,0.0,Zone_5,2590.0,1.31,43.9,Business,Medium,1.0
T01072,R0112,Zone_6,9.9,68.06,139.84,Cash,2024-05-10,0,0.06126640696187076,0.37129083398191287,4.947624494286852,2.388762789235098,8.249848483457136,68.0,14.125252525252526,41,Female,Delhi,311.0,11,3.24,8.953,3.6986173633440513,2134,0.03536977491961415,,,,,,,
T01073,R0121,Zone_10,7.35,72.94,89.7,Wallet,2023-12-01,0,-0.5250155588406831,-0.20162643879996628,4.507557357121091,2.122261538862764,8.54049178911847,73.0,12.204081632653063,29,Male,Pune,378.0,10,4.17,7.996363636363636,3.8740211640211637,1162,0.026455026455026454,,,,,,,
T01074,R0109,Zone_10,10.51,68.93,203.11,Credit Card,2023-08-11,0,0.8010761392380491,0.5083416325689505,5.318659064205951,2.4432162227337915,8.302409288875127,69.0,19.325404376784018,35,Female,Delhi,62.0,5,3.35,10.81,11.13532258064516,1398,0.08064516129032258,,,,,,,
T01075,R0240,Zone_7,11.72,88.22,143.06,UPI,2024-05-16,0,0.09891754238038337,0.7801964953399598,4.9702298794612165,2.543175557911976,9.392550239418473,88.0,12.206484641638225,30,Male,Delhi,174.0,2,4.07,11.515,7.0199425287356325,2313,0.011494252873563218,,,,,,,
T01076,R0257,Zone_1,3.75,22.05,70.87,Credit Card,2023-11-10,0,-0.7451928507445938,-1.0104508239037953,4.274858931480352,1.55814461804655,4.695742752749559,22.0,18.898666666666667,36,Other,Delhi,459.0,19,4.82,8.015714285714285,1.7913507625272331,1286,0.04139433551198257,Zone_1,4921.0,2.43,30.9,Residential,High,2.0
T01077,R0241,Zone_4,10.74,66.68,206.08,Wallet,2024-06-27,0,0.8358040498569878,0.560016523839473,5.333105192033701,2.4630018143999504,8.165782265037441,67.0,19.18808193668529,34,Female,Chennai,165.0,3,3.28,11.43,4.619090909090909,2439,0.01818181818181818,Zone_4,4038.0,2.46,48.2,Business,High,2.0
T01078,R0091,Zone_6,4.41,23.03,86.33,UPI,2023-06-01,0,-0.5644206291389401,-0.8621663533014267,4.469694046425642,1.6882490928583902,4.798958220280731,23.0,19.575963718820862,41,Other,Surat,334.0,43,3.4,7.1257142857142854,2.7054191616766468,1615,0.12874251497005987,,,,,,,
T01079,R0030,Zone_5,12.19,101.66,231.15,Cash,2023-05-18,0,1.1289450327582646,0.8857930122840707,5.447383714465931,2.579458966729223,10.08265837961398,102.0,18.962264150943398,25,Other,Mumbai,442.0,58,3.72,7.368181818181818,3.581809954751131,2078,0.13122171945701358,Zone_5,2590.0,1.31,43.9,Business,Medium,1.0
T01080,R0194,Zone_2,11.7,95.21,108.88,Credit Card,2023-11-19,0,-0.30074575221736877,0.7757030265338272,4.699388861227073,2.5416019934645457,9.757561170702441,95.0,9.305982905982907,30,Other,Jaipur,10.0,2,4.06,7.2683333333333335,68.455,1315,0.2,Zone_2,6371.0,0.91,58.4,Residential,Low,0.0
T01081,R0212,Zone_3,10.02,79.07,216.29,Cash,2024-06-18,0,0.9551885506715881,0.398251646818707,5.381232866875345,2.3997118037247684,8.892131353055914,79.0,21.585828343313374,36,Female,Ahmedabad,73.0,12,3.22,8.368571428571428,16.18246575342466,1102,0.1643835616438356,Zone_3,12971.0,2.11,38.0,Business,High,2.0
T01082,R0134,Zone_1,6.95,57.46,149.19,Credit Card,2024-03-05,0,0.17059501446593686,-0.29149581492261384,5.01190115921749,2.0731719286662407,7.58023746329889,57.0,21.46618705035971,34,Male,Jaipur,410.0,29,4.59,7.974285714285714,2.644878048780488,1510,0.07073170731707316,Zone_1,4921.0,2.43,30.9,Residential,High,2.0
T01083,R0136,Zone_7,5.37,49.34,69.98,Cash,2024-01-11,0,-0.7555995310310771,-0.6464798506070722,4.2623981472183505,1.851599469584072,7.024243731534378,49.0,13.031657355679702,34,Male,Hyderabad,339.0,11,3.82,6.715,1.0111799410029498,2798,0.032448377581120944,,,,,,,
T01084,R0177,Zone_10,6.68,45.42,145.41,Cash,2023-06-15,0,0.12639585549637855,-0.35215764380540115,4.986410905205391,2.038619547159581,6.739436178197699,45.0,21.767964071856287,34,Other,Bengaluru,489.0,63,4.48,9.645,3.8175051124744375,1310,0.12883435582822086,,,,,,,
T01085,R0013,Zone_2,11.85,72.66,216.01,Cash,2023-12-03,0,0.9519145388960654,0.8094040425798201,5.379943435427982,2.553343811341229,8.524083528450435,73.0,18.228691983122363,43,Female,Kolkata,6.0,0,3.91,8.945555555555556,238.80666666666664,2726,0.0,Zone_2,6371.0,0.91,58.4,Residential,Low,0.0
T01086,R0151,Zone_1,4.59,27.07,48.72,UPI,2023-07-22,0,-1.0041905679868468,-0.8217251340462353,3.9064072666425105,1.7209792871670078,5.202883815731425,27.0,10.61437908496732,34,Male,Hyderabad,394.0,56,5.0,8.987142857142857,2.8274111675126905,1300,0.14213197969543148,Zone_1,4921.0,2.43,30.9,Residential,High,2.0
T01087,R0081,Zone_10,8.25,59.48,185.89,Cash,2023-08-25,0,0.5997244150433944,0.0005796574759910836,5.230520208482211,2.224623551524334,7.712327793863536,59.0,22.53212121212121,42,Other,Mumbai,114.0,2,3.9,8.82,7.123421052631579,1690,0.017543859649122806,,,,,,,
T01088,R0193,Zone_7,0.74,5.51,7.1,UPI,2024-03-18,0,-1.4908490326199202,-1.686717879226719,2.0918640616783932,0.5538851132264376,2.3473389188611002,6.0,9.594594594594595,33,Female,Chennai,389.0,68,4.41,8.012857142857143,2.5851928020565555,1718,0.17480719794344474,,,,,,,
T01089,R0118,Zone_7,9.3,51.55,81.43,Wallet,2024-05-07,0,-0.6217158352105897,0.23648676979794142,4.411949448325136,2.33214389523559,7.179832867135557,52.0,8.755913978494624,29,Male,Surat,165.0,24,4.13,9.555,3.228424242424243,1087,0.14545454545454545,,,,,,,
T01090,R0130,Zone_1,2.8200000000000003,21.83,38.66,Cash,2023-03-20,0,-1.1218211339217032,-1.2193971233889511,3.68034312309165,1.340250422618484,4.672258554489466,22.0,13.709219858156025,27,Female,Pune,316.0,62,3.62,6.3625,2.836487341772152,2770,0.1962025316455696,Zone_1,4921.0,2.43,30.9,Residential,High,2.0
T01091,R0189,Zone_10,1.4100000000000001,8.43,12.9,Cash,2024-01-12,0,-1.4230302172698042,-1.5361866742212842,2.631888840136646,0.8796267475025636,2.903446228191595,8.0,9.148936170212766,29,Female,Delhi,238.0,42,3.28,9.00375,6.2214285714285715,2558,0.17647058823529413,,,,,,,
T01092,R0037,Zone_7,10.59,54.2,131.17,Credit Card,2024-04-13,0,-0.04011102908735443,0.52631550779348,4.884088972769716,2.4501426573516603,7.362064927722384,54.0,12.386213408876298,32,Other,Ahmedabad,489.0,6,3.36,9.76125,2.6884662576687117,2126,0.012269938650306749,,,,,,,
T01093,R0234,Zone_6,9.05,83.05,142.74,Wallet,2024-03-24,0,0.09517581463692878,0.1803184097212866,4.968006112040297,2.307572634505085,9.113177272499422,83.0,15.772375690607735,32,Other,Pune,183.0,31,3.98,7.051111111111111,6.222677595628415,1386,0.16939890710382513,,,,,,,
T01094,R0126,Zone_4,5.78,52.57,86.21,Wallet,2023-04-22,0,-0.5658237770427357,-0.5543637400813582,4.468319003238894,1.9139771019523042,7.250517222929686,53.0,14.915224913494807,29,Female,Surat,411.0,20,3.65,5.95,1.009537712895377,1453,0.04866180048661801,Zone_4,4038.0,2.46,48.2,Business,High,2.0
T01095,R0188,Zone_3,6.49,49.78,71.11,Wallet,2023-11-03,0,-0.7423865549370029,-0.39484559746365866,4.2781927309286685,2.0135687975291283,7.055494312945054,50.0,10.956856702619413,24,Male,Delhi,436.0,64,3.15,6.112500000000001,1.069816513761468,2254,0.14678899082568808,Zone_3,12971.0,2.11,38.0,Business,High,2.0
T01096,R0070,Zone_8,19.36,144.13,443.64,UPI,2024-04-13,0,3.6135691834041492,2.4967015792825302,6.097264965994194,3.013572191682322,12.005415444706609,144.0,22.915289256198346,33,Male,Bengaluru,310.0,6,3.54,12.83,5.56116129032258,1353,0.01935483870967742,,,,,,,
T01097,R0021,Zone_7,7.03,55.96,171.02,UPI,2024-07-02,1,0.42585100396473535,-0.2735219396980843,5.147610749123333,2.0831845279586703,7.4806416837060175,56.0,24.327169274537695,37,Female,Pune,380.0,17,3.91,8.68,1.8147105263157892,2689,0.04473684210526316,,,,,,,
T01098,R0259,Zone_6,6.99,40.01,58.66,Credit Card,2023-11-06,0,-0.8879631499557862,-0.28250887731034907,4.088661779086602,2.0781907597781832,6.325345840347388,40.0,8.391988555078683,32,Male,Jaipur,150.0,27,3.52,9.967500000000001,8.553866666666666,2641,0.18,,,,,,,
T01099,R0198,Zone_8,11.26,76.08,145.06,Cash,2024-01-26,0,0.12230334077697506,0.6768467127989148,4.984017496191964,2.506341930508065,8.72238499494261,76.0,12.882770870337477,31,Other,Mumbai,202.0,23,3.85,9.7775,2.9134158415841584,1742,0.11386138613861387,,,,,,,
T01100,R0151,Zone_1,8.44,82.0,90.85,Credit Card,2023-06-13,0,-0.5115687247626429,0.043267611134248624,4.520156811661135,2.244955980157409,9.055385138137417,82.0,10.764218009478673,34,Male,Hyderabad,394.0,56,5.0,8.987142857142857,2.8274111675126905,1300,0.14213197969543148,Zone_1,4921.0,2.43,30.9,Residential,High,2.0
T01101,R0228,Zone_2,12.94,127.54,316.93,Credit Card,2024-06-15,1,2.131961925988082,1.054298092514035,5.761831232762776,2.6347624053323777,11.2933608815091,128.0,24.492272024729523,21,Female,Pune,10.0,0,4.84,9.61,67.522,2313,0.0,Zone_2,6371.0,0.91,58.4,Residential,Low,0.0
T01102,R0291,Zone_5,9.39,64.4,183.71,Wallet,2024-02-02,0,0.5742338947911096,0.2567073794255371,5.218787027591229,2.340843805111136,8.024961059095553,64.0,19.564430244941427,23,Other,Pune,499.0,94,3.46,7.741666666666667,1.59436873747495,1977,0.18837675350701402,Zone_5,2590.0,1.31,43.9,Business,Medium,1.0
T01103,R0005,Zone_9,11.81,68.62,211.36,Credit Card,2023-06-01,0,0.8975425576239899,0.8004171049675556,5.3582829477154705,2.550226115908643,8.283718971573094,69.0,17.896697713801863,27,Male,Ahmedabad,294.0,30,3.53,7.322857142857144,3.1511904761904765,1935,0.10204081632653061,,,,,,,
T01104,R0013,Zone_9,10.22,98.6,233.8,UPI,2023-08-18,0,1.1599312156337487,0.44318633488003106,5.458734087953942,2.4176979000945504,9.929753269845127,99.0,22.876712328767123,43,Female,Kolkata,6.0,0,3.91,8.945555555555556,238.80666666666664,2726,0.0,,,,,,,
T01105,R0170,Zone_8,11.23,105.21,165.37,Credit Card,2023-01-14,0,0.35978612349436373,0.6701065095897164,5.1142142236716515,2.503891949699081,10.257192598367254,105.0,14.72573463935886,29,Other,Bengaluru,28.0,3,3.68,7.644285714285714,33.65,2311,0.10714285714285714,,,,,,,
T01106,R0196,Zone_10,7.79,49.26,194.33,Credit Card,2023-12-04,1,0.6984124842770116,-0.10277012506505374,5.27469043591688,2.1736147116970854,7.018546858146634,49.0,24.946084724005136,18,Male,Hyderabad,51.0,9,4.93,7.995833333333334,31.831960784313726,2642,0.17647058823529413,,,,,,,
T01107,R0095,Zone_10,9.11,70.09,151.09,Wallet,2023-03-25,0,0.19281152294269904,0.19379881613968347,5.024472450884278,2.3135250330323798,8.371977066380438,70.0,16.585071350164657,29,Female,Chennai,481.0,77,4.26,8.826923076923077,4.085571725571726,2171,0.1600831600831601,,,,,,,
T01108,R0182,Zone_10,6.64,57.07,62.99,UPI,2023-11-06,0,-0.837332896427165,-0.3611445814176659,4.158726821151369,2.033397603178429,7.554468876102409,57.0,9.486445783132531,43,Male,Jaipur,8.0,0,4.4,9.906,104.47625,2178,0.0,,,,,,,
T01109,R0064,Zone_9,11.02,95.62,248.7,Credit Card,2023-09-26,0,1.3341554136883564,0.6229250871253262,5.520260197285728,2.4865719291070616,9.778547949465707,96.0,22.568058076225046,21,Female,Bengaluru,214.0,2,4.21,11.312000000000001,5.103691588785047,1083,0.009345794392523364,,,,,,,
T01110,R0192,Zone_8,1.27,10.48,17.78,UPI,2023-01-03,0,-1.3659688691821203,-1.567640955864211,2.932792473780117,0.8197798314933114,3.237282811247729,10.0,14.0,31,Male,Delhi,449.0,31,3.89,5.826666666666667,0.512694877505568,1851,0.06904231625835189,,,,,,,
T01111,R0006,Zone_2,11.63,116.2,183.38,UPI,2024-03-03,0,0.5703752380556718,0.7599758857123642,5.216998845370449,2.5360749363624,10.779610382569492,116.0,15.767841788478073,45,Female,Jaipur,248.0,13,4.64,9.034285714285714,4.417056451612903,1175,0.05241935483870968,Zone_2,6371.0,0.91,58.4,Residential,Low,0.0
T01112,R0218,Zone_5,12.99,76.01,108.6,Wallet,2024-01-26,0,-0.3040197639928916,1.0655317645293663,4.696837374513915,2.63834278867739,8.718371407550839,76.0,8.36027713625866,34,Other,Delhi,160.0,16,3.87,8.34,4.5341875,2806,0.1,Zone_5,2590.0,1.31,43.9,Business,Medium,1.0
T01113,R0294,Zone_7,11.71,68.92,242.46,Credit Card,2024-07-21,0,1.2611917226909908,0.7779497609368937,5.49495265798145,2.542389085201363,8.301807032206904,69.0,20.705380017079417,24,Male,Surat,41.0,7,3.2,8.097142857142858,20.37560975609756,1994,0.17073170731707318,,,,,,,
T01114,R0002,Zone_7,7.48,65.33,152.09,Wallet,2024-08-03,0,0.2045044221409949,-0.17241889156010562,5.03102598374399,2.1377104498038118,8.082697569499926,65.0,20.33288770053476,39,Female,Mumbai,70.0,5,4.12,10.812857142857142,16.794428571428572,2490,0.07142857142857142,,,,,,,
T01115,R0060,Zone_3,10.53,99.34,215.24,UPI,2023-05-04,0,0.9429110065133777,0.5128351013750827,5.376388901968192,2.4449523342809676,9.966945369570357,99.0,20.44064577397911,40,Female,Hyderabad,123.0,7,4.57,7.876666666666666,5.954308943089431,1143,0.056910569105691054,Zone_3,12971.0,2.11,38.0,Business,High,2.0
T01116,R0242,Zone_6,4.12,32.03,55.21,Credit Card,2024-05-28,0,-0.9283036521899067,-0.9273216509903462,4.029094677013983,1.6331544390514163,5.659505278732409,32.0,13.400485436893204,34,Male,Ahmedabad,445.0,8,4.54,3.7528571428571427,0.7375056179775281,1565,0.017977528089887642,,,,,,,
T01117,R0086,Zone_5,12.19,98.93,263.64,Cash,2024-03-14,0,1.5088473277108965,0.8857930122840707,5.578370411835326,2.579458966729223,9.946356116689167,99.0,21.627563576702215,23,Male,Hyderabad,337.0,17,4.56,10.780000000000001,3.352581602373887,2505,0.050445103857566766,Zone_5,2590.0,1.31,43.9,Business,Medium,1.0
T01118,R0108,Zone_1,2.5,16.36,30.74,Credit Card,2023-09-02,0,-1.2144288955722062,-1.2912926242870693,3.457577715098263,1.252762968495368,4.044749683231337,16.0,12.296,18,Male,Pune,184.0,32,4.88,6.228571428571429,4.754836956521739,2666,0.17391304347826086,Zone_1,4921.0,2.43,30.9,Residential,High,2.0
T01119,R0280,Zone_2,10.97,56.48,178.73,Wallet,2023-02-14,0,0.5160032567835962,0.6116914151099955,5.1914557247639435,2.482403519569882,7.515317691222374,56.0,16.2926162260711,26,Other,Chennai,172.0,23,4.43,8.461666666666666,4.2749999999999995,1205,0.13372093023255813,Zone_2,6371.0,0.91,58.4,Residential,Low,0.0
T01120,R0172,Zone_9,10.66,56.81,244.47,UPI,2023-05-13,0,1.2846944500795652,0.5420426486149434,5.503174740174929,2.4561641809223462,7.5372408744845085,57.0,22.933395872420263,31,Other,Pune,168.0,14,3.72,7.713636363636363,8.86077380952381,2459,0.08333333333333333,,,,,,,
T01121,R0292,Zone_5,10.03,88.93,156.58,Credit Card,2024-03-23,0,0.25700553954134336,0.4004983812217731,5.059933265817542,2.400618833265411,9.430270409696638,89.0,15.611166500498507,37,Female,Jaipur,141.0,19,4.39,8.817777777777778,8.070141843971632,2272,0.1347517730496454,Zone_5,2590.0,1.31,43.9,Business,Medium,1.0
T01122,R0055,Zone_4,5.76,52.2,101.78,Credit Card,2023-11-05,0,-0.38376533652526923,-0.5588572088874908,4.632590781564083,1.9110228900548727,7.224956747275377,52.0,17.67013888888889,32,Male,Delhi,425.0,12,4.19,8.9625,2.610729411764706,1775,0.02823529411764706,Zone_4,4038.0,2.46,48.2,Business,High,2.0
T01123,R0296,Zone_8,11.8,103.58,106.02,Cash,2024-01-05,0,-0.3341874439244949,0.7981703705644895,4.673015732883159,2.5494451709255714,10.17742600071354,104.0,8.984745762711864,37,Other,Hyderabad,390.0,58,3.97,11.351428571428572,3.3713589743589742,2035,0.14871794871794872,,,,,,,
T01124,R0104,Zone_5,1.19,9.21,29.08,Cash,2023-08-24,1,-1.2338391082413773,-1.5856148310887406,3.403860499081639,0.7839015438284094,3.034798181098704,9.0,24.436974789915965,52,Male,Kolkata,328.0,1,3.7,5.187777777777779,2.3335060975609756,1939,0.003048780487804878,Zone_5,2590.0,1.31,43.9,Business,Medium,1.0
T01125,R0072,Zone_8,11.89,107.51,104.44,UPI,2023-05-23,0,-0.3526622246578023,0.8183909801920851,4.658142070754197,2.556451816951096,10.368702908271603,108.0,8.783851976450798,25,Other,Jaipur,62.0,10,4.07,9.728,11.808709677419355,1047,0.16129032258064516,,,,,,,
T01126,R0079,Zone_2,8.96,61.07,138.99,Wallet,2024-01-06,0,0.05132744264331935,0.1600978000936909,4.941570991486734,2.298577071596507,7.814729681825213,61.0,15.512276785714285,25,Male,Bengaluru,146.0,28,4.92,9.115,4.194589041095891,2185,0.1917808219178082,Zone_2,6371.0,0.91,58.4,Residential,Low,0.0
T01127,R0133,Zone_3,13.25,93.39,167.01,UPI,2024-05-19,0,0.3789624781795688,1.123946859009087,5.124023501441311,2.6567569067146595,9.66385016440135,93.0,12.604528301886791,25,Female,Delhi,155.0,11,4.4,7.21,5.272709677419355,2623,0.07096774193548387,Zone_3,12971.0,2.11,38.0,Business,High,2.0
T01128,R0071,Zone_2,9.0,58.88,98.07,UPI,2023-06-28,0,-0.42714599255094693,0.1690847377059555,4.5958266709849385,2.302585092994046,7.6733304373003515,59.0,10.896666666666667,35,Male,Ahmedabad,67.0,4,3.82,7.225,3.4297014925373133,2077,0.05970149253731343,Zone_2,6371.0,0.91,58.4,Residential,Low,0.0
T01129,R0146,Zone_2,17.19,127.78,178.73,Credit Card,2024-01-05,0,0.5160032567835962,2.009160213817167,5.1914557247639435,2.900871992530031,11.303981599418853,128.0,10.397324025596275,30,Male,Surat,80.0,11,3.89,9.634285714285713,11.730875000000001,2346,0.1375,Zone_2,6371.0,0.91,58.4,Residential,Low,0.0
T01130,R0262,Zone_8,3.29,17.71,79.68,Cash,2024-04-23,1,-0.6421784088076073,-1.1138006064448402,4.390490713086011,1.4562867329399256,4.208325082500163,18.0,24.218844984802434,30,Male,Ahmedabad,6.0,0,3.35,6.624444444444445,161.22666666666666,2706,0.0,,,,,,,
T01131,R0044,Zone_7,11.05,86.86,214.61,Credit Card,2024-03-09,0,0.9355444800184514,0.629665290334525,5.373471220148461,2.489064659936664,9.319871243745807,87.0,19.421719457013573,36,Female,Hyderabad,271.0,5,3.21,10.226,6.127380073800738,2238,0.01845018450184502,,,,,,,
T01132,R0225,Zone_1,3.5700000000000003,34.45,71.15,Cash,2024-06-24,0,-0.741918838969071,-1.0508920431589868,4.27874728521988,1.5195132049061133,5.869412236331676,34.0,19.92997198879552,39,Female,Delhi,465.0,9,4.08,8.055,1.4471397849462366,2285,0.01935483870967742,Zone_1,4921.0,2.43,30.9,Residential,High,2.0
T01133,R0020,Zone_5,7.37,52.98,176.44,Credit Card,2023-06-15,1,0.4892265176194987,-0.19713296999383378,5.178632523602057,2.124653884501384,7.2787361540311375,53.0,23.940298507462686,35,Female,Chennai,274.0,21,4.03,7.692857142857143,2.722846715328467,2557,0.07664233576642336,Zone_5,2590.0,1.31,43.9,Business,Medium,1.0
T01134,R0104,Zone_2,11.71,87.2,262.76,UPI,2024-04-12,0,1.498557576416396,0.7779497609368937,5.5750395987634755,2.542389085201363,9.338094023943002,87.0,22.438941076003413,52,Male,Kolkata,328.0,1,3.7,5.187777777777779,2.3335060975609756,1939,0.003048780487804878,Zone_2,6371.0,0.91,58.4,Residential,Low,0.0
T01135,R0246,Zone_5,11.13,92.96,251.81,Credit Card,2023-08-15,0,1.3705203301950568,0.6476391655590545,5.532638218452371,2.495681722955959,9.64157663455516,93.0,22.624438454627132,29,Other,Mumbai,240.0,34,4.79,6.978333333333333,6.460624999999999,1996,0.14166666666666666,Zone_5,2590.0,1.31,43.9,Business,Medium,1.0
T01136,R0160,Zone_10,18.4,146.43,213.49,UPI,2023-09-15,0,0.92244843291636,2.281015076588176,5.3682631172347035,2.9652730660692823,12.100826418059222,146.0,11.602717391304349,30,Male,Surat,438.0,7,4.42,10.909999999999998,0.906255707762557,1919,0.01598173515981735,,,,,,,
T01137,R0209,Zone_3,6.24,35.59,52.27,Wallet,2024-07-17,0,-0.9626807758328966,-0.4510139575403135,3.9753733209289077,1.979621206397625,5.965735495309862,36.0,8.376602564102564,31,Other,Surat,109.0,20,3.77,7.315,6.743944954128441,2289,0.1834862385321101,Zone_3,12971.0,2.11,38.0,Business,High,2.0
T01138,R0137,Zone_7,14.43,122.32,159.75,UPI,2023-05-08,0,0.29407202999994103,1.3890615185708977,5.079850363117729,2.7363136663750693,11.059837250158791,122.0,11.07068607068607,27,Male,Bengaluru,166.0,32,3.14,11.76142857142857,9.032349397590362,1864,0.1927710843373494,,,,,,,
T01139,R0022,Zone_7,6.73,40.71,154.02,Credit Card,2023-03-22,0,0.22707171759370595,-0.34092397179007,5.043554140853366,2.0451088625993306,6.380438856379708,41.0,22.88558692421991,43,Female,Kolkata,220.0,1,3.32,7.464285714285714,3.760090909090909,2194,0.004545454545454545,,,,,,,
T01140,R0164,Zone_4,4.5,44.65,99.91,Wallet,2024-06-15,0,-0.4056310580260825,-0.8419457436738309,4.614229030476437,1.7047480922384253,6.682065548915245,45.0,22.202222222222222,37,Other,Ahmedabad,249.0,23,4.02,8.356666666666667,7.062208835341366,1534,0.09236947791164658,Zone_4,4038.0,2.46,48.2,Business,High,2.0
T01141,R0030,Zone_6,0.11,0.64,1.18,UPI,2024-08-05,0,-1.5600709958738315,-1.8282621466198894,0.7793248768009976,0.10436001532424277,0.8,1.0,10.727272727272727,25,Other,Mumbai,442.0,58,3.72,7.368181818181818,3.581809954751131,2078,0.13122171945701358,,,,,,,
T01142,R0178,Zone_1,8.81,51.87,89.49,UPI,2023-08-30,0,-0.5274710676723252,0.12639678404769794,4.505239347363042,2.2834022735772717,7.202083032012336,52.0,10.157775255391599,27,Male,Delhi,56.0,7,3.13,9.037142857142857,18.581071428571427,1951,0.125,Zone_1,4921.0,2.43,30.9,Residential,High,2.0
T01143,R0103,Zone_5,5.39,47.46,121.44,Cash,2023-05-07,0,-0.1538829382867729,-0.6419863818009399,4.807621114077212,1.8547342683894434,6.889121859859935,47.0,22.53061224489796,37,Other,Surat,175.0,14,3.07,7.936666666666667,7.065371428571429,1393,0.08,Zone_5,2590.0,1.31,43.9,Business,Medium,1.0
T01144,R0105,Zone_6,12.24,61.4,157.65,Cash,2023-07-01,0,0.2695169416835198,0.8970266842994018,5.066700518029204,2.5832425505088623,7.835815209663893,61.0,12.879901960784315,31,Female,Jaipur,346.0,9,3.69,7.933333333333334,3.7604624277456646,2180,0.02601156069364162,,,,,,,
T01145,R0250,Zone_2,5.36,44.08,84.12,Credit Card,2024-02-12,0,-0.5902619363671738,-0.6487265850101384,4.444062025593334,1.8500283773520307,6.6392770690791325,44.0,15.694029850746269,34,Female,Jaipur,163.0,31,4.63,8.368888888888888,6.91601226993865,2054,0.1901840490797546,Zone_2,6371.0,0.91,58.4,Residential,Low,0.0
T01146,R0271,Zone_3,5.62,40.07,81.25,Wallet,2024-04-03,0,-0.623820557066283,-0.5903114905304174,4.409763389645481,1.890095369948917,6.330086887239385,40.0,14.457295373665481,22,Male,Bengaluru,58.0,6,4.37,8.1275,16.013448275862068,1441,0.10344827586206896,Zone_3,12971.0,2.11,38.0,Business,High,2.0
T01147,R0252,Zone_8,9.77,89.81,121.46,Credit Card,2024-05-06,0,-0.15364908030280702,0.3420832867420522,4.8077844460498085,2.3767644911682972,9.476813810558905,90.0,12.431934493346981,38,Other,Ahmedabad,392.0,47,4.83,6.275625,4.290943877551021,2185,0.11989795918367346,,,,,,,
T01148,R0181,Zone_5,16.61,84.85,292.75,Cash,2023-05-24,0,1.8492276233732887,1.8788496184393275,5.682729065458369,2.8684669225081145,9.211405973031479,85.0,17.62492474413004,32,Male,Hyderabad,349.0,32,3.75,9.889999999999999,1.329484240687679,2808,0.09169054441260745,Zone_5,2590.0,1.31,43.9,Business,Medium,1.0
T01149,R0016,Zone_10,2.56,13.49,39.28,Cash,2024-07-16,0,-1.1145715364187596,-1.2778122178686722,3.6958550678503617,1.269760544863939,3.6728735344413916,13.0,15.34375,28,Female,Delhi,356.0,51,3.06,8.248000000000001,1.9316853932584273,1697,0.14325842696629212,,,,,,,
T01150,R0164,Zone_7,13.09,116.53,281.31,Wallet,2023-04-07,0,1.7154608565447842,1.087999108560028,5.64300575794059,2.645465325910589,10.79490620616965,117.0,21.490450725744843,37,Other,Ahmedabad,249.0,23,4.02,8.356666666666667,7.062208835341366,1534,0.09236947791164658,,,,,,,
T01151,R0018,Zone_7,12.37,100.7,283.95,UPI,2024-07-21,0,1.7463301104282851,0.926234231539262,5.652313726281008,2.5930133911138515,10.03493896344168,101.0,22.95472918350849,49,Female,Delhi,446.0,86,3.29,9.031666666666666,2.3415470852017934,1347,0.19282511210762332,,,,,,,
T01152,R0083,Zone_3,6.9,45.91,114.37,Cash,2024-01-12,0,-0.23655173561872447,-0.30272948693794477,4.748144354939198,2.066862759472976,6.775691846593969,46.0,16.57536231884058,45,Female,Mumbai,475.0,39,4.4,9.262,2.9796421052631583,1721,0.08210526315789474,Zone_3,12971.0,2.11,38.0,Business,High,2.0
T01153,R0226,Zone_3,11.38,88.26,165.7,Credit Card,2024-08-15,0,0.3636447802298012,0.7038075256357094,5.116195789756748,2.5160822672564502,9.394679345246436,88.0,14.560632688927942,20,Other,Surat,266.0,2,3.25,7.601428571428571,3.408571428571429,1875,0.007518796992481203,Zone_3,12971.0,2.11,38.0,Business,High,2.0
T01154,R0183,Zone_3,6.58,47.62,54.52,Cash,2024-05-12,0,-0.9363717526367309,-0.37462498783606296,4.016743316198549,2.0255131996542803,6.900724599634447,48.0,8.285714285714286,43,Other,Jaipur,406.0,66,3.79,7.2225,2.0964039408866997,1482,0.1625615763546798,Zone_3,12971.0,2.11,38.0,Business,High,2.0
T01155,R0154,Zone_10,19.86,142.38,189.24,Credit Card,2023-12-11,0,0.6388956273576857,2.60903829943584,5.248286432942471,3.0378334495726262,11.932309080810805,142.0,9.528700906344412,18,Other,Kolkata,466.0,79,4.68,10.663076923076924,4.419570815450644,2733,0.16952789699570817,,,,,,,
T01156,R0234,Zone_1,7.44,68.85,171.29,Cash,2024-06-25,0,0.429008086748275,-0.1814058291723704,5.149179103544315,2.132982308607866,8.297590011563598,69.0,23.02284946236559,32,Other,Pune,183.0,31,3.98,7.051111111111111,6.222677595628415,1386,0.16939890710382513,Zone_1,4921.0,2.43,30.9,Residential,High,2.0
T01157,R0231,Zone_7,8.4,75.64,141.77,Cash,2024-07-17,0,0.08383370241458182,0.034280673521984044,4.961234943801129,2.2407096892759584,8.69712596206356,76.0,16.877380952380953,19,Other,Mumbai,328.0,22,4.81,8.47,2.230274390243902,2579,0.06707317073170732,,,,,,,
T01158,R0197,Zone_8,6.37,41.96,155.87,UPI,2023-10-07,1,0.2487035811105532,-0.421806410300453,5.055417436868149,1.9974177062012453,6.477653896280659,42.0,24.46938775510204,29,Female,Bengaluru,475.0,87,3.87,7.108,2.042063157894737,2170,0.1831578947368421,,,,,,,
T01159,R0212,Zone_7,0.47000000000000003,4.04,4.82,Wallet,2023-06-10,0,-1.5175088427920347,-1.7473797081095064,1.7613002617433464,0.38526240079064494,2.009975124224178,4.0,10.25531914893617,36,Female,Ahmedabad,73.0,12,3.22,8.368571428571428,16.18246575342466,1102,0.1643835616438356,,,,,,,
T01160,R0094,Zone_3,6.68,65.51,134.89,Wallet,2023-03-17,0,0.0033865559303061133,-0.35215764380540115,4.911845734932406,2.038619547159581,8.093824806604106,66.0,20.19311377245509,41,Other,Delhi,480.0,62,4.87,7.953333333333333,1.5570833333333334,1253,0.12916666666666668,Zone_3,12971.0,2.11,38.0,Business,High,2.0
T01161,R0021,Zone_3,9.16,49.15,114.53,UPI,2024-08-06,0,-0.23468087174699717,0.2050324881550146,4.749530236494927,2.318458442150336,7.010706098532443,49.0,12.503275109170305,37,Female,Pune,380.0,17,3.91,8.68,1.8147105263157892,2689,0.04473684210526316,Zone_3,12971.0,2.11,38.0,Business,High,2.0
T01162,R0013,Zone_4,15.5,122.4,248.96,Cash,2024-02-05,0,1.3371955674799136,1.6294620996989804,5.521300905060881,2.803360380906535,11.063453348751466,122.0,16.06193548387097,43,Female,Kolkata,6.0,0,3.91,8.945555555555556,238.80666666666664,2726,0.0,Zone_4,4038.0,2.46,48.2,Business,High,2.0
T01163,R0052,Zone_5,10.46,55.26,108.33,Cash,2024-04-13,0,-0.3071768467764315,0.4971079605536197,4.694370831446394,2.4388627112865935,7.43370701601832,55.0,10.3565965583174,23,Other,Hyderabad,40.0,7,4.74,10.196666666666667,12.866499999999998,2018,0.175,Zone_5,2590.0,1.31,43.9,Business,Medium,1.0
T01164,R0126,Zone_9,7.05,66.14,86.28,Credit Card,2023-12-15,0,-0.5650052740988548,-0.26902847089195203,4.469121341524815,2.0856720914304723,8.132650244538985,66.0,12.238297872340427,29,Female,Surat,411.0,20,3.65,5.95,1.009537712895377,1453,0.04866180048661801,,,,,,,
T01165,R0032,Zone_3,8.3,67.39,175.63,UPI,2023-12-15,0,0.47975526926887907,0.011813329491322204,5.174057149167352,2.2300144001592104,8.209141246196218,67.0,21.16024096385542,18,Female,Mumbai,213.0,24,4.0,9.455714285714285,6.542723004694835,1093,0.11267605633802817,Zone_3,12971.0,2.11,38.0,Business,High,2.0
T01166,R0142,Zone_1,9.64,71.93,131.44,Credit Card,2023-07-01,0,-0.036953946303814426,0.3128757395021919,4.886129712679046,2.3646204839134985,8.481155581640984,72.0,13.634854771784232,33,Female,Kolkata,78.0,5,3.48,6.78,5.378205128205129,2023,0.0641025641025641,Zone_1,4921.0,2.43,30.9,Residential,High,2.0
T01167,R0130,Zone_9,6.11,44.64,64.43,Cash,2024-01-06,0,-0.8204951215816191,-0.48022150478017395,4.180980868881647,1.9615022438151495,6.681317235396026,45.0,10.545008183306056,27,Female,Pune,316.0,62,3.62,6.3625,2.836487341772152,2770,0.1962025316455696,,,,,,,
T01168,R0063,Zone_4,11.41,106.3,220.99,Wallet,2024-05-20,0,1.0101451769035787,0.7105477288449078,5.402632335812676,2.5185025992165158,10.310189135025603,106.0,19.368098159509202,34,Male,Surat,329.0,33,4.83,11.258333333333333,3.7828571428571425,1245,0.10030395136778116,Zone_4,4038.0,2.46,48.2,Business,High,2.0
T01169,R0241,Zone_5,16.13,160.35,197.92,Credit Card,2023-11-09,0,0.7403899923988934,1.7710063670921503,5.292902733846538,2.8408313123360287,12.662938047704412,160.0,12.270303781773094,34,Female,Chennai,165.0,3,3.28,11.43,4.619090909090909,2439,0.01818181818181818,Zone_5,2590.0,1.31,43.9,Business,Medium,1.0
T01170,R0285,Zone_2,6.18,37.37,85.02,Cash,2023-03-17,0,-0.5797383270887077,-0.46449436395871074,4.45457982735559,1.9712993830601329,6.11310068623117,37.0,13.757281553398059,29,Female,Chennai,244.0,16,4.97,6.987777777777778,4.521639344262295,2807,0.06557377049180328,Zone_2,6371.0,0.91,58.4,Residential,Low,0.0
T01171,R0239,Zone_6,14.04,139.0,244.43,Credit Card,2023-02-23,0,1.2842267341116336,1.301438876851316,5.503011774193717,2.7107133185216936,11.789826122551595,139.0,17.40954415954416,36,Male,Mumbai,268.0,10,3.36,7.935,0.9863059701492537,2379,0.03731343283582089,,,,,,,
T01172,R0066,Zone_7,12.38,74.37,101.96,UPI,2024-04-14,0,-0.38166061466957607,0.9284809659423285,4.634340563287871,2.5937610547000824,8.623804264940155,74.0,8.235864297253634,38,Female,Bengaluru,167.0,28,4.72,10.6175,3.449940119760479,1567,0.16766467065868262,,,,,,,
T01173,R0202,Zone_2,10.69,59.82,106.28,Cash,2023-01-04,0,-0.3311472901329379,0.5487828518241419,4.675442238973423,2.458733775483977,7.734339015067803,60.0,9.94200187090739,27,Male,Ahmedabad,317.0,0,4.72,9.2125,2.86794952681388,1785,0.0,Zone_2,6371.0,0.91,58.4,Residential,Low,0.0
T01174,R0182,Zone_1,8.56,69.75,149.43,UPI,2024-07-27,0,0.17340131027352798,0.07022842397104315,5.013497859709733,2.25758772706331,8.351646544245034,70.0,17.45677570093458,43,Male,Jaipur,8.0,0,4.4,9.906,104.47625,2178,0.0,Zone_1,4921.0,2.43,30.9,Residential,High,2.0
T01175,R0122,Zone_10,9.69,65.12,237.59,Cash,2024-03-16,1,1.2042473035952899,0.32410941151752265,5.474746597637154,2.3693087250369538,8.069696400732806,65.0,24.519091847265223,27,Female,Kolkata,324.0,17,4.98,8.26,1.0863888888888888,1395,0.05246913580246913,,,,,,,
T01176,R0250,Zone_3,6.91,41.03,166.82,Cash,2023-05-02,1,0.3767408273318926,-0.3004827525348786,5.122891976441923,2.0681277817795625,6.4054664154923175,41.0,24.141823444283645,34,Female,Jaipur,163.0,31,4.63,8.368888888888888,6.91601226993865,2054,0.1901840490797546,Zone_3,12971.0,2.11,38.0,Business,High,2.0
T01177,R0253,Zone_6,17.18,169.04,410.94,Wallet,2023-06-17,1,3.2312113796198747,2.0069134794141004,6.020877707676331,2.900322088749333,13.001538370516005,169.0,23.919674039580908,26,Male,Surat,173.0,24,3.16,7.117142857142857,4.485086705202312,1855,0.13872832369942195,,,,,,,
T01178,R0131,Zone_5,4.41,41.48,64.51,Credit Card,2023-05-07,0,-0.8195596896457554,-0.8621663533014267,4.182202802743785,1.6882490928583902,6.440496875241847,41.0,14.6281179138322,24,Male,Surat,99.0,7,3.6,5.394,4.396262626262627,2522,0.0707070707070707,Zone_5,2590.0,1.31,43.9,Business,Medium,1.0
T01179,R0191,Zone_4,13.67,108.06,329.01,Credit Card,2023-05-07,1,2.273212148303496,1.2183097039378672,5.7991229570317016,2.6858045921548905,10.395191195932858,108.0,24.068032187271395,33,Other,Surat,87.0,6,4.56,7.5609090909090915,15.227701149425286,2225,0.06896551724137931,Zone_4,4038.0,2.46,48.2,Business,High,2.0
T01180,R0044,Zone_3,15.75,82.66,363.04,UPI,2023-01-04,0,2.6711215080215043,1.685630459775635,5.897263751709155,2.8183982582710754,9.091754506144564,83.0,23.05015873015873,36,Female,Hyderabad,271.0,5,3.21,10.226,6.127380073800738,2238,0.01845018450184502,Zone_3,12971.0,2.11,38.0,Business,High,2.0
T01181,R0252,Zone_6,6.38,61.03,138.42,Cash,2023-03-03,0,0.04466249010029047,-0.41955967589738685,4.937490960058253,1.998773638612381,7.812169993030106,61.0,21.69592476489028,38,Other,Ahmedabad,392.0,47,4.83,6.275625,4.290943877551021,2185,0.11989795918367346,,,,,,,
T01182,R0072,Zone_8,13.83,122.5,281.82,Credit Card,2023-03-03,0,1.721424235135915,1.2542574543869263,5.64481065287963,2.696652156149841,11.067971810589327,122.0,20.377440347071584,25,Other,Jaipur,62.0,10,4.07,9.728,11.808709677419355,1047,0.16129032258064516,,,,,,,
T01183,R0115,Zone_7,8.72,69.04,110.42,Cash,2023-08-07,0,-0.2827386874519931,0.10617617442010226,4.71330684459267,2.2741856184723477,8.309031231136396,69.0,12.662844036697248,40,Female,Bengaluru,170.0,15,4.4,7.58909090909091,8.388058823529413,2391,0.08823529411764706,,,,,,,
T01184,R0230,Zone_10,8.31,54.59,85.45,UPI,2023-01-02,0,-0.5747103804334404,0.014060063894388347,4.4595662121293,2.231089091288976,7.38850458482635,55.0,10.282791817087846,32,Male,Chennai,183.0,23,3.65,7.3325,4.962950819672131,1395,0.12568306010928962,,,,,,,
T01185,R0177,Zone_9,7.63,69.09,99.76,Cash,2023-10-17,0,-0.4073849929058268,-0.13871787551411285,4.61274145148441,2.1552445050953364,8.312039460926542,69.0,13.07470511140236,34,Other,Bengaluru,489.0,63,4.48,9.645,3.8175051124744375,1310,0.12883435582822086,,,,,,,
T01186,R0191,Zone_5,0.07,0.37,1.56,Cash,2023-10-27,0,-1.555627694178479,-1.837249084232154,0.9400072584914712,0.06765864847381481,0.6082762530298219,0.0,22.285714285714285,33,Other,Surat,87.0,6,4.56,7.5609090909090915,15.227701149425286,2225,0.06896551724137931,Zone_5,2590.0,1.31,43.9,Business,Medium,1.0
T01187,R0200,Zone_1,10.74,71.5,180.04,UPI,2024-02-22,0,0.5313209547333637,0.560016523839473,5.198718001325282,2.4630018143999504,8.455767262643882,72.0,16.763500931098694,30,Other,Bengaluru,443.0,87,3.6,9.9925,1.1048532731376977,1767,0.1963882618510158,Zone_1,4921.0,2.43,30.9,Residential,High,2.0
T01188,R0073,Zone_9,15.22,114.91,136.56,UPI,2023-12-30,0,0.022913697591460364,1.5665535364131271,4.924060185564065,2.7862450486872667,10.719608201795436,115.0,8.972404730617608,41,Other,Ahmedabad,490.0,30,3.01,8.734444444444444,2.6034693877551023,1916,0.061224489795918366,,,,,,,
T01189,R0224,Zone_10,4.48,38.75,48.76,Cash,2023-04-02,0,-1.0037228520189152,-0.8464392124799632,3.907211448430924,1.7011051009599243,6.224949798994366,39.0,10.88392857142857,29,Female,Ahmedabad,200.0,1,4.31,5.958571428571429,2.5707,2235,0.005,,,,,,,
T01190,R0244,Zone_8,12.24,85.58,237.42,Wallet,2023-07-16,0,1.2022595107315794,0.8970266842994018,5.474033824289855,2.5832425505088623,9.250945897582582,86.0,19.39705882352941,24,Female,Kolkata,27.0,1,3.13,8.8275,24.00777777777778,2705,0.037037037037037035,,,,,,,
T01191,R0084,Zone_6,7.57,43.46,141.47,Cash,2024-08-04,0,0.08032583265509294,-0.15219828193250992,4.9591314512291405,2.1482677326096886,6.592419889539804,43.0,18.688243064729193,38,Male,Jaipur,366.0,6,4.67,9.3625,3.923060109289618,2615,0.01639344262295082,,,,,,,
T01192,R0108,Zone_1,2.54,20.77,23.83,Cash,2023-03-02,0,-1.2952268290324305,-1.2823056866748046,3.2120525995200753,1.264126727145683,4.557411546042337,21.0,9.381889763779526,18,Male,Pune,184.0,32,4.88,6.228571428571429,4.754836956521739,2666,0.17391304347826086,Zone_1,4921.0,2.43,30.9,Residential,High,2.0
T01193,R0163,Zone_4,12.99,115.6,206.05,Cash,2023-11-02,0,0.8354532628810389,1.0655317645293663,5.332960309991576,2.63834278867739,10.75174404457249,116.0,15.862201693610471,33,Other,Ahmedabad,302.0,21,3.56,6.263333333333333,1.0750993377483444,2401,0.0695364238410596,Zone_4,4038.0,2.46,48.2,Business,High,2.0
T01194,R0189,Zone_10,16.43,110.61,370.62,Wallet,2023-01-22,0,2.7597536839445866,1.8384083991841362,5.917871826804609,2.8581928595319295,10.517128885774863,111.0,22.557516737674984,29,Female,Delhi,238.0,42,3.28,9.00375,6.2214285714285715,2558,0.17647058823529413,,,,,,,
T01195,R0221,Zone_9,4.03,31.97,76.46,Credit Card,2024-02-28,0,-0.6798295442261202,-0.9475422606179419,4.349761674086606,1.6154199841116479,5.654201977290871,32.0,18.972704714640194,21,Female,Delhi,106.0,1,4.41,7.34125,8.615943396226415,2073,0.009433962264150943,,,,,,,
T01196,R0290,Zone_10,9.08,79.35,184.31,Cash,2023-06-10,0,0.581249634310087,0.18705861293048504,5.222030098375917,2.3105532626432224,8.907861696277058,79.0,20.298458149779737,34,Other,Chennai,169.0,4,4.28,7.58,6.376745562130178,2325,0.023668639053254437,,,,,,,
T01197,R0252,Zone_6,0.8,5.53,18.9,Wallet,2024-04-16,1,-1.352872822080029,-1.6732374728083221,2.990719731730447,0.5877866649021191,2.3515952032609695,6.0,23.624999999999996,38,Other,Ahmedabad,392.0,47,4.83,6.275625,4.290943877551021,2185,0.11989795918367346,,,,,,,
T01198,R0208,Zone_3,7.79,60.7,119.71,UPI,2023-04-08,0,-0.17411165389982478,-0.10277012506505374,4.793390974713035,2.1736147116970854,7.791020472312982,61.0,15.367137355584081,24,Other,Chennai,356.0,53,4.75,8.236666666666666,1.691376404494382,2444,0.14887640449438203,Zone_3,12971.0,2.11,38.0,Business,High,2.0
T01199,R0083,Zone_3,10.43,100.41,159.66,UPI,2024-05-24,0,0.29301966907209437,0.4903677573444209,5.079290330745667,2.4362414778067194,10.020479030465559,100.0,15.307766059443912,45,Female,Mumbai,475.0,39,4.4,9.262,2.9796421052631583,1721,0.08210526315789474,Zone_3,12971.0,2.11,38.0,Business,High,2.0
T01200,R0064,Zone_1,16.76,125.35,354.36,Credit Card,2024-03-29,0,2.569627142980296,1.912550634485321,5.873131360146117,2.876948737564024,11.195981421920992,125.0,21.143198090692124,21,Female,Bengaluru,214.0,2,4.21,11.312000000000001,5.103691588785047,1083,0.009345794392523364,Zone_1,4921.0,2.43,30.9,Residential,High,2.0
T01201,R0187,Zone_4,15.79,83.24,239.29,Cash,2024-06-26,0,1.2241252322323926,1.6946173973878997,5.481846527228154,2.8207834710894493,9.123595782365635,83.0,15.154528182393921,27,Other,Surat,357.0,38,4.71,10.797142857142857,3.818879551820728,1504,0.10644257703081232,Zone_4,4038.0,2.46,48.2,Business,High,2.0
T01202,R0203,Zone_7,16.21,127.57,294.23,Cash,2023-07-27,0,1.866533114186767,1.78898024231668,5.687754713579004,2.845490610223448,11.294689017409908,128.0,18.15114127082048,49,Female,Bengaluru,152.0,9,3.6,7.756,4.596381578947369,1150,0.05921052631578947,,,,,,,
T01203,R0008,Zone_5,5.36,39.28,112.46,Credit Card,2023-11-18,0,-0.25888517308746967,-0.6487265850101384,4.731450351898421,1.8500283773520307,6.267375846396959,39.0,20.98134328358209,28,Female,Jaipur,215.0,23,4.02,6.03125,4.1547441860465115,1447,0.10697674418604651,Zone_5,2590.0,1.31,43.9,Business,Medium,1.0
T01204,R0300,Zone_4,6.77,37.69,106.62,Cash,2023-06-26,0,-0.3271717044055173,-0.33193703417780546,4.678606504061274,2.050270164379556,6.139218191268331,38.0,15.748892171344167,38,Female,Kolkata,291.0,7,3.67,9.146666666666667,3.4253264604810996,1167,0.024054982817869417,Zone_4,4038.0,2.46,48.2,Business,High,2.0
T01205,R0068,Zone_4,0.32,2.47,7.58,Credit Card,2024-03-22,1,-1.485236441004738,-1.7810807241554991,2.149433913499871,0.2776317365982795,1.5716233645501712,2.0,23.6875,30,Female,Ahmedabad,456.0,70,4.97,7.977777777777778,2.4136622807017547,1478,0.15350877192982457,Zone_4,4038.0,2.46,48.2,Business,High,2.0
T01206,R0121,Zone_2,4.42,24.44,107.66,Cash,2023-06-21,1,-0.31501108923928967,-0.8599196188983605,4.688223741123377,1.6900958154515549,4.94368283772331,24.0,24.357466063348415,29,Male,Pune,378.0,10,4.17,7.996363636363636,3.8740211640211637,1162,0.026455026455026454,Zone_2,6371.0,0.91,58.4,Residential,Low,0.0
T01207,R0003,Zone_9,0.74,6.07,12.1,Wallet,2024-02-08,0,-1.432384536628441,-1.686717879226719,2.5726122302071057,0.5538851132264376,2.463736998950984,6.0,16.35135135135135,34,Male,Pune,45.0,9,3.76,6.768000000000001,21.593555555555557,1232,0.2,,,,,,,
T01208,R0141,Zone_5,9.83,88.25,225.18,Wallet,2024-06-22,0,1.0591384245444384,0.35556369316044945,5.421331142443181,2.382320061012899,9.394147114027968,88.0,22.90742624618515,25,Other,Jaipur,53.0,0,4.29,7.58,10.239622641509435,2628,0.0,Zone_5,2590.0,1.31,43.9,Business,Medium,1.0
T01209,R0068,Zone_3,4.52,42.25,53.93,Cash,2023-08-23,0,-0.9432705631637255,-0.8374522748676987,4.006059647354529,1.7083778602890038,6.5,42.0,11.93141592920354,30,Female,Ahmedabad,456.0,70,4.97,7.977777777777778,2.4136622807017547,1478,0.15350877192982457,Zone_3,12971.0,2.11,38.0,Business,High,2.0
T01210,R0062,Zone_1,2.49,21.64,21.47,Cash,2023-04-03,0,-1.3228220711404088,-1.2935393586901356,3.112181086197238,1.2499017362143359,4.651881339845203,22.0,8.622489959839356,38,Male,Jaipur,57.0,3,3.58,9.435714285714285,15.605438596491227,2684,0.05263157894736842,Zone_1,4921.0,2.43,30.9,Residential,High,2.0
T01211,R0005,Zone_6,6.22,54.48,66.31,Credit Card,2023-06-09,0,-0.798512471088823,-0.455507426346446,4.209308814022622,1.9768549529047348,7.381056834898374,54.0,10.660771704180066,27,Male,Ahmedabad,294.0,30,3.53,7.322857142857144,3.1511904761904765,1935,0.10204081632653061,,,,,,,
T01212,R0017,Zone_6,2.08,14.88,22.66,UPI,2024-05-04,0,-1.3089075210944368,-1.3856554692158494,3.1637858585502405,1.1249295969854831,3.8574603043971822,15.0,10.894230769230768,49,Female,Mumbai,288.0,21,3.83,7.997142857142857,2.820520833333333,1279,0.07291666666666667,,,,,,,
T01213,R0220,Zone_8,9.55,61.65,221.14,Wallet,2023-02-16,1,1.011899111783323,0.2926551298745962,5.403307813738974,2.3561258599220753,7.85175139698144,62.0,23.156020942408375,32,Female,Kolkata,491.0,63,3.78,11.16,2.2715478615071283,1248,0.12830957230142567,,,,,,,
T01214,R0248,Zone_4,9.42,88.49,118.68,UPI,2023-01-31,0,-0.18615534007406934,0.26344758263473556,4.784821514226167,2.343727036325221,9.406912352095134,88.0,12.598726114649683,18,Female,Chennai,104.0,12,3.65,8.245714285714286,9.03519230769231,1789,0.11538461538461539,Zone_4,4038.0,2.46,48.2,Business,High,2.0
T01215,R0036,Zone_2,6.42,40.94,79.36,Wallet,2024-06-19,0,-0.6459201365510622,-0.4105727382851221,4.386516539946734,2.004179057179289,6.398437309218556,41.0,12.361370716510903,30,Female,Surat,177.0,15,4.9,9.31,5.884293785310734,1646,0.0847457627118644,Zone_2,6371.0,0.91,58.4,Residential,Low,0.0
T01216,R0008,Zone_3,4.35,35.92,48.26,Cash,2024-03-27,0,-1.0095693016180631,-0.8756467597198239,3.897112392692392,1.6770965609079151,5.993329625508679,36.0,11.094252873563219,28,Female,Jaipur,215.0,23,4.02,6.03125,4.1547441860465115,1447,0.10697674418604651,Zone_3,12971.0,2.11,38.0,Business,High,2.0
T01217,R0209,Zone_6,1.3,10.52,18.44,Wallet,2023-09-03,0,-1.3582515557112451,-1.5609007526550125,2.967332799032293,0.832909122935104,3.243454948045371,11.0,14.184615384615386,31,Other,Surat,109.0,20,3.77,7.315,6.743944954128441,2289,0.1834862385321101,,,,,,,
T01218,R0041,Zone_9,10.78,64.53,176.5,Cash,2023-10-11,0,0.4899280915713965,0.5690034614517375,5.178970608915471,2.4664031782234406,8.03305670339753,65.0,16.37291280148423,25,Other,Pune,353.0,8,4.74,8.428,1.9891218130311614,2350,0.0226628895184136,,,,,,,
T01219,R0029,Zone_8,9.14,57.74,221.85,Cash,2023-07-21,1,1.020201070214113,0.2005390193488823,5.406498899392565,2.316487998163037,7.598684096605148,58.0,24.272428884026255,30,Male,Surat,4.0,0,3.69,9.961666666666666,290.62,1516,0.0,,,,,,,
T01220,R0266,Zone_7,10.32,62.7,216.5,Credit Card,2023-10-15,0,0.9576440595032304,0.4656536789106929,5.382198850528739,2.4265710727750367,7.918333157931662,63.0,20.978682170542633,29,Other,Chennai,98.0,13,3.9,8.107777777777777,12.729081632653061,2183,0.1326530612244898,,,,,,,
T01221,R0113,Zone_4,6.47,39.72,128.88,Wallet,2024-03-15,0,-0.06688776825145182,-0.39933906626979115,4.866610947234645,2.010894999144726,6.302380502635492,40.0,19.919629057187016,26,Other,Chennai,423.0,26,4.61,6.8775,2.591702127659574,2749,0.061465721040189124,Zone_4,4038.0,2.46,48.2,Business,High,2.0
T01222,R0207,Zone_7,6.91,61.92,85.4,Cash,2023-10-08,0,-0.5752950253933552,-0.3004827525348786,4.45898767581001,2.0681277817795625,7.868926229162401,62.0,12.3589001447178,31,Male,Mumbai,47.0,3,3.93,7.93375,26.20127659574468,1016,0.06382978723404255,,,,,,,
T01223,R0115,Zone_4,15.21,76.34,342.42,UPI,2023-06-23,0,2.4300139265526437,1.564306802010061,5.838954187885657,2.785628335747585,8.737276463521113,76.0,22.51282051282051,40,Female,Bengaluru,170.0,15,4.4,7.58909090909091,8.388058823529413,2391,0.08823529411764706,Zone_4,4038.0,2.46,48.2,Business,High,2.0
T01224,R0243,Zone_8,5.0,28.47,123.26,Credit Card,2023-03-01,1,-0.13260186174587438,-0.7296090235205214,4.822376144635548,1.791759469228055,5.33572862878164,28.0,24.652,33,Male,Jaipur,315.0,11,3.7,7.901428571428572,3.011206349206349,1319,0.03492063492063492,,,,,,,
T01225,R0298,Zone_3,6.44,39.6,64.9,Cash,2024-06-14,0,-0.8149994589584201,-0.4060792694789896,4.188138441508461,2.0068708488450007,6.29285308902091,40.0,10.077639751552795,35,Female,Ahmedabad,65.0,11,3.88,9.027142857142858,15.421692307692307,2367,0.16923076923076924,Zone_3,12971.0,2.11,38.0,Business,High,2.0
T01226,R0285,Zone_10,11.72,116.81,284.02,UPI,2024-01-16,1,1.7471486133721659,0.7801964953399598,5.652559353245066,2.543175557911976,10.807867504739313,117.0,24.233788395904433,29,Female,Chennai,244.0,16,4.97,6.987777777777778,4.521639344262295,2807,0.06557377049180328,,,,,,,
T01227,R0289,Zone_8,9.51,64.51,161.89,Cash,2023-11-30,0,0.31909483428429397,0.28366819226233125,5.093075126369514,2.3523271848888596,8.031811750782012,65.0,17.023133543638274,21,Other,Chennai,322.0,14,4.17,8.26625,3.8337888198757764,1813,0.043478260869565216,,,,,,,
T01228,R0191,Zone_3,2.23,14.47,22.14,Credit Card,2024-03-26,0,-1.3149878286775505,-1.3519544531698564,3.1415627217655304,1.172482137234565,3.803945320322047,14.0,9.928251121076233,33,Other,Surat,87.0,6,4.56,7.5609090909090915,15.227701149425286,2225,0.06896551724137931,Zone_3,12971.0,2.11,38.0,Business,High,2.0
T01229,R0230,Zone_9,0.44,4.37,4.48,Cash,2023-12-20,0,-1.5214844285194553,-1.754119911318705,1.7011051009599243,0.3646431135879093,2.090454496036687,4.0,10.181818181818183,32,Male,Chennai,183.0,23,3.65,7.3325,4.962950819672131,1395,0.12568306010928962,,,,,,,
T01230,R0057,Zone_1,4.7,30.64,65.19,Credit Card,2024-03-01,0,-0.8116085181909143,-0.7970110556125071,4.1925293941308315,1.7404661748405046,5.535341001239219,31.0,13.870212765957445,39,Male,Bengaluru,407.0,11,3.66,7.716923076923076,3.9414742014742012,1201,0.02702702702702703,Zone_1,4921.0,2.43,30.9,Residential,High,2.0
T01231,R0134,Zone_5,12.55,67.74,201.98,Cash,2023-11-16,0,0.7878631631439745,0.9666754507944538,5.313107452020672,2.60638654732571,8.230431337420901,68.0,16.094023904382468,34,Male,Jaipur,410.0,29,4.59,7.974285714285714,2.644878048780488,1510,0.07073170731707316,Zone_5,2590.0,1.31,43.9,Business,Medium,1.0
T01232,R0109,Zone_6,11.36,74.85,132.35,UPI,2023-07-13,0,-0.026313408033365248,0.6993140568295767,4.892977250628023,2.514465452029545,8.651589449343975,75.0,11.650528169014084,35,Female,Delhi,62.0,5,3.35,10.81,11.13532258064516,1398,0.08064516129032258,,,,,,,
T01233,R0247,Zone_9,10.6,85.24,115.67,Cash,2023-08-21,0,-0.2213509666609399,0.5285622421965461,4.759349436835766,2.451005098112319,9.232551110067032,85.0,10.912264150943397,37,Male,Bengaluru,249.0,47,4.92,10.267692307692307,9.587590361445782,1955,0.18875502008032127,,,,,,,
T01234,R0139,Zone_4,11.14,88.53,163.52,Credit Card,2024-06-08,0,0.3381542599775165,0.6498858999621208,5.103032143362223,2.4965057856313524,9.409038208021052,89.0,14.678635547576302,44,Other,Kolkata,155.0,7,4.39,7.365,6.466,1074,0.04516129032258064,Zone_4,4038.0,2.46,48.2,Business,High,2.0
T01235,R0149,Zone_6,3.16,27.44,65.98,UPI,2023-03-14,0,-0.8023711278242606,-1.1430081536847005,4.204394067366058,1.425515074273172,5.238320341483518,27.0,20.87974683544304,30,Male,Jaipur,89.0,8,4.57,6.0600000000000005,7.428314606741573,2560,0.0898876404494382,,,,,,,
T01236,R0220,Zone_9,11.01,108.64,222.72,Cash,2024-07-25,0,1.0303738925166306,0.62067835272226,5.410395269953387,2.485739636091892,10.423051376636307,109.0,20.228882833787466,32,Female,Kolkata,491.0,63,3.78,11.16,2.2715478615071283,1248,0.12830957230142567,,,,,,,
T01237,R0188,Zone_4,3.39,29.89,47.67,Credit Card,2023-05-28,0,-1.0164681121450576,-1.091333262414178,3.885062823845363,1.4793292270870801,5.4671747731346585,30.0,14.061946902654867,24,Male,Delhi,436.0,64,3.15,6.112500000000001,1.069816513761468,2254,0.14678899082568808,Zone_4,4038.0,2.46,48.2,Business,High,2.0
T01238,R0195,Zone_5,12.74,102.88,228.57,Wallet,2023-07-29,0,1.0987773528266611,1.0093634044527113,5.43620799388748,2.620311286794203,10.142977866484772,103.0,17.941130298273155,33,Male,Kolkata,72.0,10,4.97,7.813333333333334,14.502361111111112,1939,0.1388888888888889,Zone_5,2590.0,1.31,43.9,Business,Medium,1.0
T01239,R0071,Zone_4,5.45,46.2,131.72,Cash,2023-07-29,1,-0.03367993452829158,-0.6285059753825426,4.888241645882189,1.864080130807681,6.797058187186572,46.0,24.16880733944954,35,Male,Ahmedabad,67.0,4,3.82,7.225,3.4297014925373133,2077,0.05970149253731343,Zone_4,4038.0,2.46,48.2,Business,High,2.0
T01240,R0036,Zone_1,9.41,90.04,164.92,Credit Card,2024-06-19,0,0.3545243188551304,0.2612008482316694,5.111505744481217,2.3427668826268775,9.488940931421167,90.0,17.526036131774706,30,Female,Surat,177.0,15,4.9,9.31,5.884293785310734,1646,0.0847457627118644,Zone_1,4921.0,2.43,30.9,Residential,High,2.0
T01241,R0133,Zone_8,1.37,11.64,31.03,Wallet,2023-04-16,0,-1.2110379548047003,-1.545173611833549,3.466672963621067,0.8628899551470398,3.411744421846396,12.0,22.64963503649635,25,Female,Delhi,155.0,11,4.4,7.21,5.272709677419355,2623,0.07096774193548387,,,,,,,
T01242,R0185,Zone_4,1.26,6.77,28.67,Cash,2023-02-08,0,-1.2386331969126787,-1.5698876902672771,3.3901364343027307,0.8153648132841945,2.6019223662515376,7.0,22.753968253968257,27,Male,Delhi,201.0,12,4.05,6.247142857142857,3.7018905472636816,1847,0.05970149253731343,Zone_4,4038.0,2.46,48.2,Business,High,2.0
T01243,R0116,Zone_4,13.45,95.25,239.51,Cash,2023-10-06,0,1.2266976700560177,1.1688815470704108,5.48276166872297,2.670694414558441,9.759610647971568,95.0,17.80743494423792,34,Female,Bengaluru,238.0,30,4.58,10.122,3.3368067226890754,2413,0.12605042016806722,Zone_4,4038.0,2.46,48.2,Business,High,2.0
T01244,R0032,Zone_2,11.46,106.58,252.05,Wallet,2023-03-27,0,1.373326626002648,0.7217814008602389,5.533587097660087,2.522523513359307,10.323759005323593,107.0,21.993891797556717,18,Female,Mumbai,213.0,24,4.0,9.455714285714285,6.542723004694835,1093,0.11267605633802817,Zone_2,6371.0,0.91,58.4,Residential,Low,0.0
T01245,R0195,Zone_1,1.9100000000000001,18.42,18.72,Wallet,2024-05-21,0,-1.3549775439357223,-1.4238499540679748,2.9816333491744893,1.0681530811834012,4.291852746774987,18.0,9.801047120418847,33,Male,Kolkata,72.0,10,4.97,7.813333333333334,14.502361111111112,1939,0.1388888888888889,Zone_1,4921.0,2.43,30.9,Residential,High,2.0
T01246,R0271,Zone_1,14.43,78.77,128.48,UPI,2024-01-01,0,-0.07156492793077023,1.3890615185708977,4.8635264290580436,2.7363136663750693,8.875246475450696,79.0,8.903672903672904,22,Male,Bengaluru,58.0,6,4.37,8.1275,16.013448275862068,1441,0.10344827586206896,Zone_1,4921.0,2.43,30.9,Residential,High,2.0
T01247,R0118,Zone_9,2.55,22.18,35.41,UPI,2024-06-14,0,-1.1598230563161647,-1.2800589522717385,3.594843462187342,1.2669476034873244,4.709564735726647,22.0,13.886274509803922,29,Male,Surat,165.0,24,4.13,9.555,3.228424242424243,1087,0.14545454545454545,,,,,,,
T01248,R0143,Zone_7,8.1,54.88,169.49,Wallet,2024-03-26,0,0.4079608681913427,-0.033121358570001876,5.13867664397714,2.2082744135228043,7.408103670980854,55.0,20.924691358024692,42,Other,Kolkata,74.0,13,4.56,6.13875,11.630405405405405,1269,0.17567567567567569,,,,,,,
T01249,R0107,Zone_1,5.6,32.09,73.15,UPI,2024-01-24,0,-0.7185330405724792,-0.5948049593365499,4.306090068583941,1.8870696490323797,5.664803615307419,32.0,13.062500000000002,33,Male,Hyderabad,179.0,14,3.66,6.514,3.5079888268156427,2441,0.0782122905027933,Zone_1,4921.0,2.43,30.9,Residential,High,2.0
T01250,R0276,Zone_8,3.38,18.8,39.01,Credit Card,2023-12-26,0,-1.1177286192022997,-1.0935799968172444,3.6891294228691436,1.4770487243883548,4.33589667773576,19.0,11.541420118343195,26,Other,Chennai,196.0,1,3.63,5.083333333333333,2.5521428571428575,1410,0.00510204081632653,,,,,,,
T01251,R0269,Zone_6,13.84,122.55,319.86,Cash,2023-02-05,0,2.1662221206390893,1.2565041887899924,5.77100489092293,2.6973262377392344,11.070230349906907,123.0,23.11127167630058,41,Male,Mumbai,423.0,16,3.41,9.008571428571429,3.4486288416075648,2678,0.037825059101654845,,,,,,,
T01252,R0224,Zone_4,16.42,145.74,170.2,UPI,2023-11-03,0,0.4162628266221325,1.8361616647810703,5.1428324637076415,2.857618971424357,12.072282302862206,146.0,10.365408038976856,29,Female,Ahmedabad,200.0,1,4.31,5.958571428571429,2.5707,2235,0.005,Zone_4,4038.0,2.46,48.2,Business,High,2.0
T01253,R0292,Zone_1,8.89,60.68,124.67,Cash,2023-06-13,0,-0.11611487387627727,0.1443706592722275,4.833659423627053,2.2915241456346207,7.789736837660179,61.0,14.023622047244094,37,Female,Jaipur,141.0,19,4.39,8.817777777777778,8.070141843971632,2272,0.1347517730496454,Zone_1,4921.0,2.43,30.9,Residential,High,2.0
T01254,R0135,Zone_7,15.63,98.2,211.54,Credit Card,2024-07-17,0,0.8996472794796829,1.6586696469388411,5.359130205944549,2.8112082932048366,9.909591313469996,98.0,13.534229046705054,38,Female,Ahmedabad,153.0,8,3.47,8.325,6.4845098039215685,1666,0.05228758169934641,,,,,,,
T01255,R0058,Zone_7,6.59,56.96,132.53,UPI,2023-02-21,0,-0.024208686177671915,-0.37237825343299685,4.894326171695873,2.0268315914075385,7.547184905645283,57.0,20.110773899848255,46,Male,Kolkata,480.0,25,4.32,9.515,2.1738958333333334,1935,0.052083333333333336,,,,,,,
T01256,R0276,Zone_8,8.54,76.11,117.86,Credit Card,2023-07-26,0,-0.195743517416672,0.06573495516491046,4.777946329938515,2.255493485460195,8.724104538575865,76.0,13.800936768149883,26,Other,Chennai,196.0,1,3.63,5.083333333333333,2.5521428571428575,1410,0.00510204081632653,,,,,,,
T01257,R0203,Zone_4,8.66,73.82,142.36,Cash,2024-03-01,0,0.09073251294157642,0.092695768001705,4.96535894922662,2.2679936482244267,8.591856609604235,74.0,16.438799076212472,49,Female,Bengaluru,152.0,9,3.6,7.756,4.596381578947369,1150,0.05921052631578947,Zone_4,4038.0,2.46,48.2,Business,High,2.0
T01258,R0115,Zone_8,2.22,11.44,23.38,Cash,2024-03-05,0,-1.3004886336716637,-1.3542011875729225,3.1937631240531252,1.169381359556317,3.3823069050575527,11.0,10.531531531531531,40,Female,Bengaluru,170.0,15,4.4,7.58909090909091,8.388058823529413,2391,0.08823529411764706,,,,,,,
T01259,R0060,Zone_2,10.5,52.59,96.59,UPI,2023-03-22,0,-0.44445148336442464,0.5060948981658843,4.5807750291533695,2.4423470353692043,7.251896303726357,53.0,9.199047619047619,40,Female,Hyderabad,123.0,7,4.57,7.876666666666666,5.954308943089431,1143,0.056910569105691054,Zone_2,6371.0,0.91,58.4,Residential,Low,0.0
T01260,R0136,Zone_5,11.55,64.01,143.2,Wallet,2023-06-21,0,0.10055454826814463,0.7420020104878347,4.971201224850849,2.529720665577793,8.000624975587845,64.0,12.398268398268396,34,Male,Hyderabad,339.0,11,3.82,6.715,1.0111799410029498,2798,0.032448377581120944,Zone_5,2590.0,1.31,43.9,Business,Medium,1.0
T01261,R0057,Zone_7,7.13,52.63,76.32,UPI,2023-04-07,0,-0.6814665501138816,-0.25105459566742244,4.34795265434013,2.0955609235597192,7.254653678846427,53.0,10.704067321178119,39,Male,Bengaluru,407.0,11,3.66,7.716923076923076,3.9414742014742012,1201,0.02702702702702703,,,,,,,
T01262,R0282,Zone_4,0.46,3.55,5.5600000000000005,Credit Card,2024-08-02,0,-1.5088560973852956,-1.7496264425125725,1.8809906029559977,0.3784364357202451,1.8841443681416772,4.0,12.08695652173913,22,Other,Bengaluru,319.0,3,4.47,10.318888888888889,4.387931034482759,1599,0.009404388714733543,Zone_4,4038.0,2.46,48.2,Business,High,2.0
T01263,R0220,Zone_3,9.84,82.62,238.53,Cash,2024-05-02,1,1.2152386288416879,0.3578104275635156,5.478678669966805,2.3832429960115,9.08955444452587,83.0,24.240853658536587,32,Female,Kolkata,491.0,63,3.78,11.16,2.2715478615071283,1248,0.12830957230142567,Zone_3,12971.0,2.11,38.0,Business,High,2.0
T01264,R0056,Zone_3,0.42,2.79,7.54,UPI,2023-04-18,0,-1.4857041569726699,-1.7586133801248374,2.1447610078004784,0.3506568716131694,1.6703293088490065,3.0,17.952380952380953,40,Other,Hyderabad,93.0,13,3.25,7.357777777777778,9.976236559139785,2029,0.13978494623655913,Zone_3,12971.0,2.11,38.0,Business,High,2.0
T01265,R0116,Zone_1,3.94,35.11,89.95,Cash,2023-06-03,0,-0.5220923340411091,-0.9677628702455379,4.5103099049641315,1.597365331199831,5.92536918681022,35.0,22.82994923857868,34,Female,Bengaluru,238.0,30,4.58,10.122,3.3368067226890754,2413,0.12605042016806722,Zone_1,4921.0,2.43,30.9,Residential,High,2.0
T01266,R0125,Zone_7,8.66,49.87,144.0,Cash,2023-12-23,0,0.10990886762678144,0.092695768001705,4.976733742420574,2.2679936482244267,7.061869440877536,50.0,16.628175519630485,44,Male,Ahmedabad,99.0,19,3.89,9.295,11.28040404040404,1244,0.1919191919191919,,,,,,,
T01267,R0258,Zone_3,4.15,41.08,36.25,UPI,2023-07-14,0,-1.1500010209895961,-0.9205814477811476,3.6176519448255684,1.6389967146756448,6.4093681435848255,41.0,8.734939759036143,32,Female,Jaipur,313.0,39,3.76,5.846000000000001,1.5953674121405752,2423,0.12460063897763578,Zone_3,12971.0,2.11,38.0,Business,High,2.0
T01268,R0142,Zone_6,9.27,82.65,156.51,Wallet,2023-08-09,0,0.2561870365974624,0.22974656658874257,5.059488948313644,2.329227023940467,9.091204540653566,83.0,16.883495145631066,33,Female,Kolkata,78.0,5,3.48,6.78,5.378205128205129,2023,0.0641025641025641,,,,,,,
T01269,R0058,Zone_2,6.87,45.49,64.95,Credit Card,2023-08-07,0,-0.8144148139985052,-0.3094696901471434,4.188896879163323,2.063058062429312,6.7446274915669,45.0,9.45414847161572,46,Male,Kolkata,480.0,25,4.32,9.515,2.1738958333333334,1935,0.052083333333333336,Zone_2,6371.0,0.91,58.4,Residential,Low,0.0
T01270,R0067,Zone_1,0.15,0.8,1.63,Wallet,2023-12-25,0,-1.5548091912345985,-1.8192752090076245,0.9669838461896731,0.1397619423751587,0.8944271909999159,1.0,10.866666666666667,32,Male,Pune,348.0,9,3.38,8.697692307692307,5.302212643678161,1516,0.02586206896551724,Zone_1,4921.0,2.43,30.9,Residential,High,2.0
T01271,R0088,Zone_10,8.84,54.01,71.97,Wallet,2023-05-22,0,-0.7323306616264684,0.13313698725689638,4.290048397777529,2.286455711064162,7.349149610669251,54.0,8.141402714932127,22,Other,Jaipur,438.0,0,4.78,7.78125,2.0405479452054793,2629,0.0,,,,,,,
T01272,R0112,Zone_1,10.93,95.31,241.48,Cash,2024-06-21,0,1.2497326814766605,0.6027044774977305,5.4909192327495475,2.4790562361098245,9.762684057163789,95.0,22.09332113449222,41,Female,Delhi,311.0,11,3.24,8.953,3.6986173633440513,2134,0.03536977491961415,Zone_1,4921.0,2.43,30.9,Residential,High,2.0
T01273,R0062,Zone_5,13.06,124.07,229.92,Credit Card,2023-12-17,0,1.1145627667443605,1.0812589053508297,5.442071330192733,2.643333886382519,11.138671374989029,124.0,17.60490045941807,38,Male,Jaipur,57.0,3,3.58,9.435714285714285,15.605438596491227,2684,0.05263157894736842,Zone_5,2590.0,1.31,43.9,Business,Medium,1.0
T01274,R0094,Zone_5,6.17,45.1,99.64,Wallet,2023-08-12,0,-0.40878814080962234,-0.4667410983617769,4.611549792952131,1.969905654611529,6.715653356152326,45.0,16.14910858995138,41,Other,Delhi,480.0,62,4.87,7.953333333333333,1.5570833333333334,1253,0.12916666666666668,Zone_5,2590.0,1.31,43.9,Business,Medium,1.0
T01275,R0040,Zone_6,7.69,56.11,128.05,Cash,2023-09-29,0,-0.0765928745860372,-0.1252374690957156,4.860199926164623,2.162172939277301,7.490660852021001,56.0,16.65149544863459,34,Other,Surat,485.0,36,4.41,8.045,2.352061855670103,1231,0.07422680412371134,,,,,,,
T01276,R0008,Zone_4,0.52,3.4,7.03,Credit Card,2023-09-25,0,-1.4916675355638007,-1.7361460360941754,2.0831845279586703,0.41871033485818504,1.8439088914585775,3.0,13.51923076923077,28,Female,Jaipur,215.0,23,4.02,6.03125,4.1547441860465115,1447,0.10697674418604651,Zone_4,4038.0,2.46,48.2,Business,High,2.0
T01277,R0277,Zone_7,17.82,145.63,186.18,Credit Card,2024-03-04,0,0.6031153558109004,2.150704481210337,5.23207072072911,2.9349201341572337,12.067725552066554,146.0,10.447811447811448,42,Female,Jaipur,433.0,16,3.06,9.658888888888889,3.2397228637413393,2064,0.03695150115473441,,,,,,,
T01278,R0030,Zone_9,15.53,90.04,321.07,Credit Card,2024-06-08,0,2.180370528669027,1.6362023029081787,5.77476891322269,2.805176911832933,9.488940931421167,90.0,20.674179008370896,25,Other,Mumbai,442.0,58,3.72,7.368181818181818,3.581809954751131,2078,0.13122171945701358,,,,,,,
T01279,R0104,Zone_6,7.84,49.14,184.23,Cash,2024-04-24,1,0.5803142023742233,-0.09153645304972283,5.221598296134632,2.179286876649552,7.009992867328753,49.0,23.49872448979592,52,Male,Kolkata,328.0,1,3.7,5.187777777777779,2.3335060975609756,1939,0.003048780487804878,,,,,,,
T01280,R0074,Zone_1,7.38,45.5,139.87,UPI,2024-05-19,0,0.06161719393781965,-0.19488623559076765,4.9478374792722155,2.1258479144939915,6.745368781616021,46.0,18.95257452574526,23,Male,Kolkata,199.0,22,4.89,6.598571428571428,4.106884422110553,1102,0.11055276381909548,Zone_1,4921.0,2.43,30.9,Residential,High,2.0
T01281,R0161,Zone_9,6.65,46.28,163.53,Cash,2024-01-20,1,0.33827118896949937,-0.3588978470145996,5.103092924398559,2.0347056478384444,6.802940540677979,46.0,24.59097744360902,32,Other,Surat,332.0,50,4.91,5.536666666666666,1.7095180722891565,2731,0.15060240963855423,,,,,,,
T01282,R0190,Zone_2,13.18,104.11,227.82,Wallet,2023-09-16,0,1.0900076784279393,1.1082197181876237,5.432935668272798,2.6518325211039815,10.203430795570673,104.0,17.28528072837633,35,Other,Surat,274.0,47,4.12,7.776666666666666,4.08,2183,0.17153284671532848,Zone_2,6371.0,0.91,58.4,Residential,Low,0.0
T01283,R0032,Zone_1,10.81,91.81,224.14,UPI,2024-08-05,0,1.0469778093782105,0.5757436646609364,5.416722430926658,2.468946630209271,9.581753492967767,92.0,20.73450508788159,18,Female,Mumbai,213.0,24,4.0,9.455714285714285,6.542723004694835,1093,0.11267605633802817,Zone_1,4921.0,2.43,30.9,Residential,High,2.0
T01284,R0257,Zone_6,12.06,94.25,138.72,Credit Card,2023-06-13,0,0.048170359859779355,0.8565854650442104,4.939640419938631,2.569554123848285,9.7082439194738,94.0,11.502487562189055,36,Other,Delhi,459.0,19,4.82,8.015714285714285,1.7913507625272331,1286,0.04139433551198257,,,,,,,
T01285,R0011,Zone_9,5.97,46.59,52.69,UPI,2024-05-17,0,-0.9577697581696124,-0.5116757864231007,3.983226764434478,1.9416152247724325,6.825686778632609,47.0,8.825795644891123,26,Male,Chennai,208.0,34,4.0,8.896,7.842403846153845,2347,0.16346153846153846,,,,,,,
T01286,R0253,Zone_1,5.65,49.11,86.86,Cash,2023-07-06,0,-0.5582233925638432,-0.5835712873212188,4.475744638547633,1.8946168546677629,7.0078527381787925,49.0,15.373451327433628,26,Male,Surat,173.0,24,3.16,7.117142857142857,4.485086705202312,1855,0.13872832369942195,Zone_1,4921.0,2.43,30.9,Residential,High,2.0
T01287,R0084,Zone_4,1.82,14.54,29.22,Wallet,2024-01-11,0,-1.232202102353616,-1.4440705636955704,3.4085039568445934,1.0367368849500223,3.8131351929875237,15.0,16.054945054945055,38,Male,Jaipur,366.0,6,4.67,9.3625,3.923060109289618,2615,0.01639344262295082,Zone_4,4038.0,2.46,48.2,Business,High,2.0
T01288,R0124,Zone_1,11.89,109.54,135.26,Credit Card,2023-04-23,0,0.00771292863367563,0.8183909801920851,4.914564825345522,2.556451816951096,10.466135867644754,110.0,11.375946173254835,37,Other,Hyderabad,419.0,25,3.59,8.516,1.5354415274463007,1561,0.059665871121718374,Zone_1,4921.0,2.43,30.9,Residential,High,2.0
T01289,R0111,Zone_9,14.26,104.59,151.15,Cash,2024-07-22,0,0.1935130968945968,1.3508670337187725,5.02486687634298,2.725235025856311,10.22692524662227,105.0,10.599579242636747,28,Male,Ahmedabad,202.0,24,4.67,14.26,0.7482673267326733,1777,0.1188118811881188,,,,,,,
T01290,R0190,Zone_5,13.62,78.93,158.46,Wallet,2024-06-22,0,0.2789881900341395,1.207076031922536,5.07179310707435,2.6823904543216326,8.884255736976508,79.0,11.634361233480178,35,Other,Surat,274.0,47,4.12,7.776666666666666,4.08,2183,0.17153284671532848,Zone_5,2590.0,1.31,43.9,Business,Medium,1.0
T01291,R0058,Zone_1,8.94,61.84,128.02,Cash,2024-03-09,0,-0.07694366156198608,0.1556043312875582,4.859967431104096,2.2965670206684825,7.863841300535,62.0,14.31991051454139,46,Male,Kolkata,480.0,25,4.32,9.515,2.1738958333333334,1935,0.052083333333333336,Zone_1,4921.0,2.43,30.9,Residential,High,2.0
T01292,R0003,Zone_10,6.37,36.42,83.12,Cash,2024-03-22,0,-0.6019548355654697,-0.421806410300453,4.432244350834499,1.9974177062012453,6.034898507845845,36.0,13.048665620094193,34,Male,Pune,45.0,9,3.76,6.768000000000001,21.593555555555557,1232,0.2,,,,,,,
T01293,R0167,Zone_5,2.74,26.26,58.18,Cash,2024-02-21,0,-0.8935757415709681,-1.2373709986134807,4.080583646972063,1.3190856114264407,5.124451190127583,26.0,21.233576642335766,44,Male,Hyderabad,117.0,5,4.75,9.187142857142858,9.192735042735043,1484,0.042735042735042736,Zone_5,2590.0,1.31,43.9,Business,Medium,1.0
T01294,R0103,Zone_2,4.49,43.26,73.0,Credit Card,2023-10-15,0,-0.7202869754522238,-0.8441924780768971,4.30406509320417,1.7029282555214393,6.577233460962139,43.0,16.258351893095767,37,Other,Surat,175.0,14,3.07,7.936666666666667,7.065371428571429,1393,0.08,Zone_2,6371.0,0.91,58.4,Residential,Low,0.0
T01295,R0084,Zone_6,10.34,97.26,226.9,Cash,2023-04-07,0,1.0792502111655073,0.4701471477168252,5.4289069362516384,2.428336298299606,9.862048468751308,97.0,21.943907156673117,38,Male,Jaipur,366.0,6,4.67,9.3625,3.923060109289618,2615,0.01639344262295082,,,,,,,
T01296,R0055,Zone_4,6.58,53.2,115.07,Wallet,2023-08-09,0,-0.2283667061799175,-0.37462498783606296,4.754193457380532,2.0255131996542803,7.293833011524188,53.0,17.487841945288753,32,Male,Delhi,425.0,12,4.19,8.9625,2.610729411764706,1775,0.02823529411764706,Zone_4,4038.0,2.46,48.2,Business,High,2.0
T01297,R0235,Zone_7,16.21,156.4,162.95,Wallet,2024-08-01,0,0.3314893074344876,1.78898024231668,5.099561503290658,2.845490610223448,12.505998560690786,156.0,10.052436767427512,34,Other,Delhi,284.0,8,4.06,6.95625,2.972852112676056,2040,0.028169014084507043,,,,,,,
T01298,R0254,Zone_1,13.76,69.71,178.7,Cash,2023-12-30,0,0.5156524698076472,1.2385303135654628,5.191288793789513,2.6919208191723265,8.349251463454673,70.0,12.986918604651162,18,Male,Delhi,363.0,70,3.68,11.767142857142858,3.346005509641873,2383,0.1928374655647383,Zone_1,4921.0,2.43,30.9,Residential,High,2.0
T01299,R0060,Zone_1,4.99,45.06,74.39,Wallet,2023-10-20,0,-0.7040338455665925,-0.7318557579235875,4.32267464022361,1.7900914121273581,6.712674578735364,45.0,14.907815631262524,40,Female,Hyderabad,123.0,7,4.57,7.876666666666666,5.954308943089431,1143,0.056910569105691054,Zone_1,4921.0,2.43,30.9,Residential,High,2.0
T01300,R0196,Zone_3,1.92,14.98,37.71,Wallet,2024-01-25,0,-1.1329293881600841,-1.4216032196649084,3.6560979645895566,1.0715836162801904,3.8704004960727256,15.0,19.640625,18,Male,Hyderabad,51.0,9,4.93,7.995833333333334,31.831960784313726,2642,0.17647058823529413,Zone_3,12971.0,2.11,38.0,Business,High,2.0
T01301,R0097,Zone_3,5.26,37.32,56.45,Credit Card,2023-05-06,0,-0.9138044571840199,-0.6711939290408004,4.050915004294764,1.8341801851120072,6.109009739720506,37.0,10.7319391634981,23,Other,Bengaluru,478.0,5,3.28,8.67875,2.3370292887029285,2061,0.010460251046025104,Zone_3,12971.0,2.11,38.0,Business,High,2.0
T01302,R0028,Zone_4,13.33,129.68,246.79,Credit Card,2023-05-04,0,1.3118219762196115,1.1419207342336166,5.5125816132556515,2.6623552418400807,11.387712676389407,130.0,18.513878469617403,20,Female,Surat,249.0,21,3.79,10.61,6.218915662650603,1041,0.08433734939759036,Zone_4,4038.0,2.46,48.2,Business,High,2.0
T01303,R0235,Zone_9,5.38,44.38,68.89,Credit Card,2024-03-09,0,-0.7683447911572197,-0.644233116204006,4.246922577489038,1.8531680973566984,6.661831579978587,44.0,12.804832713754648,34,Other,Delhi,284.0,8,4.06,6.95625,2.972852112676056,2040,0.028169014084507043,,,,,,,
T01304,R0072,Zone_10,10.73,81.37,223.02,Cash,2023-05-28,0,1.0338817622761194,0.5577697894364068,5.411735333583594,2.462149662665384,9.020532135079394,81.0,20.78471575023299,25,Other,Jaipur,62.0,10,4.07,9.728,11.808709677419355,1047,0.16129032258064516,,,,,,,
T01305,R0134,Zone_9,5.17,35.4,100.09,UPI,2023-08-20,0,-0.4035263361703892,-0.6914145386683961,4.616011209165967,1.8196988379172965,5.9497899122574065,35.0,19.359767891682786,34,Male,Jaipur,410.0,29,4.59,7.974285714285714,2.644878048780488,1510,0.07073170731707316,,,,,,,
T01306,R0084,Zone_10,9.72,73.17,199.22,Cash,2023-09-01,0,0.7555907613566781,0.3308496147267215,5.2994167619913375,2.372111155642656,8.553946457629952,73.0,20.49588477366255,38,Male,Jaipur,366.0,6,4.67,9.3625,3.923060109289618,2615,0.01639344262295082,,,,,,,
T01307,R0164,Zone_10,10.64,62.59,150.39,UPI,2024-08-04,0,0.18462649350389174,0.5375491798088111,5.019859288623787,2.454447442303292,7.911384202527394,63.0,14.1343984962406,37,Other,Ahmedabad,249.0,23,4.02,8.356666666666667,7.062208835341366,1534,0.09236947791164658,,,,,,,
T01308,R0176,Zone_6,12.93,107.92,304.11,Wallet,2023-08-09,1,1.9820589582659298,1.052051358110969,5.720672367324469,2.6340447877917144,10.388455130576443,108.0,23.51972157772622,43,Male,Mumbai,260.0,13,3.95,15.176666666666664,6.3002692307692305,2673,0.05,,,,,,,
T01309,R0170,Zone_9,15.17,112.08,278.29,Wallet,2024-07-17,0,1.680148300965931,1.555319864397796,5.632250668514958,2.783157673589016,10.586784214292837,112.0,18.34475939353988,29,Other,Bengaluru,28.0,3,3.68,7.644285714285714,33.65,2311,0.10714285714285714,,,,,,,
T01310,R0245,Zone_10,14.55,84.59,269.23,Credit Card,2024-04-22,0,1.5742106342293707,1.4160223314076923,5.599273448230355,2.744060638625243,9.197282207261013,85.0,18.503780068728524,35,Female,Hyderabad,265.0,48,4.73,7.944,2.8352075471698113,2388,0.1811320754716981,,,,,,,
T01311,R0004,Zone_7,5.35,43.9,64.48,Wallet,2023-09-24,0,-0.8199104766217044,-0.6509733194132047,4.181744752502934,1.8484548129046001,6.6257075093909785,44.0,12.052336448598133,19,Other,Kolkata,464.0,5,3.19,6.201666666666667,1.4720474137931034,2608,0.010775862068965518,,,,,,,
T01312,R0238,Zone_8,7.26,53.73,75.46,Credit Card,2024-08-23,0,-0.691522443424416,-0.22184704842756198,4.336767728268267,2.1114245875328868,7.33007503372237,54.0,10.393939393939393,30,Other,Pune,362.0,56,4.91,6.454999999999999,1.6299171270718231,2705,0.15469613259668508,,,,,,,
T01313,R0053,Zone_3,2.13,12.79,42.2,Credit Card,2024-08-04,0,-1.0804282707597357,-1.3744217972005184,3.765840495250065,1.1410330045520618,3.576310948449533,13.0,19.812206572769956,45,Female,Delhi,63.0,7,4.85,11.0,11.318095238095237,2558,0.1111111111111111,Zone_3,12971.0,2.11,38.0,Business,High,2.0
T01314,R0027,Zone_6,6.82,49.94,153.49,Cash,2023-02-05,0,0.22087448101860915,-0.3207033621624743,5.040129369323958,2.05668455455722,7.066823897621901,50.0,22.505865102639298,39,Male,Jaipur,403.0,61,3.98,7.22875,2.050620347394541,2539,0.1513647642679901,,,,,,,
T01315,R0222,Zone_10,8.12,63.74,108.79,UPI,2023-11-05,0,-0.30179811314521526,-0.02862788976386959,4.698569450246641,2.21046980408624,7.983733462484829,64.0,13.397783251231528,27,Male,Surat,475.0,12,3.44,9.88125,2.7908000000000004,1481,0.02526315789473684,,,,,,,
T01316,R0160,Zone_4,5.98,30.73,74.09,Cash,2023-04-11,0,-0.7075417153260812,-0.5094290520200344,4.318687394111793,1.9430489167742813,5.543464620614079,31.0,12.389632107023411,30,Male,Surat,438.0,7,4.42,10.909999999999998,0.906255707762557,1919,0.01598173515981735,Zone_4,4038.0,2.46,48.2,Business,High,2.0
T01317,R0249,Zone_7,5.48,52.77,121.71,Cash,2023-02-16,0,-0.15072585550323306,-0.6217657721733441,4.809823847988456,1.8687205103641833,7.264296249465602,53.0,22.209854014598537,20,Male,Mumbai,396.0,48,4.49,8.08875,2.728611111111111,1273,0.12121212121212122,,,,,,,
T01318,R0016,Zone_1,13.16,96.42,308.81,Wallet,2024-05-26,1,2.03701558449792,1.1037262493814914,5.735959206351422,2.6504210882655737,9.819368615140181,96.0,23.46580547112462,28,Female,Delhi,356.0,51,3.06,8.248000000000001,1.9316853932584273,1697,0.14325842696629212,Zone_1,4921.0,2.43,30.9,Residential,High,2.0
T01319,R0223,Zone_5,12.54,89.9,223.88,Wallet,2023-06-10,0,1.0439376555866537,0.9644287163913873,5.415566926598276,2.605648267484129,9.481561052906848,90.0,17.853269537480063,30,Female,Surat,158.0,10,4.04,7.05,6.248164556962026,2484,0.06329113924050633,Zone_5,2590.0,1.31,43.9,Business,Medium,1.0
T01320,R0003,Zone_2,10.0,98.25,154.94,UPI,2023-06-03,0,0.237829184856138,0.3937581780125747,5.049471317881454,2.3978952727983707,9.912113800799505,98.0,15.494,34,Male,Pune,45.0,9,3.76,6.768000000000001,21.593555555555557,1232,0.2,Zone_2,6371.0,0.91,58.4,Residential,Low,0.0
T01321,R0236,Zone_7,1.6099999999999999,10.54,37.2,Credit Card,2023-02-02,0,-1.138892766751215,-1.4912519861599607,3.6428355156125294,0.959350221334602,3.246536616149585,11.0,23.105590062111805,28,Male,Ahmedabad,61.0,1,3.36,4.546363636363636,12.599016393442623,2229,0.01639344262295082,,,,,,,
T01322,R0185,Zone_9,9.0,87.7,155.52,Wallet,2024-02-16,0,0.2446110663911497,0.1690847377059555,5.053183797342212,2.302585092994046,9.364827814754525,88.0,17.28,27,Male,Delhi,201.0,12,4.05,6.247142857142857,3.7018905472636816,1847,0.05970149253731343,,,,,,,
T01323,R0166,Zone_9,6.08,32.36,73.25,Wallet,2024-01-22,0,-0.7173637506526498,-0.4869617079893726,4.307437777682809,1.9572739077056285,5.688585061331157,32.0,12.047697368421053,24,Other,Chennai,349.0,63,4.29,10.79,1.7994555873925502,2011,0.18051575931232092,,,,,,,
T01324,R0270,Zone_1,14.58,117.9,313.49,Credit Card,2024-08-14,0,2.0917383527459448,1.4227625346168906,5.750952279132591,2.7459880404426023,10.858176642512316,118.0,21.501371742112482,35,Male,Hyderabad,455.0,64,3.08,7.38,2.420945054945055,1719,0.14065934065934066,Zone_1,4921.0,2.43,30.9,Residential,High,2.0
T01325,R0250,Zone_9,1.01,5.7,8.99,Credit Card,2023-07-29,0,-1.468749453135141,-1.626056050343932,2.301584592660462,0.6981347220709844,2.3874672772626644,6.0,8.900990099009901,34,Female,Jaipur,163.0,31,4.63,8.368888888888888,6.91601226993865,2054,0.1901840490797546,,,,,,,
T01326,R0072,Zone_5,5.21,38.32,45.13,Wallet,2024-07-30,0,-1.046168076108729,-0.6824276010561313,3.8314634975697293,1.8261608959453874,6.190315016216864,38.0,8.662188099808063,25,Other,Jaipur,62.0,10,4.07,9.728,11.808709677419355,1047,0.16129032258064516,Zone_5,2590.0,1.31,43.9,Business,Medium,1.0
T01327,R0280,Zone_8,5.07,44.97,72.82,Cash,2024-03-09,0,-0.7223916973079171,-0.713881882699058,4.301629697601852,1.803358605071407,6.705967491719595,45.0,14.3629191321499,26,Other,Chennai,172.0,23,4.43,8.461666666666666,4.2749999999999995,1205,0.13372093023255813,,,,,,,
T01328,R0203,Zone_4,5.67,32.13,68.89,UPI,2024-01-05,0,-0.7683447911572197,-0.5790778185150864,4.246922577489038,1.8976198599275322,5.668333088307356,32.0,12.149911816578484,49,Female,Bengaluru,152.0,9,3.6,7.756,4.596381578947369,1150,0.05921052631578947,Zone_4,4038.0,2.46,48.2,Business,High,2.0
T01329,R0165,Zone_10,12.79,110.98,232.73,Cash,2023-11-28,0,1.1474198134915718,1.020597076468042,5.454166603010877,2.6239436918052106,10.534704552098269,111.0,18.196247068021894,37,Female,Kolkata,34.0,5,3.27,7.785,22.932352941176468,1743,0.14705882352941177,,,,,,,
T01330,R0028,Zone_4,3.76,33.29,33.59,UPI,2023-10-19,0,-1.181104132857063,-1.0082040895007292,3.5435646229490776,1.5602476682433286,5.769748694700662,33.0,8.933510638297873,20,Female,Surat,249.0,21,3.79,10.61,6.218915662650603,1041,0.08433734939759036,Zone_4,4038.0,2.46,48.2,Business,High,2.0
T01331,R0294,Zone_5,6.96,64.73,98.96,UPI,2023-12-12,0,-0.4167393122644636,-0.2892490805195477,4.604770105966751,2.0744289998562917,8.045495634204272,65.0,14.2183908045977,24,Male,Surat,41.0,7,3.2,8.097142857142858,20.37560975609756,1994,0.17073170731707318,Zone_5,2590.0,1.31,43.9,Business,Medium,1.0
T01332,R0146,Zone_6,12.25,87.0,233.83,UPI,2024-02-29,0,1.1602820026096976,0.8992734187024679,5.458861848105724,2.583997552432231,9.327379053088816,87.0,19.08816326530612,30,Male,Surat,80.0,11,3.89,9.634285714285713,11.730875000000001,2346,0.1375,,,,,,,
T01333,R0135,Zone_3,12.9,77.2,259.46,UPI,2023-07-23,0,1.4599710090620197,1.0453111549017704,5.5624492985395575,2.631888840136646,8.78635305459552,77.0,20.11317829457364,38,Female,Ahmedabad,153.0,8,3.47,8.325,6.4845098039215685,1666,0.05228758169934641,Zone_3,12971.0,2.11,38.0,Business,High,2.0
T01334,R0022,Zone_2,5.25,39.93,80.17,UPI,2023-05-16,0,-0.6364488882004424,-0.6734406634438665,4.3965457207730845,1.8325814637483102,6.319018911191831,40.0,15.270476190476192,43,Female,Kolkata,220.0,1,3.32,7.464285714285714,3.760090909090909,2194,0.004545454545454545,Zone_2,6371.0,0.91,58.4,Residential,Low,0.0
T01335,R0237,Zone_3,4.6,41.73,44.08,Wallet,2023-06-01,0,-1.0584456202669397,-0.8194783996431692,3.8084386891715756,1.7227665977411035,6.4598761598036845,42.0,9.582608695652175,40,Male,Chennai,36.0,3,3.71,9.737,49.20527777777777,1374,0.08333333333333333,Zone_3,12971.0,2.11,38.0,Business,High,2.0
T01336,R0157,Zone_1,9.73,77.54,93.63,UPI,2023-10-17,0,-0.47906246499138044,0.3330963491297876,4.549974550520141,2.373043556642607,8.805679985100527,78.0,9.622816032887975,36,Female,Hyderabad,319.0,27,4.65,11.39,5.880658307210031,1759,0.08463949843260188,Zone_1,4921.0,2.43,30.9,Residential,High,2.0
T01337,R0152,Zone_1,8.76,51.32,154.75,UPI,2024-02-14,0,0.2356075340084618,0.11516311203236683,5.048252157667562,2.278292400425001,7.163797875428926,51.0,17.66552511415525,34,Female,Bengaluru,143.0,24,3.91,9.706,6.395524475524475,1962,0.16783216783216784,Zone_1,4921.0,2.43,30.9,Residential,High,2.0
T01338,R0160,Zone_1,8.35,66.52,109.36,Credit Card,2024-05-03,0,-0.2951331606021867,0.023047001506652925,4.703747749349085,2.2353763433005955,8.155979401641472,67.0,13.097005988023952,30,Male,Surat,438.0,7,4.42,10.909999999999998,0.906255707762557,1919,0.01598173515981735,Zone_1,4921.0,2.43,30.9,Residential,High,2.0
T01339,R0249,Zone_10,11.01,106.56,154.05,Cash,2023-03-27,0,0.22742250456965485,0.62067835272226,5.043747645546458,2.485739636091892,10.322790320451153,107.0,13.99182561307902,20,Male,Mumbai,396.0,48,4.49,8.08875,2.728611111111111,1273,0.12121212121212122,,,,,,,
T01340,R0223,Zone_7,2.36,18.92,47.61,UPI,2023-11-16,0,-1.0171696860969552,-1.322746905929996,3.883829271057364,1.2119409739751128,4.349712634186309,19.0,20.173728813559322,30,Female,Surat,158.0,10,4.04,7.05,6.248164556962026,2484,0.06329113924050633,,,,,,,
T01341,R0285,Zone_9,3.68,26.59,64.46,UPI,2024-07-22,0,-0.8201443346056704,-1.0261779647252587,4.181439269073034,1.5432981099295553,5.156549233741495,27.0,17.516304347826086,29,Female,Chennai,244.0,16,4.97,6.987777777777778,4.521639344262295,2807,0.06557377049180328,,,,,,,
T01342,R0055,Zone_3,11.22,84.17,99.64,Wallet,2024-01-29,0,-0.40878814080962234,0.6678597751866503,4.611549792952131,2.503073953743449,9.174420962654809,84.0,8.880570409982175,32,Male,Delhi,425.0,12,4.19,8.9625,2.610729411764706,1775,0.02823529411764706,Zone_3,12971.0,2.11,38.0,Business,High,2.0
T01343,R0211,Zone_2,0.8,4.79,12.38,UPI,2024-01-16,0,-1.4291105248529181,-1.6732374728083221,2.5937610547000824,0.5877866649021191,2.188606862823929,5.0,15.475,36,Female,Mumbai,435.0,17,3.63,6.582857142857143,1.4847816091954023,1992,0.03908045977011494,Zone_2,6371.0,0.91,58.4,Residential,Low,0.0
T01344,R0189,Zone_10,2.77,24.1,67.88,Credit Card,2023-02-01,1,-0.7801546193474985,-1.2306307954042823,4.232365860119475,1.3270750014599193,4.909175083453431,24.0,24.50541516245487,29,Female,Delhi,238.0,42,3.28,9.00375,6.2214285714285715,2558,0.17647058823529413,,,,,,,
T01345,R0114,Zone_7,7.23,59.13,66.53,Wallet,2023-12-30,0,-0.7959400332651978,-0.2285872516367604,4.212571943586751,2.1077860146889784,7.689603370785778,59.0,9.201936376210234,36,Male,Chennai,242.0,23,3.45,7.23,0.2749173553719008,1578,0.09504132231404959,,,,,,,
T01346,R0080,Zone_4,1.56,9.11,17.39,Cash,2023-08-23,0,-1.3705290998694557,-1.5024856581752912,2.91180703861623,0.9400072584914712,3.018277654557314,9.0,11.147435897435898,19,Female,Mumbai,34.0,6,4.6,9.185,24.814117647058826,1951,0.17647058823529413,Zone_4,4038.0,2.46,48.2,Business,High,2.0
T01347,R0130,Zone_2,11.21,90.54,272.14,Credit Card,2023-09-30,1,1.6082369708964113,0.6656130407835841,5.609984484250279,2.502255288122613,9.515250916292224,91.0,24.27653880463871,27,Female,Pune,316.0,62,3.62,6.3625,2.836487341772152,2770,0.1962025316455696,Zone_2,6371.0,0.91,58.4,Residential,Low,0.0
T01348,R0131,Zone_2,6.04,32.61,91.44,UPI,2024-05-18,0,-0.5046699142356483,-0.4959486456016374,4.52655978540618,1.951608170169951,5.710516614107694,33.0,15.139072847682119,24,Male,Surat,99.0,7,3.6,5.394,4.396262626262627,2522,0.0707070707070707,Zone_2,6371.0,0.91,58.4,Residential,Low,0.0
T01349,R0023,Zone_7,17.16,162.72,261.85,Wallet,2024-03-08,0,1.4879170381459472,2.002420010607968,5.5715835272654575,2.8992213731731473,12.75617497528158,163.0,15.259324009324011,24,Other,Jaipur,176.0,32,3.21,8.11375,6.793295454545454,2535,0.18181818181818182,,,,,,,
T01350,R0068,Zone_6,4.85,29.0,115.16,Credit Card,2024-04-02,1,-0.22731434525207084,-0.7633100395665143,4.754968551076486,1.766441661243765,5.385164807134504,29.0,23.744329896907217,30,Female,Ahmedabad,456.0,70,4.97,7.977777777777778,2.4136622807017547,1478,0.15350877192982457,,,,,,,
T01351,R0133,Zone_6,5.12,49.57,60.88,Wallet,2024-04-17,0,-0.8620049137355694,-0.702648210683727,4.125197025704866,1.8115620965242347,7.040596565632773,50.0,11.890625,25,Female,Delhi,155.0,11,4.4,7.21,5.272709677419355,2623,0.07096774193548387,,,,,,,
T01352,R0091,Zone_5,12.02,100.94,275.23,UPI,2024-01-19,0,1.6443680294191456,0.8475985274319454,5.621233852021042,2.5664866367804233,10.046890066085126,101.0,22.89767054908486,41,Other,Surat,334.0,43,3.4,7.1257142857142854,2.7054191616766468,1615,0.12874251497005987,Zone_5,2590.0,1.31,43.9,Business,Medium,1.0
T01353,R0102,Zone_3,4.72,36.52,52.99,Cash,2023-04-16,0,-0.9542618884101235,-0.7925175868063747,3.9887988442301956,1.7439688053917064,6.043177971895251,37.0,11.226694915254239,18,Female,Chennai,123.0,22,4.1,8.9575,3.9292682926829268,1223,0.17886178861788618,Zone_3,12971.0,2.11,38.0,Business,High,2.0
T01354,R0063,Zone_6,15.56,149.46,218.79,UPI,2023-06-07,0,0.9844207986673278,1.6429425061173777,5.392672545029182,2.8069901489571136,12.225383429569806,149.0,14.061053984575835,34,Male,Surat,329.0,33,4.83,11.258333333333333,3.7828571428571425,1245,0.10030395136778116,,,,,,,
T01355,R0245,Zone_6,10.41,76.48,243.67,Wallet,2023-08-14,1,1.2753401307209284,0.4858742885382886,5.499910363831802,2.4344901638739844,8.74528444363018,76.0,23.407300672430353,35,Female,Hyderabad,265.0,48,4.73,7.944,2.8352075471698113,2388,0.1811320754716981,,,,,,,
T01356,R0098,Zone_3,6.48,51.15,142.24,Wallet,2023-06-15,0,0.08932936503778086,-0.3970923318667248,4.964521545130232,2.012232791986386,7.151922818375489,51.0,21.950617283950617,21,Other,Bengaluru,286.0,56,3.5,8.85875,3.7473776223776225,1237,0.1958041958041958,Zone_3,12971.0,2.11,38.0,Business,High,2.0
T01357,R0098,Zone_5,7.2,50.64,128.48,UPI,2023-09-15,0,-0.07156492793077023,-0.23532745484595904,4.8635264290580436,2.1041341542702074,7.116178749862878,51.0,17.84444444444444,21,Other,Bengaluru,286.0,56,3.5,8.85875,3.7473776223776225,1237,0.1958041958041958,Zone_5,2590.0,1.31,43.9,Business,Medium,1.0
T01358,R0118,Zone_4,22.25,183.6,317.32,Wallet,2023-02-14,0,2.136522156675418,3.14600782176866,5.763057166118673,3.1463051320333655,13.549907748763458,184.0,14.261573033707865,29,Male,Surat,165.0,24,4.13,9.555,3.228424242424243,1087,0.14545454545454545,Zone_4,4038.0,2.46,48.2,Business,High,2.0
T01359,R0152,Zone_6,10.44,100.29,230.32,UPI,2024-02-17,0,1.119239926423679,0.49261449174748706,5.443802033290018,2.437115985951652,10.014489502715554,100.0,22.061302681992338,34,Female,Bengaluru,143.0,24,3.91,9.706,6.395524475524475,1962,0.16783216783216784,,,,,,,
T01360,R0067,Zone_1,8.75,44.84,112.76,Cash,2023-07-09,0,-0.25537730332798075,0.1129163776293007,4.73409096605493,2.277267285009756,6.696267617113283,45.0,12.886857142857144,32,Male,Pune,348.0,9,3.38,8.697692307692307,5.302212643678161,1516,0.02586206896551724,Zone_1,4921.0,2.43,30.9,Residential,High,2.0
T01361,R0188,Zone_6,7.34,37.06,173.56,Credit Card,2023-02-11,1,0.4555509679284067,-0.20387317320303242,5.16226852208476,2.1210632163706555,6.087692502089769,37.0,23.645776566757494,24,Male,Delhi,436.0,64,3.15,6.112500000000001,1.069816513761468,2254,0.14678899082568808,,,,,,,
T01362,R0204,Zone_9,13.19,125.25,176.72,Credit Card,2024-02-07,0,0.49250052939502154,1.1104664525906898,5.180209278067708,2.6525374911719513,11.191514642799696,125.0,13.398028809704321,37,Female,Hyderabad,438.0,5,3.73,9.687142857142858,2.0578767123287673,2816,0.01141552511415525,,,,,,,
T01363,R0272,Zone_2,0.41000000000000003,2.44,4.05,Credit Card,2023-11-24,0,-1.5265123751747223,-1.7608601145279035,1.6193882432872684,0.34358970439007697,1.5620499351813308,2.0,9.878048780487804,21,Male,Kolkata,432.0,4,4.79,5.755714285714285,1.6012962962962962,2437,0.009259259259259259,Zone_2,6371.0,0.91,58.4,Residential,Low,0.0
T01364,R0044,Zone_8,7.09,40.91,95.09,UPI,2024-02-23,0,-0.4619908321618684,-0.2600415332796872,4.5652852522891765,2.0906287310704004,6.396092557178953,41.0,13.411847672778562,36,Female,Hyderabad,271.0,5,3.21,10.226,6.127380073800738,2238,0.01845018450184502,,,,,,,
T01365,R0214,Zone_7,6.17,47.6,88.34,Wallet,2023-04-12,0,-0.5409179017503654,-0.4667410983617769,4.492449315923973,1.969905654611529,6.899275324264136,48.0,14.317666126418153,20,Female,Kolkata,210.0,2,4.53,6.793333333333333,3.2461428571428574,1464,0.009523809523809525,,,,,,,
T01366,R0043,Zone_3,5.33,35.49,60.35,Cash,2024-06-16,0,-0.8682021503106663,-0.655466788219337,4.116595171156921,1.8453002361560848,5.957348403442592,35.0,11.322701688555346,28,Male,Ahmedabad,85.0,16,4.68,7.462222222222222,10.147058823529411,1742,0.18823529411764706,Zone_3,12971.0,2.11,38.0,Business,High,2.0
T01367,R0044,Zone_2,12.24,79.23,239.01,Cash,2023-08-23,0,1.2208512204568698,0.8970266842994018,5.4806805891406265,2.5832425505088623,8.901123524589467,79.0,19.526960784313726,36,Female,Hyderabad,271.0,5,3.21,10.226,6.127380073800738,2238,0.01845018450184502,Zone_2,6371.0,0.91,58.4,Residential,Low,0.0
T01368,R0265,Zone_8,14.91,122.7,124.55,UPI,2024-03-12,0,-0.11751802178007283,1.496904769918075,4.832704085603594,2.7669478423496954,11.077003204838391,123.0,8.353454057679409,39,Female,Bengaluru,176.0,24,3.26,11.219999999999999,3.4528977272727275,2121,0.13636363636363635,,,,,,,
T01369,R0128,Zone_10,11.03,62.96,88.9,Cash,2023-06-05,0,-0.5343698781993197,0.6251718215283923,4.498697941477575,2.4874035299865875,7.934733769950949,63.0,8.059836808703537,35,Male,Jaipur,26.0,4,4.31,11.03,3.4192307692307695,1743,0.15384615384615385,,,,,,,
T01370,R0204,Zone_1,11.2,65.39,91.6,UPI,2024-03-26,0,-0.502799050363921,0.6633663063805176,4.528289141652134,2.501435951739211,8.086408349817612,65.0,8.178571428571429,37,Female,Hyderabad,438.0,5,3.73,9.687142857142858,2.0578767123287673,2816,0.01141552511415525,Zone_1,4921.0,2.43,30.9,Residential,High,2.0
T01371,R0216,Zone_9,0.58,3.43,7.88,Cash,2023-07-12,0,-1.4817285712452493,-1.7226656296757783,2.1838015570040787,0.4574248470388754,1.8520259177452134,3.0,13.586206896551724,44,Female,Chennai,335.0,24,3.4,5.928,1.4891940298507462,2604,0.07164179104477612,,,,,,,
T01372,R0153,Zone_2,4.61,32.97,105.47,Credit Card,2024-07-25,0,-0.34061853848355755,-0.8172316652401027,4.667863255326515,1.724550719534605,5.741950887982237,33.0,22.878524945770064,20,Male,Mumbai,76.0,14,4.54,5.768,6.065131578947368,2327,0.18421052631578946,Zone_2,6371.0,0.91,58.4,Residential,Low,0.0
T01373,R0210,Zone_5,15.37,150.01,128.24,UPI,2023-07-18,0,-0.07437122373836101,1.6002545524591196,4.861671140956298,2.7954503913830435,12.247856955402442,150.0,8.343526350032532,34,Other,Mumbai,94.0,5,3.4,10.135,5.512659574468086,1719,0.05319148936170213,Zone_5,2590.0,1.31,43.9,Business,Medium,1.0
T01374,R0294,Zone_8,5.38,40.34,51.92,UPI,2023-06-23,0,-0.9667732905523002,-0.644233116204006,3.968781339246755,1.8531680973566984,6.351377803280167,40.0,9.650557620817844,24,Male,Surat,41.0,7,3.2,8.097142857142858,20.37560975609756,1994,0.17073170731707318,,,,,,,
T01375,R0104,Zone_5,7.32,40.19,66.74,Wallet,2023-07-13,0,-0.7934845244335558,-0.20836664200916472,4.215676847389625,2.1186622548331173,6.339558344238185,40.0,9.117486338797812,52,Male,Kolkata,328.0,1,3.7,5.187777777777779,2.3335060975609756,1939,0.003048780487804878,Zone_5,2590.0,1.31,43.9,Business,Medium,1.0
T01376,R0017,Zone_7,3.9699999999999998,27.58,71.92,Credit Card,2024-07-30,0,-0.7329153065863833,-0.9610226670363392,4.289362949810462,1.6034198401085373,5.251666402200353,28.0,18.115869017632242,49,Female,Mumbai,288.0,21,3.83,7.997142857142857,2.820520833333333,1279,0.07291666666666667,,,,,,,
T01377,R0007,Zone_8,3.33,22.94,82.97,Cash,2023-11-22,1,-0.6037087704452141,-1.1048136688325754,4.430459592195472,1.4655675420143985,4.789572005931219,23.0,24.915915915915914,18,Female,Mumbai,458.0,82,4.03,6.603333333333334,1.3033187772925765,2001,0.17903930131004367,,,,,,,
T01378,R0285,Zone_2,5.65,33.33,140.2,Credit Card,2023-02-02,1,0.06547585067325709,-0.5835712873212188,4.950177325059141,1.8946168546677629,5.773214009544423,33.0,24.814159292035395,29,Female,Chennai,244.0,16,4.97,6.987777777777778,4.521639344262295,2807,0.06557377049180328,Zone_2,6371.0,0.91,58.4,Residential,Low,0.0
T01379,R0119,Zone_8,4.69,28.13,49.68,Cash,2024-07-21,0,-0.9929653847564828,-0.7992577900155732,3.925531355452938,1.7387102481382397,5.303772242470448,28.0,10.59275053304904,47,Male,Hyderabad,30.0,1,4.39,5.846,13.431333333333333,1231,0.03333333333333333,,,,,,,
T01380,R0243,Zone_7,12.79,100.65,278.98,Credit Card,2023-01-04,0,1.6882164014127552,1.020597076468042,5.6347181720466795,2.6239436918052106,10.032447358446493,101.0,21.812353401094608,33,Male,Jaipur,315.0,11,3.7,7.901428571428572,3.011206349206349,1319,0.03492063492063492,,,,,,,
T01381,R0164,Zone_7,9.08,56.55,82.43,UPI,2023-05-12,0,-0.6100229360122938,0.18705861293048504,4.424007956913983,2.3105532626432224,7.519973404208288,57.0,9.07819383259912,37,Other,Ahmedabad,249.0,23,4.02,8.356666666666667,7.062208835341366,1534,0.09236947791164658,,,,,,,
T01382,R0039,Zone_9,13.09,76.06,231.95,Credit Card,2024-03-08,0,1.1382993521169011,1.087999108560028,5.450823838262806,2.645465325910589,8.721238444166058,76.0,17.7196333078686,24,Male,Chennai,190.0,14,4.2,4.837142857142857,2.674,1034,0.07368421052631578,,,,,,,
T01383,R0171,Zone_3,1.06,10.23,25.97,UPI,2023-05-17,1,-1.2702040247480775,-1.6148223783286009,3.2947251371516386,0.7227059828014898,3.1984371183438953,10.0,24.499999999999996,23,Female,Jaipur,276.0,19,4.3,3.0300000000000002,0.518550724637681,2684,0.06884057971014493,Zone_3,12971.0,2.11,38.0,Business,High,2.0
T01384,R0201,Zone_9,14.13,71.29,140.88,UPI,2023-02-28,0,0.07342702212809835,1.3216594864789122,4.954981629905421,2.7166795278002644,8.443340571124677,71.0,9.970276008492569,37,Female,Delhi,183.0,15,3.84,9.668571428571429,5.856830601092896,1990,0.08196721311475409,,,,,,,
T01385,R0121,Zone_2,8.11,70.94,165.6,Cash,2023-06-29,0,0.36247549030997167,-0.030874624166935732,5.115595729732743,2.209372711271867,8.422588675698226,71.0,20.419235511713936,29,Male,Pune,378.0,10,4.17,7.996363636363636,3.8740211640211637,1162,0.026455026455026454,Zone_2,6371.0,0.91,58.4,Residential,Low,0.0
T01386,R0001,Zone_5,17.2,132.29,251.19,Credit Card,2024-08-09,0,1.3632707326921134,2.011406948220233,5.530182771674116,2.9014215940827497,11.501738998951419,132.0,14.60406976744186,23,Male,Pune,56.0,0,3.76,10.42,5.670892857142857,2271,0.0,Zone_5,2590.0,1.31,43.9,Business,Medium,1.0
T01387,R0085,Zone_8,7.74,70.43,66.39,Cash,2023-08-17,0,-0.7975770391529593,-0.11400379708038466,4.2104966389581255,2.167910189667444,8.392258337301111,70.0,8.577519379844961,29,Female,Chennai,94.0,12,4.95,8.798,5.4245744680851065,1461,0.1276595744680851,,,,,,,
T01388,R0288,Zone_6,0.53,4.2,5.69,UPI,2023-09-06,0,-1.5073360204895172,-1.733899301691109,1.900613874140137,0.4252677354043441,2.04939015319192,4.0,10.735849056603774,42,Male,Ahmedabad,43.0,5,4.56,6.51,18.50232558139535,1844,0.11627906976744186,,,,,,,
T01389,R0011,Zone_3,14.42,131.06,305.27,Cash,2023-07-02,0,1.9956227213359525,1.3868147841678315,5.7244670658490335,2.7356653681351832,11.448143954370945,131.0,21.169902912621357,26,Male,Chennai,208.0,34,4.0,8.896,7.842403846153845,2347,0.16346153846153846,Zone_3,12971.0,2.11,38.0,Business,High,2.0
T01390,R0203,Zone_6,7.32,57.56,174.24,UPI,2023-11-26,1,0.46350213938324797,-0.20836664200916472,5.166156462945698,2.1186622548331173,7.586830695356263,58.0,23.80327868852459,49,Female,Bengaluru,152.0,9,3.6,7.756,4.596381578947369,1150,0.05921052631578947,,,,,,,
T01391,R0295,Zone_7,2.76,17.59,28.06,UPI,2024-04-19,0,-1.245765865423639,-1.2328775298073484,3.369362658142137,1.324418957401803,4.194043395102153,18.0,10.166666666666668,18,Female,Delhi,98.0,18,3.59,4.974444444444444,5.34734693877551,2668,0.1836734693877551,,,,,,,
T01392,R0125,Zone_5,8.73,59.38,134.85,UPI,2023-05-11,0,0.0029188399623743724,0.10842290882316839,4.911551335872357,2.2752138961979136,7.705841939723395,59.0,15.446735395189002,44,Male,Ahmedabad,99.0,19,3.89,9.295,11.28040404040404,1244,0.1919191919191919,Zone_5,2590.0,1.31,43.9,Business,Medium,1.0
T01393,R0214,Zone_8,9.16,86.66,183.4,UPI,2023-05-15,0,0.5706090960396379,0.2050324881550146,5.2171073111224935,2.318458442150336,9.309135298189624,87.0,20.021834061135372,20,Female,Kolkata,210.0,2,4.53,6.793333333333333,3.2461428571428574,1464,0.009523809523809525,,,,,,,
T01394,R0100,Zone_8,13.38,119.64,265.91,Credit Card,2023-10-24,0,1.5353902088910285,1.1531544062489478,5.586911522924786,2.6658383522929006,10.938007131100253,120.0,19.873692077727952,28,Male,Delhi,383.0,60,3.79,8.454166666666667,4.327650130548303,1942,0.1566579634464752,,,,,,,
T01395,R0284,Zone_9,9.94,55.38,141.77,Wallet,2023-12-16,0,0.08383370241458182,0.3802777715941774,4.961234943801129,2.392425796993835,7.441773982055623,55.0,14.2625754527163,28,Female,Surat,135.0,19,4.95,8.70142857142857,7.306148148148148,2605,0.14074074074074075,,,,,,,
T01396,R0129,Zone_6,13.74,86.72,322.3,Cash,2023-06-12,1,2.1947527946829313,1.2340368447593306,5.778580684731388,2.6905648867611904,9.312357381458252,87.0,23.457059679767102,35,Male,Hyderabad,158.0,10,3.9,8.17090909090909,9.54620253164557,1440,0.06329113924050633,,,,,,,
T01397,R0024,Zone_8,5.63,36.68,96.95,Credit Card,2023-05-07,0,-0.44024203965303815,-0.5880647561273512,4.58445714439055,1.891604804197771,6.056401571890688,37.0,17.2202486678508,41,Other,Chennai,140.0,16,3.49,7.7425,3.4135,2626,0.11428571428571428,,,,,,,
T01398,R0176,Zone_7,17.63,136.49,373.6,Wallet,2024-01-10,0,2.7945985235555084,2.108016527552079,5.925858790009988,2.924773184613497,11.682893477217021,136.0,21.191151446398187,43,Male,Mumbai,260.0,13,3.95,15.176666666666664,6.3002692307692305,2673,0.05,,,,,,,
T01399,R0015,Zone_9,0.59,4.04,7.02,Credit Card,2023-04-18,0,-1.4917844645557838,-1.720418895272712,2.081938421878423,0.4637340162321401,2.009975124224178,4.0,11.898305084745763,28,Other,Chennai,46.0,1,3.87,6.0,12.996739130434783,1368,0.021739130434782608,,,,,,,
T01400,R0186,Zone_6,10.73,82.44,247.47,Wallet,2023-06-05,0,1.3197731476744528,0.5577697894364068,5.515322113902837,2.462149662665384,9.079647570252934,82.0,23.06337371854613,18,Other,Hyderabad,373.0,19,3.26,9.797142857142857,2.5169436997319035,2106,0.05093833780160858,,,,,,,
T01401,R0040,Zone_9,10.06,55.66,185.32,Wallet,2023-11-28,0,0.5930594625003658,0.40723858443097194,5.227465625576086,2.403334996094189,7.4605629814377945,56.0,18.421471172962224,34,Other,Surat,485.0,36,4.41,8.045,2.352061855670103,1231,0.07422680412371134,,,,,,,
T01402,R0045,Zone_10,5.89,32.55,119.72,Cash,2024-06-01,0,-0.17399472490784174,-0.5296496616476303,4.793473814459594,1.9300710850255671,5.705260730238365,33.0,20.32597623089983,34,Other,Ahmedabad,100.0,16,4.88,9.725555555555555,15.298499999999999,1163,0.16,,,,,,,
T01403,R0117,Zone_7,4.13,27.22,97.9,UPI,2024-06-13,1,-0.4291337854146571,-0.92507491658728,4.594109238628667,1.6351056591826783,5.217278984298233,27.0,23.704600484261505,21,Female,Ahmedabad,369.0,37,3.16,5.837999999999999,1.3319241192411924,1923,0.1002710027100271,,,,,,,
T01404,R0300,Zone_9,6.13,37.67,146.58,UPI,2023-12-05,1,0.14007654755838486,-0.4757280359740417,4.994370401630221,1.9643112344262046,6.137589103222861,38.0,23.911908646003265,38,Female,Kolkata,291.0,7,3.67,9.146666666666667,3.4253264604810996,1167,0.024054982817869417,,,,,,,
T01405,R0133,Zone_8,6.27,38.18,61.68,Cash,2023-05-09,0,-0.8526505943769327,-0.44427375433111504,4.13804241748782,1.9837562915454279,6.178996682310163,38.0,9.83732057416268,25,Female,Delhi,155.0,11,4.4,7.21,5.272709677419355,2623,0.07096774193548387,,,,,,,
T01406,R0031,Zone_6,1.73,13.13,34.58,UPI,2023-10-18,0,-1.16952816265075,-1.464291173323166,3.571783682237689,1.0043016091968684,3.623534186398688,13.0,19.98843930635838,29,Female,Hyderabad,230.0,21,4.62,9.016666666666667,1.699173913043478,1239,0.09130434782608696,,,,,,,
T01407,R0002,Zone_6,12.96,74.47,204.25,Cash,2023-01-13,0,0.8144060443241062,1.0587915613201677,5.324228748332538,2.6361960973342264,8.629600222490032,74.0,15.76003086419753,39,Female,Mumbai,70.0,5,4.12,10.812857142857142,16.794428571428572,2490,0.07142857142857142,,,,,,,
T01408,R0285,Zone_4,2.54,19.25,48.66,Credit Card,2023-04-17,0,-1.0048921419387447,-1.2823056866748046,3.9051997800800207,1.264126727145683,4.387482193696061,19.0,19.15748031496063,29,Female,Chennai,244.0,16,4.97,6.987777777777778,4.521639344262295,2807,0.06557377049180328,Zone_4,4038.0,2.46,48.2,Business,High,2.0
T01409,R0164,Zone_5,13.12,84.41,167.66,UPI,2024-08-08,0,0.3865628626584611,1.0947393117692263,5.127884854146496,2.647592232065096,9.187491496594705,84.0,12.778963414634147,37,Other,Ahmedabad,249.0,23,4.02,8.356666666666667,7.062208835341366,1534,0.09236947791164658,Zone_5,2590.0,1.31,43.9,Business,Medium,1.0
T01410,R0144,Zone_5,0.9400000000000001,7.98,19.79,Credit Card,2023-12-14,0,-1.342466141793546,-1.6417831911653953,3.0344721018699214,0.6626879730752369,2.824889378365107,8.0,21.0531914893617,34,Other,Pune,194.0,10,3.52,9.385555555555555,8.002319587628865,2055,0.05154639175257732,Zone_5,2590.0,1.31,43.9,Business,Medium,1.0
T01411,R0027,Zone_2,7.11,69.09,64.67,Cash,2023-09-13,0,-0.8176888257740281,-0.2555480644735547,4.184642200202881,2.0930978681273213,8.312039460926542,69.0,9.09563994374121,39,Male,Jaipur,403.0,61,3.98,7.22875,2.050620347394541,2539,0.1513647642679901,Zone_2,6371.0,0.91,58.4,Residential,Low,0.0
T01412,R0049,Zone_9,7.19,66.72,108.1,Wallet,2024-05-03,0,-0.30986621359203953,-0.23757418924902518,4.692264892839025,2.1029138978649784,8.168231142664855,67.0,15.034770514603615,39,Male,Mumbai,375.0,55,4.4,9.728333333333333,2.6144,2312,0.14666666666666667,,,,,,,
T01413,R0298,Zone_1,7.92,77.03,135.54,Wallet,2024-06-29,0,0.010986940409198481,-0.07356257782519326,4.916617611990135,2.188295946591918,8.776673629570602,77.0,17.113636363636363,35,Female,Ahmedabad,65.0,11,3.88,9.027142857142858,15.421692307692307,2367,0.16923076923076924,Zone_1,4921.0,2.43,30.9,Residential,High,2.0
T01414,R0208,Zone_10,12.78,126.74,130.84,Credit Card,2023-04-01,0,-0.04396968582279187,1.018350342064976,4.881589066161162,2.6232182655855123,11.257886124845996,127.0,10.237871674491394,24,Other,Chennai,356.0,53,4.75,8.236666666666666,1.691376404494382,2444,0.14887640449438203,,,,,,,
T01415,R0213,Zone_7,6.99,58.93,104.49,UPI,2023-09-20,0,-0.35207757969788755,-0.28250887731034907,4.658616161693717,2.0781907597781832,7.676587783644502,59.0,14.948497854077251,29,Female,Chennai,456.0,26,3.74,6.7877777777777775,2.3342105263157893,2662,0.05701754385964912,,,,,,,
T01416,R0230,Zone_7,5.71,44.65,129.96,Credit Card,2023-09-06,0,-0.05425943711729216,-0.5700908809028217,4.874891933062879,1.9035989509835904,6.682065548915245,45.0,22.760070052539405,32,Male,Chennai,183.0,23,3.65,7.3325,4.962950819672131,1395,0.12568306010928962,,,,,,,
T01417,R0252,Zone_2,7.0,46.27,159.39,Credit Card,2024-06-09,0,0.2898625862885544,-0.2802621429072829,5.077608349349287,2.0794415416798357,6.802205524680947,46.0,22.77,38,Other,Ahmedabad,392.0,47,4.83,6.275625,4.290943877551021,2185,0.11989795918367346,Zone_2,6371.0,0.91,58.4,Residential,Low,0.0
T01418,R0010,Zone_3,12.91,90.86,182.77,Credit Card,2024-01-21,0,0.5632425695447115,1.0475578893048365,5.213684975707333,2.6326080059353516,9.53205119583398,91.0,14.15724244771495,25,Female,Surat,173.0,1,3.38,9.472222222222221,6.962485549132948,1222,0.005780346820809248,Zone_3,12971.0,2.11,38.0,Business,High,2.0
T01419,R0218,Zone_2,1.97,18.82,34.15,Wallet,2023-12-18,0,-1.1745561093060173,-1.4103695476495777,3.5596246182566738,1.0885619528146082,4.338202392696772,19.0,17.33502538071066,34,Other,Delhi,160.0,16,3.87,8.34,4.5341875,2806,0.1,Zone_2,6371.0,0.91,58.4,Residential,Low,0.0
T01420,R0057,Zone_10,2.9,25.97,24.86,Wallet,2023-03-21,0,-1.283183142858186,-1.2014232481644216,3.2526973733437115,1.3609765531356006,5.096076922496363,26.0,8.572413793103449,39,Male,Bengaluru,407.0,11,3.66,7.716923076923076,3.9414742014742012,1201,0.02702702702702703,,,,,,,
T01421,R0107,Zone_10,1.78,14.81,22.31,Credit Card,2023-12-17,0,-1.3130000358138403,-1.453057501307835,3.1488824530476656,1.0224509277025458,3.8483762809787714,15.0,12.53370786516854,33,Male,Hyderabad,179.0,14,3.66,6.514,3.5079888268156427,2441,0.0782122905027933,,,,,,,
T01422,R0237,Zone_5,18.14,94.02,391.32,UPI,2024-03-24,0,3.00179669734931,2.222599982108455,5.972077833307792,2.9517803860248084,9.69639108122192,94.0,21.57221609702315,40,Male,Chennai,36.0,3,3.71,9.737,49.20527777777777,1374,0.08333333333333333,Zone_5,2590.0,1.31,43.9,Business,Medium,1.0
T01423,R0165,Zone_1,2.2,16.41,44.97,Wallet,2024-08-18,0,-1.0480389399804564,-1.3586946563790552,3.8279890098181366,1.1631508098056809,4.050925820105819,16.0,20.440909090909088,37,Female,Kolkata,34.0,5,3.27,7.785,22.932352941176468,1743,0.14705882352941177,Zone_1,4921.0,2.43,30.9,Residential,High,2.0
T01424,R0244,Zone_10,1.43,12.15,17.42,Cash,2023-05-30,0,-1.370178312893507,-1.531693205415152,2.913437030827161,0.8878912573524571,3.4856850115866753,12.0,12.181818181818183,24,Female,Kolkata,27.0,1,3.13,8.8275,24.00777777777778,2705,0.037037037037037035,,,,,,,
T01425,R0226,Zone_6,3.96,38.4,88.17,Credit Card,2023-06-28,0,-0.5429056946140757,-0.9632694014394053,4.490544660146788,1.601405740736836,6.196773353931867,38.0,22.265151515151516,20,Other,Surat,266.0,2,3.25,7.601428571428571,3.408571428571429,1875,0.007518796992481203,,,,,,,
T01426,R0022,Zone_6,4.94,31.28,82.58,UPI,2023-05-09,0,-0.6082690011325496,-0.7430894299389184,4.425804257019769,1.7817091333745536,5.592852581643825,31.0,16.7165991902834,43,Female,Kolkata,220.0,1,3.32,7.464285714285714,3.760090909090909,2194,0.004545454545454545,,,,,,,
T01427,R0182,Zone_4,15.33,112.66,335.84,Wallet,2023-07-22,0,2.3530746498278567,1.5912676148468552,5.819608040161792,2.7930039069823738,10.61414151026827,113.0,21.907371167645138,43,Male,Jaipur,8.0,0,4.4,9.906,104.47625,2178,0.0,Zone_4,4038.0,2.46,48.2,Business,High,2.0
T01428,R0144,Zone_2,5.68,49.78,101.56,Cash,2024-01-19,0,-0.38633777434889427,-0.5768310841120203,4.63044799317236,1.8991179875485542,7.055494312945054,50.0,17.880281690140848,34,Other,Pune,194.0,10,3.52,9.385555555555555,8.002319587628865,2055,0.05154639175257732,Zone_2,6371.0,0.91,58.4,Residential,Low,0.0
T01429,R0269,Zone_8,9.46,75.28,201.31,Credit Card,2023-11-18,0,0.7800289206811165,0.2724345202470005,5.309801174489323,2.347558458636777,8.676404785393544,75.0,21.28012684989429,41,Male,Mumbai,423.0,16,3.41,9.008571428571429,3.4486288416075648,2678,0.037825059101654845,,,,,,,
T01430,R0164,Zone_1,0.9500000000000001,6.29,8.12,Cash,2024-05-06,0,-1.4789222754376583,-1.6395364567623292,2.21046980408624,0.6678293725756554,2.5079872407968904,6.0,8.54736842105263,37,Other,Ahmedabad,249.0,23,4.02,8.356666666666667,7.062208835341366,1534,0.09236947791164658,Zone_1,4921.0,2.43,30.9,Residential,High,2.0
T01431,R0243,Zone_9,9.04,70.93,73.6,UPI,2024-06-16,0,-0.7132712359332463,0.17807167531822007,4.312140507209715,2.306577114263583,8.421995013059554,71.0,8.141592920353983,33,Male,Jaipur,315.0,11,3.7,7.901428571428572,3.011206349206349,1319,0.03492063492063492,,,,,,,
T01432,R0105,Zone_7,0.24,2.31,4.63,Credit Card,2023-01-10,0,-1.519730493639711,-1.7990545993800287,1.728109442151599,0.2151113796169455,1.5198684153570663,2.0,19.291666666666668,31,Female,Jaipur,346.0,9,3.69,7.933333333333334,3.7604624277456646,2180,0.02601156069364162,,,,,,,
T01433,R0027,Zone_5,6.43,45.88,95.97,UPI,2023-12-25,0,-0.4517010808673681,-0.4083260038820559,4.574401652316455,2.005525858729668,6.77347768875044,46.0,14.925349922239503,39,Male,Jaipur,403.0,61,3.98,7.22875,2.050620347394541,2539,0.1513647642679901,Zone_5,2590.0,1.31,43.9,Business,Medium,1.0
T01434,R0262,Zone_4,4.2,36.03,76.18,Credit Card,2024-08-03,0,-0.6831035560016429,-0.9093477757658167,4.346140356109473,1.6486586255873816,6.002499479383568,36.0,18.13809523809524,30,Male,Ahmedabad,6.0,0,3.35,6.624444444444445,161.22666666666666,2706,0.0,Zone_4,4038.0,2.46,48.2,Business,High,2.0
T01435,R0019,Zone_8,8.29,41.99,98.89,UPI,2023-03-19,0,-0.41755781520834423,0.00956659508825566,4.604069580544058,2.2289385528257473,6.479969135728966,42.0,11.928829915560918,40,Other,Mumbai,266.0,24,4.08,7.75,2.3796616541353384,1264,0.09022556390977443,,,,,,,
T01436,R0010,Zone_10,11.17,104.95,226.98,Cash,2023-01-25,0,1.0801856431013708,0.6566261031713192,5.429257905808632,2.498973906999436,10.244510725261602,105.0,20.32050134288272,25,Female,Surat,173.0,1,3.38,9.472222222222221,6.962485549132948,1222,0.005780346820809248,,,,,,,
T01437,R0030,Zone_6,1.32,7.44,29.58,Cash,2024-04-17,0,-1.2279926586422294,-1.55640728384888,3.420346200500916,0.8415671856782186,2.727636339397171,7.0,22.409090909090907,25,Other,Mumbai,442.0,58,3.72,7.368181818181818,3.581809954751131,2078,0.13122171945701358,,,,,,,
T01438,R0095,Zone_10,2.32,15.32,24.12,Wallet,2023-06-18,0,-1.2918358882649248,-1.3317338435422608,3.223664341599998,1.199964782928397,3.9140771581561853,15.0,10.396551724137932,29,Female,Chennai,481.0,77,4.26,8.826923076923077,4.085571725571726,2171,0.1600831600831601,,,,,,,
T01439,R0090,Zone_3,8.97,66.47,86.98,Wallet,2024-03-03,0,-0.5568202446600478,0.16234453449675706,4.477109515920573,2.299580583973747,8.152913589631623,66.0,9.696767001114827,33,Female,Mumbai,152.0,25,4.51,10.813,12.998355263157896,2055,0.16447368421052633,Zone_3,12971.0,2.11,38.0,Business,High,2.0
T01440,R0184,Zone_8,11.44,107.46,187.99,Cash,2024-07-09,0,0.6242795033598159,0.7172879320541062,5.241694103606946,2.5209170873110334,10.366291525902597,107.0,16.43269230769231,29,Female,Surat,285.0,27,3.97,8.645,4.2551578947368425,2388,0.09473684210526316,,,,,,,
T01441,R0262,Zone_5,15.09,94.9,262.4,UPI,2024-01-03,0,1.4943481327050094,1.5373459891732664,5.573673789309181,2.7781979610042917,9.741663102366044,95.0,17.388999337309475,30,Male,Ahmedabad,6.0,0,3.35,6.624444444444445,161.22666666666666,2706,0.0,Zone_5,2590.0,1.31,43.9,Business,Medium,1.0
T01442,R0132,Zone_3,5.64,55.5,111.73,Cash,2023-08-05,0,-0.2674209895022255,-0.5858180217242851,4.72499557905644,1.8931119634883424,7.44983221287567,56.0,19.810283687943265,23,Male,Surat,484.0,25,3.32,6.309090909090909,2.2556404958677687,1378,0.05165289256198347,Zone_3,12971.0,2.11,38.0,Business,High,2.0
T01443,R0139,Zone_2,0.54,2.74,12.47,UPI,2023-05-28,0,-1.4280581639250713,-1.731652567288043,2.6004649904222727,0.43178241642553783,1.6552945357246849,3.0,23.09259259259259,44,Other,Kolkata,155.0,7,4.39,7.365,6.466,1074,0.04516129032258064,Zone_2,6371.0,0.91,58.4,Residential,Low,0.0
T01444,R0232,Zone_5,8.93,48.23,144.17,Wallet,2024-02-21,0,0.11189666049049159,0.15335759688449208,4.9779054694733365,2.295560478057081,6.944782214007866,48.0,16.144456886898094,38,Male,Jaipur,172.0,15,3.94,7.169230769230769,8.667674418604651,1379,0.0872093023255814,Zone_5,2590.0,1.31,43.9,Business,Medium,1.0
T01445,R0146,Zone_9,4.03,29.85,74.2,UPI,2024-08-10,0,-0.7062554964142687,-0.9475422606179419,4.320151230955794,1.6154199841116479,5.463515351859094,30.0,18.411910669975185,30,Male,Surat,80.0,11,3.89,9.634285714285713,11.730875000000001,2346,0.1375,,,,,,,
T01446,R0236,Zone_9,3.38,17.1,61.12,Cash,2024-04-15,0,-0.8591986179279784,-1.0935799968172444,4.129067998280486,1.4770487243883548,4.135214625627067,17.0,18.08284023668639,28,Male,Ahmedabad,61.0,1,3.36,4.546363636363636,12.599016393442623,2229,0.01639344262295082,,,,,,,
T01447,R0204,Zone_2,15.04,124.93,217.68,Credit Card,2023-08-22,0,0.9714416805572196,1.5261123171579354,5.387609474026799,2.7750856024383683,11.177208953938367,125.0,14.473404255319151,37,Female,Hyderabad,438.0,5,3.73,9.687142857142858,2.0578767123287673,2816,0.01141552511415525,Zone_2,6371.0,0.91,58.4,Residential,Low,0.0
T01448,R0095,Zone_10,11.09,79.83,177.19,Credit Card,2023-04-29,0,0.4979961920182206,0.6386522279467896,5.182850396739323,2.492378664626701,8.934763567101259,80.0,15.97745716862038,29,Female,Chennai,481.0,77,4.26,8.826923076923077,4.085571725571726,2171,0.1600831600831601,,,,,,,
T01449,R0041,Zone_1,4.36,36.21,73.04,Wallet,2024-08-10,0,-0.7198192594842918,-0.8734000253167575,4.304605487705297,1.6789639750827108,6.017474553332153,36.0,16.75229357798165,25,Other,Pune,353.0,8,4.74,8.428,1.9891218130311614,2350,0.0226628895184136,Zone_1,4921.0,2.43,30.9,Residential,High,2.0
T01450,R0095,Zone_1,7.91,57.89,184.42,Cash,2023-01-11,1,0.5825358532218995,-0.07580931222825942,5.222623522178837,2.187174241482718,7.608547824650904,58.0,23.314791403286975,29,Female,Chennai,481.0,77,4.26,8.826923076923077,4.085571725571726,2171,0.1600831600831601,Zone_1,4921.0,2.43,30.9,Residential,High,2.0
T01451,R0090,Zone_4,7.57,66.04,94.64,Credit Card,2023-01-17,0,-0.4672526368011016,-0.15219828193250992,4.560591142590124,2.1482677326096886,8.126499861564017,66.0,12.501981505944517,33,Female,Mumbai,152.0,25,4.51,10.813,12.998355263157896,2055,0.16447368421052633,Zone_4,4038.0,2.46,48.2,Business,High,2.0
T01452,R0216,Zone_1,8.83,58.43,130.74,UPI,2023-05-21,0,-0.045138975742621386,0.13089025285383024,4.880830283212547,2.285438934159075,7.643951857514541,58.0,14.80634201585504,44,Female,Chennai,335.0,24,3.4,5.928,1.4891940298507462,2604,0.07164179104477612,Zone_1,4921.0,2.43,30.9,Residential,High,2.0
T01453,R0112,Zone_1,5.97,39.87,48.61,Credit Card,2023-11-23,0,-1.0054767868986594,-0.5116757864231007,3.9041924263129575,1.9416152247724325,6.314269553954756,40.0,8.142378559463987,41,Female,Delhi,311.0,11,3.24,8.953,3.6986173633440513,2134,0.03536977491961415,Zone_1,4921.0,2.43,30.9,Residential,High,2.0
T01454,R0026,Zone_3,1.5,13.48,22.54,Credit Card,2023-01-16,0,-1.3103106689982322,-1.5159660645936885,3.1587011018321305,0.9162907318741551,3.671511950137164,13.0,15.026666666666666,26,Female,Surat,44.0,5,3.17,8.81,22.11795454545455,2344,0.11363636363636363,Zone_3,12971.0,2.11,38.0,Business,High,2.0
T01455,R0248,Zone_8,3.12,16.59,37.83,Wallet,2023-11-11,0,-1.1315262402562887,-1.1519950912969654,3.659193143743576,1.415853163361435,4.07308237088326,17.0,12.124999999999998,18,Female,Chennai,104.0,12,3.65,8.245714285714286,9.03519230769231,1789,0.11538461538461539,,,,,,,
T01456,R0014,Zone_6,5.34,32.55,116.6,Wallet,2023-09-13,0,-0.21047657040652484,-0.6532200538162708,4.767289035464526,1.8468787684491346,5.705260730238365,33.0,21.835205992509362,26,Female,Ahmedabad,325.0,53,3.0,7.031666666666666,2.710769230769231,1927,0.16307692307692306,,,,,,,
T01457,R0197,Zone_10,8.14,59.34,155.04,Cash,2023-10-27,0,0.2389984747759675,-0.0241344209577369,5.050112384638456,2.2126603854660587,7.703246069028303,59.0,19.046683046683043,29,Female,Bengaluru,475.0,87,3.87,7.108,2.042063157894737,2170,0.1831578947368421,,,,,,,
T01458,R0197,Zone_8,2.59,24.08,23.54,Credit Card,2023-04-17,0,-1.2986177697999364,-1.2710720146594736,3.2003044392827653,1.2781522025001875,4.907137658554118,24.0,9.08880308880309,29,Female,Bengaluru,475.0,87,3.87,7.108,2.042063157894737,2170,0.1831578947368421,,,,,,,
T01459,R0050,Zone_8,8.93,49.33,120.64,UPI,2024-04-09,0,-0.16323725764540956,0.15335759688449208,4.801065862809164,2.295560478057081,7.02353187506115,49.0,13.509518477043674,49,Male,Ahmedabad,330.0,41,3.42,8.585714285714285,2.775181818181818,1442,0.12424242424242424,,,,,,,
T01460,R0144,Zone_4,6.09,45.45,95.39,UPI,2024-03-22,0,-0.4584829624023797,-0.48471497358630644,4.568402461795877,1.958685340544036,6.74166151627327,45.0,15.663382594417078,34,Other,Pune,194.0,10,3.52,9.385555555555555,8.002319587628865,2055,0.05154639175257732,Zone_4,4038.0,2.46,48.2,Business,High,2.0
T01461,R0086,Zone_6,4.2,35.0,45.3,Wallet,2023-06-28,0,-1.0441802832450187,-0.9093477757658167,3.835141961092188,1.6486586255873816,5.916079783099616,35.0,10.785714285714285,23,Male,Hyderabad,337.0,17,4.56,10.780000000000001,3.352581602373887,2505,0.050445103857566766,,,,,,,
T01462,R0020,Zone_9,1.65,12.51,16.27,Cash,2024-02-07,0,-1.3836251469715473,-1.4822650485476956,2.848970892158587,0.9745596399981308,3.5369478367654787,13.0,9.860606060606061,35,Female,Chennai,274.0,21,4.03,7.692857142857143,2.722846715328467,2557,0.07664233576642336,,,,,,,
T01463,R0006,Zone_9,10.23,71.51,162.16,Credit Card,2023-03-13,0,0.322251917067834,0.4454330692830972,5.094731314449358,2.418588768750352,8.456358554366059,72.0,15.851417399804495,45,Female,Jaipur,248.0,13,4.64,9.034285714285714,4.417056451612903,1175,0.05241935483870968,,,,,,,
T01464,R0079,Zone_1,10.12,57.51,203.24,Cash,2023-07-30,0,0.8025962161338276,0.4207189908493688,5.319295772933229,2.4087452888224363,7.583534795858722,58.0,20.08300395256917,25,Male,Bengaluru,146.0,28,4.92,9.115,4.194589041095891,2185,0.1917808219178082,Zone_1,4921.0,2.43,30.9,Residential,High,2.0
T01465,R0137,Zone_10,12.0,79.86,296.06,Cash,2024-05-01,1,1.887931119719648,0.8431050586258131,5.693934138601387,2.5649493574615367,8.936442245099556,80.0,24.671666666666667,27,Male,Bengaluru,166.0,32,3.14,11.76142857142857,9.032349397590362,1864,0.1927710843373494,,,,,,,
T01466,R0013,Zone_10,10.75,59.64,144.88,Cash,2024-04-15,0,0.12019861892128174,0.5622632582425391,4.982784365940479,2.463853240590168,7.722693830523129,60.0,13.477209302325582,43,Female,Kolkata,6.0,0,3.91,8.945555555555556,238.80666666666664,2726,0.0,,,,,,,
T01467,R0263,Zone_3,11.12,97.41,93.08,UPI,2023-09-08,0,-0.48549355955044315,0.645392431155988,4.544145484150317,2.4948569806411682,9.869650449737316,97.0,8.370503597122303,31,Other,Chennai,297.0,21,3.84,8.718333333333332,5.2110101010101015,2087,0.0707070707070707,Zone_3,12971.0,2.11,38.0,Business,High,2.0
T01468,R0099,Zone_6,9.91,79.9,187.68,Credit Card,2023-08-25,0,0.6206547046083442,0.373537568384979,5.240052458416061,2.3896797998449792,8.938679992034618,80.0,18.938446014127145,35,Other,Mumbai,80.0,8,3.7,7.707777777777778,16.033250000000002,1853,0.1,,,,,,,
T01469,R0012,Zone_7,0.79,4.99,15.11,UPI,2023-12-19,0,-1.3971889100415704,-1.6754842072113882,2.779440197188883,0.5822156198526637,2.233830790368868,5.0,19.12658227848101,31,Female,Hyderabad,248.0,11,3.31,5.822,1.4224193548387096,1702,0.04435483870967742,,,,,,,
T01470,R0213,Zone_10,6.6,58.55,155.4,Wallet,2024-05-30,1,0.24320791848735418,-0.3701315190299307,5.052416828111211,2.028148247292285,7.651797174520506,59.0,23.545454545454547,29,Female,Chennai,456.0,26,3.74,6.7877777777777775,2.3342105263157893,2662,0.05701754385964912,,,,,,,
T01471,R0252,Zone_3,0.84,6.37,18.24,UPI,2023-03-13,0,-1.3605901355509045,-1.6642505351960573,2.9569914452375605,0.6097655716208943,2.5238858928247927,6.0,21.71428571428571,38,Other,Ahmedabad,392.0,47,4.83,6.275625,4.290943877551021,2185,0.11989795918367346,Zone_3,12971.0,2.11,38.0,Business,High,2.0
T01472,R0197,Zone_8,14.85,108.9,143.01,Cash,2024-05-12,0,0.09833289742046845,1.4834243634996778,4.969882741609291,2.7631695003232895,10.435516278555651,109.0,9.63030303030303,29,Female,Bengaluru,475.0,87,3.87,7.108,2.042063157894737,2170,0.1831578947368421,,,,,,,
T01473,R0062,Zone_8,7.93,62.97,76.83,Cash,2024-04-04,0,-0.6755031715227506,-0.07131584342212713,4.354526960971297,2.189416394888408,7.93536388579629,63.0,9.688524590163935,38,Male,Jaipur,57.0,3,3.58,9.435714285714285,15.605438596491227,2684,0.05263157894736842,,,,,,,
T01474,R0259,Zone_7,14.35,89.85,254.51,Credit Card,2023-04-29,0,1.4020911580304554,1.3710876433463681,5.543261547821099,2.731115474033206,9.478923989567592,90.0,17.73588850174216,32,Male,Jaipur,150.0,27,3.52,9.967500000000001,8.553866666666666,2641,0.18,,,,,,,
T01475,R0208,Zone_7,2.85,20.24,28.56,Credit Card,2024-08-10,0,-1.239919415824491,-1.2126569201797528,3.386422096080001,1.3480731482996928,4.498888751680797,20.0,10.021052631578947,24,Other,Chennai,356.0,53,4.75,8.236666666666666,1.691376404494382,2444,0.14887640449438203,,,,,,,
T01476,R0003,Zone_2,7.54,65.54,175.74,Credit Card,2024-06-29,1,0.48104148818069176,-0.15893848514170855,5.174679726089859,2.1447610078004784,8.095677859203638,66.0,23.30769230769231,34,Male,Pune,45.0,9,3.76,6.768000000000001,21.593555555555557,1232,0.2,Zone_2,6371.0,0.91,58.4,Residential,Low,0.0
T01477,R0043,Zone_1,9.32,91.17,102.0,UPI,2023-02-09,0,-0.38119289870164413,0.2409802386040737,4.634728988229636,2.334083760053417,9.54829827770373,91.0,10.944206008583691,28,Male,Ahmedabad,85.0,16,4.68,7.462222222222222,10.147058823529411,1742,0.18823529411764706,Zone_1,4921.0,2.43,30.9,Residential,High,2.0
T01478,R0199,Zone_1,6.35,32.89,147.29,Credit Card,2024-06-21,1,0.14837850598917468,-0.4262998791065855,4.999169815986978,1.9947003132247452,5.734980383575867,33.0,23.19527559055118,29,Male,Ahmedabad,344.0,27,3.91,8.515,4.652616279069767,1871,0.07848837209302326,Zone_1,4921.0,2.43,30.9,Residential,High,2.0
T01479,R0058,Zone_6,8.94,71.26,120.2,Wallet,2023-10-22,0,-0.1683821332926597,0.1556043312875582,4.797442073635214,2.2965670206684825,8.441563836162112,71.0,13.445190156599553,46,Male,Kolkata,480.0,25,4.32,9.515,2.1738958333333334,1935,0.052083333333333336,,,,,,,
T01480,R0273,Zone_7,15.41,120.88,163.17,Cash,2024-03-17,0,0.3340617452581127,1.6092414900713847,5.100902476306427,2.7978909051019993,10.994544101507802,121.0,10.588578844905904,43,Male,Delhi,289.0,48,3.76,12.475,3.313044982698962,1461,0.16608996539792387,,,,,,,
T01481,R0106,Zone_3,2.84,20.79,26.74,Credit Card,2024-06-30,0,-1.2612004923653897,-1.214903654582819,3.3228754148866853,1.3454723665996355,4.559605246071199,21.0,9.415492957746478,32,Other,Bengaluru,6.0,1,4.03,9.9175,73.10333333333334,1757,0.16666666666666666,Zone_3,12971.0,2.11,38.0,Business,High,2.0
T01482,R0120,Zone_7,5.19,40.17,93.02,UPI,2023-12-25,0,-0.4861951335023409,-0.6869210698622636,4.5435075255959845,1.8229350866965048,6.33798075099633,40.0,17.922928709055874,18,Other,Surat,311.0,15,4.55,8.525,3.260289389067524,2258,0.04823151125401929,,,,,,,
T01483,R0154,Zone_1,16.0,137.14,336.27,Wallet,2024-07-02,0,2.358102596483124,1.74179881985229,5.820883796517047,2.833213344056216,11.71067888723792,137.0,21.016875,18,Other,Kolkata,466.0,79,4.68,10.663076923076924,4.419570815450644,2733,0.16952789699570817,Zone_1,4921.0,2.43,30.9,Residential,High,2.0
T01484,R0014,Zone_1,4.04,28.89,89.41,Wallet,2023-04-18,0,-0.5284064996081889,-0.9452955262148758,4.504354880749275,1.6174060820832772,5.374941860150675,29.0,22.13118811881188,26,Female,Ahmedabad,325.0,53,3.0,7.031666666666666,2.710769230769231,1927,0.16307692307692306,Zone_1,4921.0,2.43,30.9,Residential,High,2.0
T01485,R0192,Zone_9,13.61,109.02,180.8,UPI,2024-03-17,0,0.5402075581240687,1.2048292975194699,5.202907181743378,2.681706225762608,10.441264291262817,109.0,13.28434974283615,31,Male,Delhi,449.0,31,3.89,5.826666666666667,0.512694877505568,1851,0.06904231625835189,,,,,,,
T01486,R0132,Zone_6,11.26,76.88,225.47,Wallet,2023-08-21,0,1.062529365311944,0.6768467127989148,5.422612485819643,2.506341930508065,8.76812408671319,77.0,20.02397868561279,23,Male,Surat,484.0,25,3.32,6.309090909090909,2.2556404958677687,1378,0.05165289256198347,,,,,,,
T01487,R0174,Zone_5,6.92,68.8,62.66,Credit Card,2024-04-23,0,-0.8411915531626029,-0.2982360181318125,4.1535564218539465,2.0693912058263346,8.294576541331088,69.0,9.054913294797688,32,Male,Kolkata,320.0,7,3.8,8.877142857142857,2.88059375,2779,0.021875,Zone_5,2590.0,1.31,43.9,Business,Medium,1.0
T01488,R0273,Zone_8,9.9,73.94,116.71,UPI,2023-09-15,0,-0.2091903514947123,0.37129083398191287,4.768223972424389,2.388762789235098,8.598837130682265,74.0,11.788888888888888,43,Male,Delhi,289.0,48,3.76,12.475,3.313044982698962,1461,0.16608996539792387,,,,,,,
T01489,R0150,Zone_8,2.3,18.79,22.73,Credit Card,2024-06-14,0,-1.308089018150556,-1.3362273123483932,3.166740070447672,1.1939224684724346,4.334743360338648,19.0,9.882608695652175,33,Male,Pune,215.0,16,4.95,7.922857142857143,3.506232558139535,1663,0.07441860465116279,,,,,,,
T01490,R0291,Zone_1,8.43,42.19,180.72,Credit Card,2023-06-26,0,0.539272126188205,0.04102087673118247,5.202467040891203,2.2438960966453663,6.495382975621991,42.0,21.437722419928825,23,Other,Pune,499.0,94,3.46,7.741666666666667,1.59436873747495,1977,0.18837675350701402,Zone_1,4921.0,2.43,30.9,Residential,High,2.0
T01491,R0169,Zone_2,10.97,55.36,198.18,Wallet,2023-11-18,0,0.7434301461904506,0.6116914151099955,5.294208938503494,2.482403519569882,7.4404300950953095,55.0,18.06563354603464,32,Male,Delhi,497.0,81,4.19,10.058571428571428,2.841871227364185,1304,0.16297786720321933,Zone_2,6371.0,0.91,58.4,Residential,Low,0.0
T01492,R0161,Zone_3,4.13,37.14,94.42,Credit Card,2024-07-29,0,-0.46982507462472667,-0.92507491658728,4.5582882000879605,1.6351056591826783,6.094259594077036,37.0,22.861985472154966,32,Other,Surat,332.0,50,4.91,5.536666666666666,1.7095180722891565,2731,0.15060240963855423,Zone_3,12971.0,2.11,38.0,Business,High,2.0
T01493,R0043,Zone_10,6.1,46.38,93.68,UPI,2023-11-07,0,-0.4784778200314655,-0.4824682391832403,4.550502784645783,1.9600947840472698,6.810286337592569,46.0,15.35737704918033,28,Male,Ahmedabad,85.0,16,4.68,7.462222222222222,10.147058823529411,1742,0.18823529411764706,,,,,,,
T01494,R0123,Zone_6,9.56,92.52,200.04,UPI,2023-09-09,0,0.7651789386992807,0.29490186427766235,5.303503893235336,2.3570732782781154,9.618731725128837,93.0,20.924686192468616,32,Male,Bengaluru,156.0,26,3.31,9.425,4.584487179487179,1181,0.16666666666666666,,,,,,,
T01495,R0200,Zone_9,14.62,133.66,145.11,Cash,2023-12-20,0,0.12288798573689,1.4317494722291553,4.984359762683993,2.7485521444115397,11.561141812122191,134.0,9.92544459644323,30,Other,Bengaluru,443.0,87,3.6,9.9925,1.1048532731376977,1767,0.1963882618510158,,,,,,,
T01496,R0144,Zone_4,7.98,57.43,149.03,Cash,2024-06-10,0,0.16872415059420956,-0.060082171406796,5.010835274098922,2.194999882314108,7.578258375114958,57.0,18.675438596491226,34,Other,Pune,194.0,10,3.52,9.385555555555555,8.002319587628865,2055,0.05154639175257732,Zone_4,4038.0,2.46,48.2,Business,High,2.0
T01497,R0135,Zone_4,5.85,37.08,54.06,UPI,2024-06-27,0,-0.941750486267947,-0.538636599259895,4.008423499714461,1.9242486522741338,6.089334939055331,37.0,9.241025641025642,38,Female,Ahmedabad,153.0,8,3.47,8.325,6.4845098039215685,1666,0.05228758169934641,Zone_4,4038.0,2.46,48.2,Business,High,2.0
T01498,R0137,Zone_5,7.27,52.2,85.21,Wallet,2023-05-18,0,-0.5775166762410315,-0.21960031402449584,4.456786180221833,2.1126345090356,7.224956747275377,52.0,11.720770288858322,27,Male,Bengaluru,166.0,32,3.14,11.76142857142857,9.032349397590362,1864,0.1927710843373494,Zone_5,2590.0,1.31,43.9,Business,Medium,1.0
T01499,R0144,Zone_3,13.8,132.21,304.68,UPI,2023-02-20,0,1.9887239108089583,1.247517251177728,5.722538803138645,2.6946271807700692,11.498260738042081,132.0,22.078260869565216,34,Other,Pune,194.0,10,3.52,9.385555555555555,8.002319587628865,2055,0.05154639175257732,Zone_3,12971.0,2.11,38.0,Business,High,2.0
T01500,R0099,Zone_4,4.79,38.71,59.63,Cash,2024-05-20,0,-0.8766210377334392,-0.7767904459849113,4.1047898200836395,1.7561322915849038,6.221736092120913,39.0,12.448851774530272,35,Other,Mumbai,80.0,8,3.7,7.707777777777778,16.033250000000002,1853,0.1,Zone_4,4038.0,2.46,48.2,Business,High,2.0
T01501,R0063,Zone_5,6.5,37.48,159.88,Credit Card,2024-06-17,1,0.29559210689571946,-0.39259886306059255,5.0806587454643966,2.0149030205422647,6.1220911460055865,37.0,24.596923076923076,34,Male,Surat,329.0,33,4.83,11.258333333333333,3.7828571428571425,1245,0.10030395136778116,Zone_5,2590.0,1.31,43.9,Business,Medium,1.0
T01502,R0038,Zone_9,4.84,47.19,67.43,Cash,2023-02-08,0,-0.7854164239867315,-0.7655567739695804,4.225811324964407,1.7647307968401356,6.869497798238238,47.0,13.931818181818183,37,Other,Kolkata,68.0,7,4.07,5.946,6.673970588235294,1314,0.10294117647058823,,,,,,,
T01503,R0072,Zone_8,6.98,58.84,77.73,Cash,2023-09-12,0,-0.6649795622442843,-0.28475561171341524,4.3660242771963755,2.0769384114617173,7.6707235643060425,59.0,11.136103151862464,25,Other,Jaipur,62.0,10,4.07,9.728,11.808709677419355,1047,0.16129032258064516,,,,,,,
T01504,R0100,Zone_4,9.07,83.78,88.37,Cash,2023-04-10,0,-0.5405671147744165,0.1848118785274189,4.492785055393301,2.309560706730471,9.153141537199128,84.0,9.74310915104741,28,Male,Delhi,383.0,60,3.79,8.454166666666667,4.327650130548303,1942,0.1566579634464752,Zone_4,4038.0,2.46,48.2,Business,High,2.0
T01505,R0083,Zone_6,13.17,107.57,211.46,Cash,2023-07-03,0,0.8987118475438194,1.1059729837845576,5.3587537353518675,2.6511270537025893,10.371595827065379,108.0,16.056188306757782,45,Female,Mumbai,475.0,39,4.4,9.262,2.9796421052631583,1721,0.08210526315789474,,,,,,,
T01506,R0141,Zone_3,2.62,15.88,59.31,Cash,2023-10-07,0,-0.8803627654768938,-1.264331811450275,4.099497927462895,1.2864740258376797,3.984971769034255,16.0,22.637404580152673,25,Other,Jaipur,53.0,0,4.29,7.58,10.239622641509435,2628,0.0,Zone_3,12971.0,2.11,38.0,Business,High,2.0
T01507,R0056,Zone_9,10.78,72.47,104.66,Cash,2023-10-27,0,-0.35008978683417724,0.5690034614517375,4.6602263917361695,2.4664031782234406,8.512931340026183,72.0,9.708719851576994,40,Other,Hyderabad,93.0,13,3.25,7.357777777777778,9.976236559139785,2029,0.13978494623655913,,,,,,,
T01508,R0184,Zone_3,3.54,26.1,65.71,Wallet,2024-03-18,0,-0.8055282106078006,-1.0576322463681853,4.200354866721424,1.5129270120532565,5.10881590977792,26.0,18.562146892655367,29,Female,Surat,285.0,27,3.97,8.645,4.2551578947368425,2388,0.09473684210526316,Zone_3,12971.0,2.11,38.0,Business,High,2.0
T01509,R0105,Zone_4,10.97,105.64,136.12,Credit Card,2023-05-25,0,0.017768821944210218,0.6116914151099955,4.92085645484947,2.482403519569882,10.278132126023678,106.0,12.408386508659982,31,Female,Jaipur,346.0,9,3.69,7.933333333333334,3.7604624277456646,2180,0.02601156069364162,Zone_4,4038.0,2.46,48.2,Business,High,2.0
T01510,R0265,Zone_2,14.2,82.55,193.31,Credit Card,2024-04-26,0,0.6864857270947498,1.3373866273003752,5.269454821862936,2.7212954278522306,9.085703054799886,83.0,13.61338028169014,39,Female,Bengaluru,176.0,24,3.26,11.219999999999999,3.4528977272727275,2121,0.13636363636363635,Zone_2,6371.0,0.91,58.4,Residential,Low,0.0
T01511,R0057,Zone_9,12.98,84.12,253.63,UPI,2023-06-26,0,1.3918014067359552,1.0632850301263,5.53981151107484,2.637627736805664,9.171695590238482,84.0,19.540061633281972,39,Male,Bengaluru,407.0,11,3.66,7.716923076923076,3.9414742014742012,1201,0.02702702702702703,,,,,,,
T01512,R0056,Zone_3,8.79,59.17,88.55,Wallet,2024-02-08,0,-0.5384623929187233,0.12190331524156527,4.494797128506721,2.281361456542419,7.692203845452875,59.0,10.073947667804324,40,Other,Hyderabad,93.0,13,3.25,7.357777777777778,9.976236559139785,2029,0.13978494623655913,Zone_3,12971.0,2.11,38.0,Business,High,2.0
T01513,R0273,Zone_6,12.17,66.97,127.47,Credit Card,2023-04-23,0,-0.08337475612104893,0.8812995434779384,4.8556954140435185,2.5779415157551897,8.183520025025906,67.0,10.474116680361545,43,Male,Delhi,289.0,48,3.76,12.475,3.313044982698962,1461,0.16608996539792387,,,,,,,
T01514,R0259,Zone_9,3.2800000000000002,22.09,57.41,Credit Card,2023-09-23,0,-0.902579273953656,-1.1160473408479064,4.067487108052218,1.4539530095937054,4.7,22.0,17.503048780487802,32,Male,Jaipur,150.0,27,3.52,9.967500000000001,8.553866666666666,2641,0.18,,,,,,,
T01515,R0172,Zone_4,7.66,40.65,129.04,Wallet,2023-09-15,0,-0.06501690437972453,-0.13197767230491422,4.867842095435704,2.1587147225743437,6.375735251718032,41.0,16.845953002610965,31,Other,Pune,168.0,14,3.72,7.713636363636363,8.86077380952381,2459,0.08333333333333333,Zone_4,4038.0,2.46,48.2,Business,High,2.0
T01516,R0132,Zone_10,15.6,100.6,233.07,UPI,2023-04-17,0,1.1513953992189925,1.6519294437296421,5.455620215921813,2.8094026953624978,10.029955134495866,101.0,14.940384615384616,23,Male,Surat,484.0,25,3.32,6.309090909090909,2.2556404958677687,1378,0.05165289256198347,,,,,,,
T01517,R0255,Zone_6,4.05,20.31,62.76,Cash,2023-06-01,0,-0.8400222632427733,-0.9430487918118097,4.15512603448196,1.6193882432872684,4.5066617356975,20.0,15.496296296296297,37,Female,Bengaluru,475.0,42,3.12,9.0025,2.6573052631578946,1899,0.08842105263157894,,,,,,,
T01518,R0229,Zone_6,8.99,70.24,196.93,UPI,2023-01-17,0,0.7288140221925807,0.16683800330288934,5.287913432832644,2.301584592660462,8.380930735902785,70.0,21.905450500556174,22,Female,Mumbai,146.0,16,4.43,7.736,4.715753424657534,2124,0.1095890410958904,,,,,,,
T01519,R0235,Zone_1,6.15,42.15,104.59,Credit Card,2023-06-25,0,-0.3509082897780579,-0.4712345671679092,4.659563669818423,1.9671123567059163,6.492303135251773,42.0,17.00650406504065,34,Other,Delhi,284.0,8,4.06,6.95625,2.972852112676056,2040,0.028169014084507043,Zone_1,4921.0,2.43,30.9,Residential,High,2.0
T01520,R0280,Zone_1,7.02,51.41,88.54,Cash,2024-08-21,0,-0.5385793219107062,-0.27576867410115063,4.49468545281282,2.081938421878423,7.170076708097341,51.0,12.612535612535615,26,Other,Chennai,172.0,23,4.43,8.461666666666666,4.2749999999999995,1205,0.13372093023255813,Zone_1,4921.0,2.43,30.9,Residential,High,2.0
T01521,R0249,Zone_5,10.03,59.01,94.66,UPI,2024-07-04,0,-0.4670187788171357,0.4004983812217731,4.560800238252151,2.400618833265411,7.681796664843453,59.0,9.437686939182452,20,Male,Mumbai,396.0,48,4.49,8.08875,2.728611111111111,1273,0.12121212121212122,Zone_5,2590.0,1.31,43.9,Business,Medium,1.0
T01522,R0223,Zone_2,6.65,62.7,102.34,Credit Card,2024-07-18,0,-0.3772173129742235,-0.3588978470145996,4.638024522859038,2.0347056478384444,7.918333157931662,63.0,15.389473684210525,30,Female,Surat,158.0,10,4.04,7.05,6.248164556962026,2484,0.06329113924050633,Zone_2,6371.0,0.91,58.4,Residential,Low,0.0
T01523,R0036,Zone_5,7.98,74.21,176.1,UPI,2023-09-09,0,0.4852509318920781,-0.060082171406796,5.176714544788788,2.194999882314108,8.614522621712709,74.0,22.06766917293233,30,Female,Surat,177.0,15,4.9,9.31,5.884293785310734,1646,0.0847457627118644,Zone_5,2590.0,1.31,43.9,Business,Medium,1.0
T01524,R0159,Zone_5,5.48,51.6,115.03,Cash,2023-06-05,0,-0.22883442214784924,-0.6217657721733441,4.753848778359454,1.8687205103641833,7.183313998427188,52.0,20.990875912408757,43,Female,Bengaluru,79.0,2,4.9,5.9925,5.378354430379747,2310,0.02531645569620253,Zone_5,2590.0,1.31,43.9,Business,Medium,1.0
T01525,R0232,Zone_9,1.13,7.14,20.27,Wallet,2023-11-03,0,-1.3368535501783638,-1.5990952375071377,3.0572976292121457,0.7561219797213337,2.6720778431774774,7.0,17.938053097345133,38,Male,Jaipur,172.0,15,3.94,7.169230769230769,8.667674418604651,1379,0.0872093023255814,,,,,,,
T01526,R0175,Zone_7,8.97,88.29,94.91,Cash,2023-07-04,0,-0.46409555401756175,0.16234453449675706,4.563410251739859,2.299580583973747,9.396275858019495,88.0,10.580824972129319,35,Male,Chennai,98.0,8,3.48,8.7825,13.076632653061225,1491,0.08163265306122448,,,,,,,
T01527,R0023,Zone_4,10.2,85.72,225.65,Credit Card,2023-11-21,0,1.0646340871676374,0.4386928660738984,5.4234069773868585,2.4159137783010487,9.258509599282165,86.0,22.122549019607845,24,Other,Jaipur,176.0,32,3.21,8.11375,6.793295454545454,2535,0.18181818181818182,Zone_4,4038.0,2.46,48.2,Business,High,2.0
T01528,R0154,Zone_8,14.91,77.99,138.83,Wallet,2024-07-12,0,0.049456578771592055,1.496904769918075,4.940427399052759,2.7669478423496954,8.831194709664146,78.0,9.31120053655265,18,Other,Kolkata,466.0,79,4.68,10.663076923076924,4.419570815450644,2733,0.16952789699570817,,,,,,,
T01529,R0189,Zone_7,7.34,44.32,151.32,Credit Card,2023-07-27,0,0.19550088975830696,-0.20387317320303242,5.025983571043055,2.1210632163706555,6.6573267908372955,44.0,20.615803814713896,29,Female,Delhi,238.0,42,3.28,9.00375,6.2214285714285715,2558,0.17647058823529413,,,,,,,
T01530,R0012,Zone_7,1.03,7.86,15.99,UPI,2023-12-10,0,-1.38689915874707,-1.6215625815377996,2.8326249356838407,0.708035793053696,2.8035691537752374,8.0,15.524271844660195,31,Female,Hyderabad,248.0,11,3.31,5.822,1.4224193548387096,1702,0.04435483870967742,,,,,,,
T01531,R0085,Zone_7,4.23,29.06,84.56,Cash,2023-07-14,0,-0.5851170607199238,-0.902607572556618,4.449217884214205,1.6544112780768316,5.390732788777422,29.0,19.990543735224584,29,Female,Chennai,94.0,12,4.95,8.798,5.4245744680851065,1461,0.1276595744680851,,,,,,,
T01532,R0289,Zone_7,10.7,70.59,209.12,Cash,2023-12-07,0,0.871350463419807,0.551029586227208,5.347678796085761,2.4595888418037104,8.401785524517988,71.0,19.543925233644863,21,Other,Chennai,322.0,14,4.17,8.26625,3.8337888198757764,1813,0.043478260869565216,,,,,,,
T01533,R0257,Zone_1,7.58,60.11,100.17,Cash,2023-04-19,0,-0.40259090423452554,-0.14995154752944376,4.616802270217799,2.149433913499871,7.753063910480811,60.0,13.215039577836412,36,Other,Delhi,459.0,19,4.82,8.015714285714285,1.7913507625272331,1286,0.04139433551198257,Zone_1,4921.0,2.43,30.9,Residential,High,2.0
T01534,R0047,Zone_2,9.4,64.38,220.61,Wallet,2024-08-06,1,1.0057018752082265,0.2589541138286032,5.400919080208756,2.341805806147327,8.023714850367003,64.0,23.469148936170214,51,Female,Bengaluru,69.0,3,4.86,8.89,16.592318840579708,1806,0.043478260869565216,Zone_2,6371.0,0.91,58.4,Residential,Low,0.0
T01535,R0275,Zone_10,6.23,36.31,64.76,Wallet,2024-01-04,0,-0.8166364648461815,-0.45326069194337965,4.186011750747925,1.9782390361706734,6.025777958073132,36.0,10.39486356340289,21,Other,Jaipur,247.0,17,3.07,8.4625,1.3201214574898787,1444,0.06882591093117409,,,,,,,
T01536,R0086,Zone_6,17.35,136.11,255.38,Wallet,2023-09-23,0,1.4122639803329728,2.045107964266226,5.546660718883989,2.9096295745005794,11.666619047521866,136.0,14.719308357348702,23,Male,Hyderabad,337.0,17,4.56,10.780000000000001,3.352581602373887,2505,0.050445103857566766,,,,,,,
T01537,R0255,Zone_1,16.64,113.01,328.23,Cash,2023-01-14,0,2.2640916869288255,1.8855898216485263,5.796756594662978,2.8701690505786455,10.630616162763097,113.0,19.725360576923077,37,Female,Bengaluru,475.0,42,3.12,9.0025,2.6573052631578946,1899,0.08842105263157894,Zone_1,4921.0,2.43,30.9,Residential,High,2.0
T01538,R0271,Zone_4,3.34,25.65,41.92,Wallet,2024-01-08,0,-1.0837022825352587,-1.1025669344295093,3.759337917762498,1.4678743481123135,5.06458290484024,26.0,12.550898203592816,22,Male,Bengaluru,58.0,6,4.37,8.1275,16.013448275862068,1441,0.10344827586206896,Zone_4,4038.0,2.46,48.2,Business,High,2.0
T01539,R0197,Zone_8,12.55,63.06,103.09,UPI,2023-07-12,0,-0.3684476385755016,0.9666754507944538,4.645255909527377,2.60638654732571,7.941032678436729,63.0,8.214342629482072,29,Female,Bengaluru,475.0,87,3.87,7.108,2.042063157894737,2170,0.1831578947368421,,,,,,,
T01540,R0270,Zone_9,9.52,67.56,111.55,Credit Card,2023-09-05,0,-0.26952571135791886,0.28591492666539736,4.723397567352741,2.3532782073095637,8.219489035213806,68.0,11.717436974789916,35,Male,Hyderabad,455.0,64,3.08,7.38,2.420945054945055,1719,0.14065934065934066,,,,,,,
T01541,R0227,Zone_1,8.07,74.65,178.6,Credit Card,2023-06-06,0,0.5144831798878177,-0.03986156177920031,5.190732155868099,2.2049722641270453,8.64002314811714,75.0,22.131350681536553,25,Other,Pune,320.0,23,4.12,5.664,1.58815625,2259,0.071875,Zone_1,4921.0,2.43,30.9,Residential,High,2.0
T01542,R0107,Zone_9,3.7,31.32,83.84,UPI,2024-03-13,0,-0.5935359481426967,-1.0216844959191262,4.440767129696482,1.547562508716013,5.596427431853289,31.0,22.65945945945946,33,Male,Hyderabad,179.0,14,3.66,6.514,3.5079888268156427,2441,0.0782122905027933,,,,,,,
T01543,R0175,Zone_6,16.11,146.94,394.11,Wallet,2024-04-26,1,3.0344198861125564,1.7665128982860179,5.97916420714514,2.839663087904102,12.121881042148532,147.0,24.46368715083799,35,Male,Chennai,98.0,8,3.48,8.7825,13.076632653061225,1491,0.08163265306122448,,,,,,,
T01544,R0028,Zone_6,13.83,77.81,299.74,Cash,2023-02-21,0,1.9309609887693768,1.2542574543869263,5.706246104094174,2.696652156149841,8.820997676000147,78.0,21.673174258857557,20,Female,Surat,249.0,21,3.79,10.61,6.218915662650603,1041,0.08433734939759036,,,,,,,
T01545,R0234,Zone_1,0.71,5.6,17.31,Wallet,2023-04-29,1,-1.3714645318053194,-1.6934580824359178,2.907447358686419,0.5364933705145685,2.3664319132398464,6.0,24.380281690140844,32,Other,Pune,183.0,31,3.98,7.051111111111111,6.222677595628415,1386,0.16939890710382513,Zone_1,4921.0,2.43,30.9,Residential,High,2.0
T01546,R0291,Zone_3,14.92,128.69,236.53,UPI,2023-08-17,0,1.1918528304450962,1.4991515043211412,5.470293931287002,2.767576180416237,11.344161493913951,129.0,15.853217158176944,23,Other,Pune,499.0,94,3.46,7.741666666666667,1.59436873747495,1977,0.18837675350701402,Zone_3,12971.0,2.11,38.0,Business,High,2.0
T01547,R0005,Zone_1,7.8100000000000005,67.95,163.28,UPI,2023-07-13,0,0.3353479641699254,-0.09827665625892125,5.101572289088358,2.175887439948088,8.243178998420452,68.0,20.90653008962868,27,Male,Ahmedabad,294.0,30,3.53,7.322857142857144,3.1511904761904765,1935,0.10204081632653061,Zone_1,4921.0,2.43,30.9,Residential,High,2.0
T01548,R0152,Zone_7,5.01,32.28,108.17,Credit Card,2024-01-26,0,-0.3090477106481587,-0.7273622891174552,4.6929063002921785,1.7934247485471162,5.681549084536717,32.0,21.590818363273453,34,Female,Bengaluru,143.0,24,3.91,9.706,6.395524475524475,1962,0.16783216783216784,,,,,,,
T01549,R0081,Zone_6,3.12,21.16,54.75,UPI,2023-01-07,0,-0.933682385821123,-1.1519950912969654,4.020877410340228,1.415853163361435,4.6,21.0,17.548076923076923,42,Other,Mumbai,114.0,2,3.9,8.82,7.123421052631579,1690,0.017543859649122806,,,,,,,
T01550,R0207,Zone_6,12.72,118.88,224.62,Credit Card,2024-04-12,0,1.0525904009933926,1.0048699356465791,5.418852168176774,2.6188546222977394,10.903210536351208,119.0,17.65880503144654,31,Male,Mumbai,47.0,3,3.93,7.93375,26.20127659574468,1016,0.06382978723404255,,,,,,,
T01551,R0087,Zone_2,10.0,87.94,105.72,Credit Card,2023-04-04,0,-0.3376953136839836,0.3937581780125747,4.670208582167313,2.3978952727983707,9.377632963600142,88.0,10.572,26,Female,Jaipur,362.0,33,3.57,8.856666666666667,1.0319060773480664,1955,0.09116022099447514,Zone_2,6371.0,0.91,58.4,Residential,Low,0.0
T01552,R0283,Zone_10,3.63,21.99,45.85,UPI,2024-01-10,0,-1.037749188685956,-1.0374116367405897,3.846951008684431,1.5325568680981427,4.689349635077342,22.0,12.630853994490359,19,Male,Surat,245.0,45,3.55,7.9957142857142856,4.135632653061225,1190,0.1836734693877551,,,,,,,
T01553,R0050,Zone_7,3.94,39.26,92.05,UPI,2023-04-26,1,-0.4975372457246879,-0.9677628702455379,4.5331369830882595,1.597365331199831,6.265780079128216,39.0,23.36294416243655,49,Male,Ahmedabad,330.0,41,3.42,8.585714285714285,2.775181818181818,1442,0.12424242424242424,,,,,,,
T01554,R0204,Zone_9,6.06,36.68,106.89,Cash,2024-01-04,0,-0.32401462162197747,-0.49145517679550504,4.681112189563248,1.9544450515051506,6.056401571890688,37.0,17.63861386138614,37,Female,Hyderabad,438.0,5,3.73,9.687142857142858,2.0578767123287673,2816,0.01141552511415525,,,,,,,
T01555,R0232,Zone_7,5.44,32.77,109.34,Wallet,2024-02-02,0,-0.2953670185861526,-0.6307527097856088,4.703566507844284,1.8625285401162623,5.724508712544685,33.0,20.09926470588235,38,Male,Jaipur,172.0,15,3.94,7.169230769230769,8.667674418604651,1379,0.0872093023255814,,,,,,,
T01556,R0211,Zone_5,10.64,80.28,261.71,Wallet,2023-09-08,1,1.4862800322581855,0.5375491798088111,5.571050762202242,2.454447442303292,8.959910713840847,80.0,24.596804511278194,36,Female,Mumbai,435.0,17,3.63,6.582857142857143,1.4847816091954023,1992,0.03908045977011494,Zone_5,2590.0,1.31,43.9,Business,Medium,1.0
T01557,R0066,Zone_9,9.89,74.88,163.41,Credit Card,2023-04-10,0,0.3368680410657038,0.3690440995788467,5.1023633080227855,2.387844936944869,8.653323061113573,75.0,16.522750252780586,38,Female,Bengaluru,167.0,28,4.72,10.6175,3.449940119760479,1567,0.16766467065868262,,,,,,,
T01558,R0228,Zone_2,4.82,32.43,85.61,Credit Card,2023-09-06,0,-0.5728395165617131,-0.7700502427757128,4.461415282342953,1.7613002617433464,5.694734409961539,32.0,17.761410788381742,21,Female,Pune,10.0,0,4.84,9.61,67.522,2313,0.0,Zone_2,6371.0,0.91,58.4,Residential,Low,0.0
T01559,R0027,Zone_1,0.29,1.82,5.8100000000000005,Credit Card,2023-05-24,0,-1.5059328725857217,-1.7878209273646979,1.9183921201614211,0.2546422183735807,1.3490737563232043,2.0,20.034482758620694,39,Male,Jaipur,403.0,61,3.98,7.22875,2.050620347394541,2539,0.1513647642679901,Zone_1,4921.0,2.43,30.9,Residential,High,2.0
T01560,R0091,Zone_6,1.33,10.62,28.23,UPI,2024-03-28,0,-1.2437780725599288,-1.5541605494458137,3.3751955791231545,0.8458682675776092,3.2588341473600644,11.0,21.225563909774436,41,Other,Surat,334.0,43,3.4,7.1257142857142854,2.7054191616766468,1615,0.12874251497005987,,,,,,,
T01561,R0282,Zone_2,12.35,77.23,146.48,Credit Card,2023-05-12,0,0.13890725763855502,0.9217407627331298,4.993692573365943,2.5915163848462583,8.788060081724522,77.0,11.860728744939271,22,Other,Bengaluru,319.0,3,4.47,10.318888888888889,4.387931034482759,1599,0.009404388714733543,Zone_2,6371.0,0.91,58.4,Residential,Low,0.0
T01562,R0012,Zone_9,3.03,17.39,48.23,Wallet,2024-07-14,0,-1.009920088594012,-1.1722157009245613,3.8965031937701093,1.3937663759585914,4.170131892398609,17.0,15.917491749174918,31,Female,Hyderabad,248.0,11,3.31,5.822,1.4224193548387096,1702,0.04435483870967742,,,,,,,
T01563,R0178,Zone_3,8.56,58.56,117.82,Credit Card,2023-07-22,0,-0.19621123338460392,0.07022842397104315,4.777609742927595,2.25758772706331,7.652450587883597,59.0,13.764018691588783,27,Male,Delhi,56.0,7,3.13,9.037142857142857,18.581071428571427,1951,0.125,Zone_3,12971.0,2.11,38.0,Business,High,2.0
T01564,R0215,Zone_8,0.8200000000000001,6.74,9.85,Wallet,2024-04-25,0,-1.4586935598246065,-1.6687440040021895,2.3841650799864684,0.598836501088704,2.596150997149434,7.0,12.012195121951217,26,Female,Hyderabad,438.0,48,3.24,3.63,0.8495433789954339,2393,0.1095890410958904,,,,,,,
T01565,R0222,Zone_9,9.99,64.69,244.98,UPI,2023-04-22,1,1.290657828670696,0.39151144360950857,5.505250231814264,2.39698576841553,8.043009387039158,65.0,24.52252252252252,27,Male,Surat,475.0,12,3.44,9.88125,2.7908000000000004,1481,0.02526315789473684,,,,,,,
T01566,R0090,Zone_7,17.6,102.42,255.79,UPI,2023-06-01,0,1.4170580690042742,2.101276324342881,5.5482586302476244,2.9231615807191558,10.1202766760598,102.0,14.533522727272725,33,Female,Mumbai,152.0,25,4.51,10.813,12.998355263157896,2055,0.16447368421052633,,,,,,,
T01567,R0299,Zone_9,1.3599999999999999,7.68,12.48,Credit Card,2023-12-07,0,-1.4279412349330884,-1.5474203462366154,2.601207105484161,0.8586616190375187,2.7712812921102037,8.0,9.176470588235295,33,Other,Kolkata,457.0,0,3.92,7.4725,1.0091903719912472,2204,0.0,,,,,,,
T01568,R0130,Zone_7,10.75,89.22,200.09,UPI,2023-12-16,0,0.7657635836591956,0.5622632582425391,5.303752569037976,2.463853240590168,9.445633912025174,89.0,18.613023255813953,27,Female,Pune,316.0,62,3.62,6.3625,2.836487341772152,2770,0.1962025316455696,,,,,,,
T01569,R0068,Zone_1,9.36,91.8,126.46,Cash,2024-05-03,0,-0.0951845843113278,0.24996717621633827,4.847802589886148,2.337952236831337,9.581231653602787,92.0,13.510683760683762,30,Female,Ahmedabad,456.0,70,4.97,7.977777777777778,2.4136622807017547,1478,0.15350877192982457,Zone_1,4921.0,2.43,30.9,Residential,High,2.0
T01570,R0061,Zone_2,12.59,96.34,128.88,UPI,2023-06-14,0,-0.06688776825145182,0.9756623884067184,4.866610947234645,2.6093342281630525,9.815294188153507,96.0,10.236695790309769,25,Male,Mumbai,168.0,25,3.69,8.6175,3.5520238095238095,2219,0.1488095238095238,Zone_2,6371.0,0.91,58.4,Residential,Low,0.0
T01571,R0212,Zone_6,7.34,55.6,96.83,Cash,2023-04-11,0,-0.4416451875568337,-0.20387317320303242,4.583231278469338,2.1210632163706555,7.4565407529228995,56.0,13.192098092643052,36,Female,Ahmedabad,73.0,12,3.22,8.368571428571428,16.18246575342466,1102,0.1643835616438356,,,,,,,
T01572,R0043,Zone_8,9.36,48.82,81.25,Credit Card,2023-05-07,0,-0.623820557066283,0.24996717621633827,4.409763389645481,2.337952236831337,6.987131027825369,49.0,8.680555555555555,28,Male,Ahmedabad,85.0,16,4.68,7.462222222222222,10.147058823529411,1742,0.18823529411764706,,,,,,,
T01573,R0025,Zone_3,8.91,70.45,184.89,UPI,2023-03-10,0,0.5880315158450985,0.1488641280783598,5.225155100919053,2.2935443483418965,8.393449827097319,70.0,20.750841750841747,21,Female,Mumbai,42.0,3,4.01,9.45,17.129285714285714,1791,0.07142857142857142,Zone_3,12971.0,2.11,38.0,Business,High,2.0
T01574,R0101,Zone_8,10.86,82.01,152.51,Cash,2023-11-23,0,0.20941543980427899,0.5869773366762671,5.03376571148511,2.4731713935695794,9.055937278934744,82.0,14.043278084714549,37,Female,Delhi,228.0,29,3.03,9.058,2.9445614035087715,2146,0.12719298245614036,,,,,,,
T01575,R0132,Zone_1,3.8,32.8,64.5,Cash,2023-11-27,0,-0.8196766186377384,-0.9992171518884644,4.182050142641207,1.5686159179138452,5.727128425310541,33.0,16.973684210526315,23,Male,Surat,484.0,25,3.32,6.309090909090909,2.2556404958677687,1378,0.05165289256198347,Zone_1,4921.0,2.43,30.9,Residential,High,2.0
T01576,R0270,Zone_3,8.96,74.87,181.1,Credit Card,2024-07-29,0,0.5437154278835573,0.1600978000936909,5.2045559867335625,2.298577071596507,8.652745229116595,75.0,20.21205357142857,35,Male,Hyderabad,455.0,64,3.08,7.38,2.420945054945055,1719,0.14065934065934066,Zone_3,12971.0,2.11,38.0,Business,High,2.0
T01577,R0006,Zone_10,12.05,93.58,277.76,UPI,2023-03-19,0,1.673951064390834,0.8543387306411442,5.630351196570318,2.5687881337687024,9.673675619949224,94.0,23.050622406639,45,Female,Jaipur,248.0,13,4.64,9.034285714285714,4.417056451612903,1175,0.05241935483870968,,,,,,,
T01578,R0089,Zone_3,13.84,106.35,168.79,Wallet,2023-05-09,0,0.3997758387525354,1.2565041887899924,5.13456237932792,2.6973262377392344,10.312613635737547,106.0,12.195809248554912,48,Other,Surat,308.0,6,3.91,9.981111111111112,4.595941558441559,1457,0.01948051948051948,Zone_3,12971.0,2.11,38.0,Business,High,2.0
T01579,R0179,Zone_9,10.48,79.57,163.52,Wallet,2023-08-10,0,0.3381542599775165,0.501601429359752,5.103032143362223,2.4406063908914204,8.920201791439473,80.0,15.603053435114504,28,Male,Kolkata,274.0,14,4.64,6.3825,1.6658759124087592,1620,0.051094890510948905,,,,,,,
T01580,R0048,Zone_8,2.34,12.14,46.18,UPI,2023-05-04,0,-1.0338905319505183,-1.3272403747361285,3.853970073979529,1.205970806988609,3.4842502780368694,12.0,19.735042735042736,35,Male,Hyderabad,207.0,1,3.02,5.826,2.4457971014492754,2666,0.004830917874396135,,,,,,,
T01581,R0027,Zone_10,0.23,1.98,2.39,Cash,2023-12-31,0,-1.5459225878438936,-1.8013013337830948,1.220829921392359,0.20701416938432615,1.407124727947029,2.0,10.391304347826088,39,Male,Jaipur,403.0,61,3.98,7.22875,2.050620347394541,2539,0.1513647642679901,,,,,,,
T01582,R0170,Zone_3,10.04,91.04,140.22,Cash,2023-07-17,0,0.06570970865722313,0.4027451156248393,4.950318958088201,2.401525040848949,9.54148835350125,91.0,13.966135458167331,29,Other,Bengaluru,28.0,3,3.68,7.644285714285714,33.65,2311,0.10714285714285714,Zone_3,12971.0,2.11,38.0,Business,High,2.0
T01583,R0268,Zone_10,2.94,21.9,39.9,Credit Card,2023-08-06,0,-1.1073219389158162,-1.192436310552157,3.711130063048756,1.3711807233098425,4.679743582719036,22.0,13.571428571428571,34,Male,Chennai,10.0,0,4.6,8.504,72.60799999999999,1432,0.0,,,,,,,
T01584,R0056,Zone_4,12.22,110.73,221.25,Credit Card,2024-05-30,0,1.0131853306951357,0.8925332154932695,5.403802874394014,2.5817308344235403,10.522832318344715,111.0,18.105564648117838,40,Other,Hyderabad,93.0,13,3.25,7.357777777777778,9.976236559139785,2029,0.13978494623655913,Zone_4,4038.0,2.46,48.2,Business,High,2.0
T01585,R0048,Zone_6,6.5600000000000005,35.87,154.83,UPI,2023-07-26,1,0.2365429659443256,-0.3791184566421953,5.048765669457524,2.0228711901914416,5.989156868875618,36.0,23.602134146341463,35,Male,Hyderabad,207.0,1,3.02,5.826,2.4457971014492754,2666,0.004830917874396135,,,,,,,
T01586,R0174,Zone_2,13.06,77.42,136.89,Credit Card,2023-10-12,0,0.02677235432689781,1.0812589053508297,4.92645626585365,2.643333886382519,8.798863562983575,77.0,10.481623277182234,32,Male,Kolkata,320.0,7,3.8,8.877142857142857,2.88059375,2779,0.021875,Zone_2,6371.0,0.91,58.4,Residential,Low,0.0
T01587,R0003,Zone_5,18.63,94.05,275.09,UPI,2023-09-24,0,1.642731023531384,2.3326899678586983,5.620726899518875,2.9770590082883697,9.697937925146768,94.0,14.765968867418142,34,Male,Pune,45.0,9,3.76,6.768000000000001,21.593555555555557,1232,0.2,Zone_5,2590.0,1.31,43.9,Business,Medium,1.0
T01588,R0191,Zone_10,7.69,41.24,78.94,UPI,2023-01-05,0,-0.6508311542143465,-0.1252374690957156,4.3812763532831775,2.162172939277301,6.421837743200929,41.0,10.265279583875161,33,Other,Surat,87.0,6,4.56,7.5609090909090915,15.227701149425286,2225,0.06896551724137931,,,,,,,
T01589,R0136,Zone_6,7.42,40.44,76.22,Wallet,2023-11-09,0,-0.6826358400337111,-0.18589929797850288,4.346658490836091,2.130609828254235,6.359245238233858,40.0,10.272237196765499,34,Male,Hyderabad,339.0,11,3.82,6.715,1.0111799410029498,2798,0.032448377581120944,,,,,,,
T01590,R0289,Zone_6,13.07,82.78,293.03,Credit Card,2023-05-30,0,1.8525016351488113,1.0835056397538958,5.683681802949198,2.644044871126298,9.098351499035417,83.0,22.420045906656462,21,Other,Chennai,322.0,14,4.17,8.26625,3.8337888198757764,1813,0.043478260869565216,,,,,,,
T01591,R0081,Zone_9,13.32,85.06,120.07,Credit Card,2023-06-08,0,-0.16990221018843826,1.1396739998305505,4.7963688907196484,2.6616571615324998,9.222797840135064,85.0,9.014264264264263,42,Other,Mumbai,114.0,2,3.9,8.82,7.123421052631579,1690,0.017543859649122806,,,,,,,
T01592,R0167,Zone_3,16.51,157.13,247.42,Cash,2024-03-16,0,1.3191885027145378,1.856382274408666,5.5151208621160475,2.8627721462977607,12.535150577476124,157.0,14.986069049061173,44,Male,Hyderabad,117.0,5,4.75,9.187142857142858,9.192735042735043,1484,0.042735042735042736,Zone_3,12971.0,2.11,38.0,Business,High,2.0
T01593,R0241,Zone_10,8.98,88.78,113.68,Cash,2024-01-04,0,-0.24461983606554857,0.1645912688998232,4.742145641015169,2.300583090323373,9.422313940853382,89.0,12.659242761692651,34,Female,Chennai,165.0,3,3.28,11.43,4.619090909090909,2439,0.01818181818181818,,,,,,,
T01594,R0169,Zone_7,4.84,45.31,84.76,Wallet,2023-07-19,0,-0.5827784808802645,-0.7655567739695804,4.451552697322492,1.7647307968401356,6.731270311018568,45.0,17.51239669421488,32,Male,Delhi,497.0,81,4.19,10.058571428571428,2.841871227364185,1304,0.16297786720321933,,,,,,,
T01595,R0154,Zone_8,8.04,58.45,149.87,Credit Card,2023-02-05,0,0.17854618592077812,-0.046601764988399144,5.016418538851983,2.201659174404085,7.6452599694189605,58.0,18.640547263681594,18,Other,Kolkata,466.0,79,4.68,10.663076923076924,4.419570815450644,2733,0.16952789699570817,,,,,,,
T01596,R0236,Zone_5,4.88,46.24,119.52,Credit Card,2024-02-01,1,-0.17633330474750095,-0.7565698363573157,4.791815714262101,1.7715567619105355,6.8,46.0,24.491803278688526,28,Male,Ahmedabad,61.0,1,3.36,4.546363636363636,12.599016393442623,2229,0.01639344262295082,Zone_5,2590.0,1.31,43.9,Business,Medium,1.0
T01597,R0214,Zone_5,9.2,49.69,74.11,Credit Card,2023-12-30,0,-0.7073078573421153,0.21401942576727917,4.31895370569792,2.322387720290225,7.049113419430843,50.0,8.055434782608696,20,Female,Kolkata,210.0,2,4.53,6.793333333333333,3.2461428571428574,1464,0.009523809523809525,Zone_5,2590.0,1.31,43.9,Business,Medium,1.0
T01598,R0277,Zone_3,3.66,20.35,51.93,Cash,2023-04-27,0,-0.9666563615603172,-1.0306714335313911,3.9689702858698963,1.5390154481375546,4.511097427455985,20.0,14.188524590163933,42,Female,Jaipur,433.0,16,3.06,9.658888888888889,3.2397228637413393,2064,0.03695150115473441,Zone_3,12971.0,2.11,38.0,Business,High,2.0
T01599,R0196,Zone_1,12.51,69.51,154.55,Credit Card,2023-01-05,0,0.23326895416880278,0.9576885131821888,5.046967223343646,2.6034301519721073,8.337265738837884,70.0,12.354116706634693,18,Male,Hyderabad,51.0,9,4.93,7.995833333333334,31.831960784313726,2642,0.17647058823529413,Zone_1,4921.0,2.43,30.9,Residential,High,2.0
T01600,R0005,Zone_10,11.49,98.56,280.91,Cash,2023-10-25,1,1.7107836968654662,0.7285216040694373,5.641587871063083,2.5249283241374862,9.927738916792686,99.0,24.44821583986075,27,Male,Ahmedabad,294.0,30,3.53,7.322857142857144,3.1511904761904765,1935,0.10204081632653061,,,,,,,
T01601,R0083,Zone_2,8.7,83.36,191.83,Wallet,2024-03-06,0,0.669180236281272,0.10168270561396957,5.261808971731513,2.272125885509337,9.130169768410662,83.0,22.049425287356325,45,Female,Mumbai,475.0,39,4.4,9.262,2.9796421052631583,1721,0.08210526315789474,Zone_2,6371.0,0.91,58.4,Residential,Low,0.0
T01602,R0251,Zone_7,8.13,40.91,139.73,Wallet,2024-03-22,0,0.05998018805005805,-0.026381155360803047,4.946843161008476,2.211565694606877,6.396092557178953,41.0,17.186961869618692,46,Female,Mumbai,213.0,26,4.48,7.6819999999999995,3.5801877934272297,2439,0.12206572769953052,,,,,,,
T01603,R0264,Zone_5,7.02,57.96,96.68,Wallet,2024-07-23,0,-0.443399122436578,-0.27576867410115063,4.581696829802449,2.081938421878423,7.6131465242697125,58.0,13.772079772079774,27,Other,Delhi,401.0,54,3.59,4.1466666666666665,0.47408977556109727,2780,0.13466334164588528,Zone_5,2590.0,1.31,43.9,Business,Medium,1.0
T01604,R0253,Zone_10,14.56,124.59,132.54,Wallet,2024-01-10,0,-0.024091757185689063,1.4182690658107584,4.894401058429723,2.7447035187502458,11.161989070053778,125.0,9.103021978021976,26,Male,Surat,173.0,24,3.16,7.117142857142857,4.485086705202312,1855,0.13872832369942195,,,,,,,
T01605,R0077,Zone_1,13.94,83.86,238.65,Cash,2024-05-17,0,1.2166417767454836,1.2789715328206543,5.47917952560564,2.7040421797046714,9.157510578754469,84.0,17.119799139167863,28,Male,Mumbai,406.0,72,3.79,10.489999999999998,5.7729556650246305,2567,0.17733990147783252,Zone_1,4921.0,2.43,30.9,Residential,High,2.0
T01606,R0179,Zone_9,8.73,82.07,177.84,Wallet,2024-05-20,0,0.505596576497113,0.10842290882316839,5.18649155136578,2.2752138961979136,9.059249417032296,82.0,20.371134020618555,28,Male,Kolkata,274.0,14,4.64,6.3825,1.6658759124087592,1620,0.051094890510948905,,,,,,,
T01607,R0279,Zone_9,3.7199999999999998,18.65,52.72,UPI,2023-04-28,0,-0.9574189711936635,-1.017191027112994,3.9837853716550367,1.5518087995974639,4.318564576337836,19.0,14.172043010752688,25,Other,Pune,454.0,84,3.73,8.309999999999999,1.5398017621145372,1610,0.18502202643171806,,,,,,,
T01608,R0257,Zone_4,2.12,16.02,18.57,Cash,2024-05-05,0,-1.3567314788154667,-1.3766685316035847,2.9739977814079848,1.1378330018213911,4.0024992192379,16.0,8.75943396226415,36,Other,Delhi,459.0,19,4.82,8.015714285714285,1.7913507625272331,1286,0.04139433551198257,Zone_4,4038.0,2.46,48.2,Business,High,2.0
T01609,R0040,Zone_3,9.44,53.61,232.99,UPI,2024-06-09,1,1.150459967283129,0.26794105144086783,5.455278379401799,2.3456445824544927,7.321885003194191,54.0,24.681144067796613,34,Other,Surat,485.0,36,4.41,8.045,2.352061855670103,1231,0.07422680412371134,Zone_3,12971.0,2.11,38.0,Business,High,2.0
T01610,R0186,Zone_10,4.8100000000000005,32.34,69.28,UPI,2023-03-13,0,-0.7637845604698843,-0.7722969771787789,4.252487263318897,1.75958057086382,5.686826883245173,32.0,14.403326403326401,18,Other,Hyderabad,373.0,19,3.26,9.797142857142857,2.5169436997319035,2106,0.05093833780160858,,,,,,,
T01611,R0104,Zone_2,10.38,81.05,102.76,UPI,2024-03-23,0,-0.37230629531093923,0.4791340853290902,4.642080540008188,2.431857428698185,9.002777349240622,81.0,9.89980732177264,52,Male,Kolkata,328.0,1,3.7,5.187777777777779,2.3335060975609756,1939,0.003048780487804878,Zone_2,6371.0,0.91,58.4,Residential,Low,0.0
T01612,R0271,Zone_4,6.07,60.67,117.3,Wallet,2023-09-24,0,-0.2022915409677177,-0.4892084423924387,4.773223770984341,1.9558604799084813,7.789094941005662,61.0,19.32454695222405,22,Male,Bengaluru,58.0,6,4.37,8.1275,16.013448275862068,1441,0.10344827586206896,Zone_4,4038.0,2.46,48.2,Business,High,2.0
T01613,R0025,Zone_4,11.87,88.44,159.39,Cash,2023-09-08,0,0.2898625862885544,0.8138975113859525,5.077608349349287,2.554899021608035,9.404254356406998,88.0,13.427969671440607,21,Female,Mumbai,42.0,3,4.01,9.45,17.129285714285714,1791,0.07142857142857142,Zone_4,4038.0,2.46,48.2,Business,High,2.0
T01614,R0100,Zone_2,9.04,72.33,200.2,Cash,2023-06-11,0,0.767049802571008,0.17807167531822007,5.304299438225584,2.306577114263583,8.504704580407246,72.0,22.146017699115045,28,Male,Delhi,383.0,60,3.79,8.454166666666667,4.327650130548303,1942,0.1566579634464752,Zone_2,6371.0,0.91,58.4,Residential,Low,0.0
T01615,R0101,Zone_9,12.99,106.71,165.87,Credit Card,2023-07-26,0,0.36563257309351166,1.0655317645293663,5.117215066158812,2.63834278867739,10.330053242844395,107.0,12.76905311778291,37,Female,Delhi,228.0,29,3.03,9.058,2.9445614035087715,2146,0.12719298245614036,,,,,,,
T01616,R0295,Zone_6,3.17,26.19,63.07,Credit Card,2023-05-12,0,-0.8363974644913016,-1.1407614192816344,4.15997623565093,1.4279160358107101,5.117616632769594,26.0,19.895899053627762,18,Female,Delhi,98.0,18,3.59,4.974444444444444,5.34734693877551,2668,0.1836734693877551,,,,,,,
T01617,R0015,Zone_9,6.86,36.69,158.93,Credit Card,2024-07-15,1,0.2844838526573385,-0.31171642455020954,5.074736219502779,2.061786606441115,6.057227088363123,37.0,23.167638483965014,28,Other,Chennai,46.0,1,3.87,6.0,12.996739130434783,1368,0.021739130434782608,,,,,,,
T01618,R0212,Zone_8,19.08,127.16,432.46,Cash,2024-05-12,0,3.4828425703672012,2.4337930159966765,6.071799519760256,2.9997242948235283,11.276524287208359,127.0,22.665618448637318,36,Female,Ahmedabad,73.0,12,3.22,8.368571428571428,16.18246575342466,1102,0.1643835616438356,,,,,,,
T01619,R0049,Zone_10,4.52,32.2,63.01,Cash,2023-09-04,0,-0.8370990384431993,-0.8374522748676987,4.159039321153912,1.7083778602890038,5.674504383644443,32.0,13.940265486725664,39,Male,Mumbai,375.0,55,4.4,9.728333333333333,2.6144,2312,0.14666666666666667,,,,,,,
T01620,R0059,Zone_2,12.21,89.57,237.49,UPI,2023-04-23,0,1.2030780136754604,0.8902864810902034,5.474327380728188,2.580974118534234,9.464142856064674,90.0,19.45045045045045,43,Male,Delhi,357.0,11,3.27,8.75,1.4979831932773109,1872,0.03081232492997199,Zone_2,6371.0,0.91,58.4,Residential,Low,0.0
T01621,R0062,Zone_6,10.09,66.64,113.63,Credit Card,2023-03-10,0,-0.2452044810254635,0.4139787876401704,4.741709550126918,2.4060438013622756,8.16333265278342,67.0,11.261645193260653,38,Male,Jaipur,57.0,3,3.58,9.435714285714285,15.605438596491227,2684,0.05263157894736842,,,,,,,
T01622,R0031,Zone_10,14.43,83.28,128.31,Credit Card,2023-11-02,0,-0.07355272079448037,1.3890615185708977,4.86221262230776,2.7363136663750693,9.125787637239867,83.0,8.891891891891893,29,Female,Hyderabad,230.0,21,4.62,9.016666666666667,1.699173913043478,1239,0.09130434782608696,,,,,,,
T01623,R0130,Zone_6,7.13,63.26,131.57,UPI,2024-04-03,0,-0.03543386940803602,-0.25105459566742244,4.887110807810759,2.0955609235597192,7.9536155300592695,63.0,18.453015427769984,27,Female,Pune,316.0,62,3.62,6.3625,2.836487341772152,2770,0.1962025316455696,,,,,,,
T01624,R0267,Zone_3,13.95,100.44,191.44,Credit Card,2023-01-24,0,0.6646200055939364,1.2812182672237205,5.259784416831253,2.7047112998366956,10.02197585309404,100.0,13.723297491039427,37,Other,Jaipur,131.0,11,4.5,9.437999999999999,5.203740458015267,2085,0.08396946564885496,Zone_3,12971.0,2.11,38.0,Business,High,2.0
T01625,R0204,Zone_4,14.08,86.32,142.21,Wallet,2024-05-19,0,0.08897857806183197,1.310425814463581,4.9643120844906115,2.71336936257981,9.290855719469548,86.0,10.100142045454547,37,Female,Hyderabad,438.0,5,3.73,9.687142857142858,2.0578767123287673,2816,0.01141552511415525,Zone_4,4038.0,2.46,48.2,Business,High,2.0
T01626,R0266,Zone_10,8.98,63.43,121.26,Wallet,2023-10-15,0,-0.15598766014246607,0.1645912688998232,4.80614992460058,2.300583090323373,7.964295323504773,63.0,13.503340757238307,29,Other,Chennai,98.0,13,3.9,8.107777777777777,12.729081632653061,2183,0.1326530612244898,,,,,,,
T01627,R0138,Zone_7,2.18,11.6,40.84,Wallet,2024-07-29,0,-1.0963306136694182,-1.3631881251851876,3.7338528197566676,1.1568811967920856,3.40587727318528,12.0,18.73394495412844,46,Male,Kolkata,13.0,0,3.53,6.25,39.95692307692308,1512,0.0,,,,,,,
T01628,R0063,Zone_6,12.57,66.91,195.23,UPI,2024-06-19,0,0.7089360935554776,0.9711689196005862,5.279287440641231,2.6078614738467776,8.179853299418028,67.0,15.531424025457436,34,Male,Surat,329.0,33,4.83,11.258333333333333,3.7828571428571425,1245,0.10030395136778116,,,,,,,
T01629,R0260,Zone_2,3.13,28.76,62.82,UPI,2024-05-10,0,-0.8393206892908756,-1.1497483568938993,4.156066620850098,1.4182774069729414,5.362835071116769,29.0,20.070287539936103,55,Other,Mumbai,63.0,3,4.24,6.298333333333333,10.94063492063492,2619,0.047619047619047616,Zone_2,6371.0,0.91,58.4,Residential,Low,0.0
T01630,R0067,Zone_5,7.31,39.41,165.12,UPI,2023-04-01,0,0.3568628986947898,-0.21061337641223105,5.1127104187625525,2.1174596088673567,6.2777384462878025,39.0,22.58823529411765,32,Male,Pune,348.0,9,3.38,8.697692307692307,5.302212643678161,1516,0.02586206896551724,Zone_5,2590.0,1.31,43.9,Business,Medium,1.0
T01631,R0177,Zone_1,12.73,110.74,235.51,Credit Card,2024-07-15,0,1.1799260732628343,1.0071166700496452,5.465990490336171,2.6195832197798796,10.523307464861036,111.0,18.500392772977218,34,Other,Bengaluru,489.0,63,4.48,9.645,3.8175051124744375,1310,0.12883435582822086,Zone_1,4921.0,2.43,30.9,Residential,High,2.0
T01632,R0007,Zone_8,13.46,95.47,174.21,Credit Card,2023-04-26,0,0.4631513524072991,1.1711282814734774,5.165985254498996,2.671386216730619,9.770875088752286,95.0,12.942793462109956,18,Female,Mumbai,458.0,82,4.03,6.603333333333334,1.3033187772925765,2001,0.17903930131004367,,,,,,,
T01633,R0232,Zone_6,6.26,62.59,81.29,Credit Card,2023-04-09,0,-0.6233528410983511,-0.4465204887341812,4.410249593617622,1.9823798288367047,7.911384202527394,63.0,12.98562300319489,38,Male,Jaipur,172.0,15,3.94,7.169230769230769,8.667674418604651,1379,0.0872093023255814,,,,,,,
T01634,R0066,Zone_4,11.13,81.26,140.6,Cash,2023-12-09,0,0.0701530103525755,0.6476391655590545,4.953006181259619,2.495681722955959,9.01443287178955,81.0,12.632524707996405,38,Female,Bengaluru,167.0,28,4.72,10.6175,3.449940119760479,1567,0.16766467065868262,Zone_4,4038.0,2.46,48.2,Business,High,2.0
T01635,R0291,Zone_9,0.29,2.87,4.66,Wallet,2023-08-03,0,-1.519379706663762,-1.7878209273646979,1.7334238922150915,0.2546422183735807,1.6941074346097416,3.0,16.06896551724138,23,Other,Pune,499.0,94,3.46,7.741666666666667,1.59436873747495,1977,0.18837675350701402,,,,,,,
T01636,R0009,Zone_2,5.64,36.01,62.56,Wallet,2024-05-28,0,-0.8423608430824323,-0.5858180217242851,4.151984341668515,1.8931119634883424,6.000833275470999,36.0,11.092198581560284,42,Female,Ahmedabad,172.0,21,4.11,9.268571428571429,5.327848837209302,2468,0.12209302325581395,Zone_2,6371.0,0.91,58.4,Residential,Low,0.0
T01637,R0044,Zone_7,15.34,123.22,134.21,Credit Card,2023-04-05,0,-0.004564615524534811,1.5935143492499213,4.906829125370667,2.7936160894318567,11.10045044131093,123.0,8.749022164276402,36,Female,Hyderabad,271.0,5,3.21,10.226,6.127380073800738,2238,0.01845018450184502,,,,,,,
T01638,R0002,Zone_8,14.72,101.63,148.43,Cash,2023-02-08,0,0.16170841107523212,1.4542168162598175,5.006828055753302,2.7549337870010606,10.081170566953025,102.0,10.083559782608695,39,Female,Mumbai,70.0,5,4.12,10.812857142857142,16.794428571428572,2490,0.07142857142857142,,,,,,,
T01639,R0292,Zone_7,11.35,79.85,93.29,Wallet,2023-12-11,0,-0.4830380507188009,0.6970673224265106,4.546375139477586,2.513656063073986,8.935882720806042,80.0,8.219383259911895,37,Female,Jaipur,141.0,19,4.39,8.817777777777778,8.070141843971632,2272,0.1347517730496454,,,,,,,
T01640,R0124,Zone_7,7.29,37.66,85.71,UPI,2024-06-29,0,-0.5716702266418836,-0.21510684521836335,4.462569217389069,2.1150499691472033,6.136774397026503,38.0,11.757201646090534,37,Other,Hyderabad,419.0,25,3.59,8.516,1.5354415274463007,1561,0.059665871121718374,,,,,,,
T01641,R0250,Zone_3,12.24,92.52,209.81,Cash,2023-08-07,0,0.8794185638666312,0.8970266842994018,5.350957253872216,2.5832425505088623,9.618731725128837,93.0,17.141339869281044,34,Female,Jaipur,163.0,31,4.63,8.368888888888888,6.91601226993865,2054,0.1901840490797546,Zone_3,12971.0,2.11,38.0,Business,High,2.0
T01642,R0271,Zone_8,7.88,75.96,74.58,UPI,2023-05-11,0,-0.7018121947189163,-0.08254951543745805,4.325191697921343,2.1838015570040787,8.71550342780037,76.0,9.464467005076141,22,Male,Bengaluru,58.0,6,4.37,8.1275,16.013448275862068,1441,0.10344827586206896,,,,,,,
T01643,R0271,Zone_5,8.84,69.96,205.88,Credit Card,2023-10-03,1,0.8334654700173284,0.13313698725689638,5.332138915023547,2.286455711064162,8.364209466530593,70.0,23.289592760180994,22,Male,Bengaluru,58.0,6,4.37,8.1275,16.013448275862068,1441,0.10344827586206896,Zone_5,2590.0,1.31,43.9,Business,Medium,1.0
T01644,R0155,Zone_10,8.44,46.57,105.78,Wallet,2023-08-26,0,-0.33699373973208585,0.043267611134248624,4.67077064307204,2.244955980157409,6.824221567329126,47.0,12.533175355450238,23,Male,Hyderabad,353.0,8,3.14,7.61375,2.639405099150142,2776,0.0226628895184136,,,,,,,
T01645,R0018,Zone_7,4.12,37.56,46.6,Credit Card,2023-05-07,0,-1.0289795142872342,-0.9273216509903462,3.8628327612373745,1.6331544390514163,6.128621378417825,38.0,11.310679611650485,49,Female,Delhi,446.0,86,3.29,9.031666666666666,2.3415470852017934,1347,0.19282511210762332,,,,,,,
T01646,R0157,Zone_3,11.63,91.2,170.93,Wallet,2024-01-24,0,0.4247986430368887,0.7599758857123642,5.147087417231756,2.5360749363624,9.549869109050658,91.0,14.697334479793637,36,Female,Hyderabad,319.0,27,4.65,11.39,5.880658307210031,1759,0.08463949843260188,Zone_3,12971.0,2.11,38.0,Business,High,2.0
T01647,R0026,Zone_10,2.65,18.2,25.4,Cash,2023-09-29,0,-1.276868977291106,-1.2575916082410763,3.2733640101522705,1.2947271675944,4.266145801540309,18.0,9.584905660377359,26,Female,Surat,44.0,5,3.17,8.81,22.11795454545455,2344,0.11363636363636363,,,,,,,
T01648,R0196,Zone_3,11.88,114.22,118.56,Credit Card,2024-06-05,0,-0.1875584879778649,0.816144245789019,4.783818337415737,2.5556757206762075,10.687375730271674,114.0,9.97979797979798,18,Male,Hyderabad,51.0,9,4.93,7.995833333333334,31.831960784313726,2642,0.17647058823529413,Zone_3,12971.0,2.11,38.0,Business,High,2.0
T01649,R0253,Zone_4,3.2,28.3,49.71,UPI,2023-06-28,0,-0.992614597780534,-1.134021216072436,3.926123129806928,1.4350845252893227,5.319774431308154,28.0,15.534374999999999,26,Male,Surat,173.0,24,3.16,7.117142857142857,4.485086705202312,1855,0.13872832369942195,Zone_4,4038.0,2.46,48.2,Business,High,2.0
T01650,R0261,Zone_2,4.39,23.72,49.3,Cash,2024-03-29,0,-0.9974086864518353,-0.8666598221075591,3.9180050771056933,1.6845453849209058,4.870318264754368,24.0,11.230068337129842,31,Male,Pune,477.0,83,4.24,8.195,1.3621174004192873,1483,0.1740041928721174,Zone_2,6371.0,0.91,58.4,Residential,Low,0.0
T01651,R0097,Zone_2,6.2,61.2,102.4,UPI,2024-01-23,0,-0.37651573902232577,-0.46000089515257825,4.638604962074329,1.9740810260220096,7.8230428862431785,61.0,16.516129032258064,23,Other,Bengaluru,478.0,5,3.28,8.67875,2.3370292887029285,2061,0.010460251046025104,Zone_2,6371.0,0.91,58.4,Residential,Low,0.0
T01652,R0214,Zone_10,7.22,57.99,164.58,Wallet,2024-05-16,0,0.3505487331277101,-0.23083398603982674,5.10945446171066,2.1065702090680882,7.61511654539837,58.0,22.795013850415515,20,Female,Kolkata,210.0,2,4.53,6.793333333333333,3.2461428571428574,1464,0.009523809523809525,,,,,,,
T01653,R0250,Zone_5,8.95,64.68,119.38,UPI,2024-06-18,0,-0.17797031063526236,0.15785106569062438,4.790653406119625,2.2975725511705014,8.04238770515324,65.0,13.33854748603352,34,Female,Jaipur,163.0,31,4.63,8.368888888888888,6.91601226993865,2054,0.1901840490797546,Zone_5,2590.0,1.31,43.9,Business,Medium,1.0
T01654,R0125,Zone_1,12.14,94.46,296.53,UPI,2023-06-03,1,1.8934267823428468,0.8745593402687399,5.695515060237774,2.5756610130564646,9.719053451854249,94.0,24.42586490939044,44,Male,Ahmedabad,99.0,19,3.89,9.295,11.28040404040404,1244,0.1919191919191919,Zone_1,4921.0,2.43,30.9,Residential,High,2.0
T01655,R0196,Zone_6,14.55,91.15,168.41,Cash,2024-05-10,0,0.395332537057183,1.4160223314076923,5.132321812352855,2.744060638625243,9.547250913221042,91.0,11.574570446735395,18,Male,Hyderabad,51.0,9,4.93,7.995833333333334,31.831960784313726,2642,0.17647058823529413,,,,,,,
T01656,R0185,Zone_10,0.55,5.47,9.49,Wallet,2023-06-10,0,-1.4629030035359931,-1.7294058328849768,2.3504224224082058,0.4382549309311553,2.3388031127052997,5.0,17.254545454545454,27,Male,Delhi,201.0,12,4.05,6.247142857142857,3.7018905472636816,1847,0.05970149253731343,,,,,,,
T01657,R0246,Zone_3,12.92,108.63,201.25,Cash,2023-08-16,0,0.7793273467292187,1.0498046237079028,5.309504555938601,2.6333266549062735,10.422571659624126,109.0,15.576625386996904,29,Other,Mumbai,240.0,34,4.79,6.978333333333333,6.460624999999999,1996,0.14166666666666666,Zone_3,12971.0,2.11,38.0,Business,High,2.0
T01658,R0184,Zone_1,5.68,33.74,133.83,UPI,2024-03-30,1,-0.009007917219887179,-0.5768310841120203,4.904014725645983,1.8991179875485542,5.808614292583043,34.0,23.561619718309863,29,Female,Surat,285.0,27,3.97,8.645,4.2551578947368425,2388,0.09473684210526316,Zone_1,4921.0,2.43,30.9,Residential,High,2.0
T01659,R0086,Zone_8,7.64,68.83,107.37,UPI,2023-07-01,0,-0.3184020300067954,-0.13647114111104672,4.685551297934904,2.1564025828159643,8.296384754819414,69.0,14.05366492146597,23,Male,Hyderabad,337.0,17,4.56,10.780000000000001,3.352581602373887,2505,0.050445103857566766,,,,,,,
T01660,R0095,Zone_1,7.47,54.57,181.06,UPI,2023-03-09,1,0.5432477119156256,-0.17466562596317195,5.204336303077143,2.136530508663963,7.387151006985034,55.0,24.238286479250334,29,Female,Chennai,481.0,77,4.26,8.826923076923077,4.085571725571726,2171,0.1600831600831601,Zone_1,4921.0,2.43,30.9,Residential,High,2.0
T01661,R0173,Zone_5,5.75,37.23,46.87,UPI,2023-11-15,0,-1.0258224315036941,-0.5611039432905569,3.8684890034044175,1.9095425048844386,6.10163912403872,37.0,8.151304347826086,26,Other,Mumbai,389.0,55,4.28,7.148571428571429,2.2145758354755785,2437,0.14138817480719795,Zone_5,2590.0,1.31,43.9,Business,Medium,1.0
T01662,R0149,Zone_4,3.55,31.84,59.18,Credit Card,2024-05-27,0,-0.8818828423726722,-1.0553855119651192,4.0973400712018995,1.5151272329628591,5.642694391866354,32.0,16.67042253521127,30,Male,Jaipur,89.0,8,4.57,6.0600000000000005,7.428314606741573,2560,0.0898876404494382,Zone_4,4038.0,2.46,48.2,Business,High,2.0
T01663,R0294,Zone_4,9.4,87.11,128.34,Cash,2023-09-18,0,-0.07320193381853149,0.2589541138286032,4.862444596018447,2.341805806147327,9.333273809334,87.0,13.653191489361703,24,Male,Surat,41.0,7,3.2,8.097142857142858,20.37560975609756,1994,0.17073170731707318,Zone_4,4038.0,2.46,48.2,Business,High,2.0
T01664,R0283,Zone_5,12.06,77.85,274.76,Wallet,2024-03-08,0,1.6388723667959464,0.8565854650442104,5.61953092220861,2.569554123848285,8.823264701911645,78.0,22.782752902155885,19,Male,Surat,245.0,45,3.55,7.9957142857142856,4.135632653061225,1190,0.1836734693877551,Zone_5,2590.0,1.31,43.9,Business,Medium,1.0
T01665,R0293,Zone_1,1.7000000000000002,9.4,23.4,Wallet,2023-02-13,0,-1.3002547756876977,-1.4710313765323646,3.1945831322991562,0.9932517730102834,3.0659419433511785,9.0,13.764705882352938,39,Female,Delhi,248.0,44,3.2,5.605,1.6186290322580645,2543,0.1774193548387097,Zone_1,4921.0,2.43,30.9,Residential,High,2.0
T01666,R0247,Zone_9,7.9,54.08,140.92,Wallet,2024-05-03,0,0.07389473809603009,-0.07805604663132557,4.955263518561269,2.186051276738094,7.353910524340094,54.0,17.837974683544303,37,Male,Bengaluru,249.0,47,4.92,10.267692307692307,9.587590361445782,1955,0.18875502008032127,,,,,,,
T01667,R0112,Zone_6,4.85,26.32,50.99,Wallet,2024-08-21,0,-0.9776476868067152,-0.7633100395665143,3.9510513923956245,1.766441661243765,5.130302135352264,26.0,10.513402061855672,41,Female,Delhi,311.0,11,3.24,8.953,3.6986173633440513,2134,0.03536977491961415,,,,,,,
T01668,R0012,Zone_9,13.48,88.12,180.67,Credit Card,2023-09-08,0,0.53868748122829,1.1756217502796096,5.202191854450653,2.6727683869575705,9.387225362161068,88.0,13.402818991097922,31,Female,Hyderabad,248.0,11,3.31,5.822,1.4224193548387096,1702,0.04435483870967742,,,,,,,
T01669,R0018,Zone_9,10.47,104.34,254.12,Credit Card,2023-02-11,1,1.3975309273431202,0.4993546949566859,5.541734022701802,2.4397349311412793,10.214695296483395,104.0,24.271251193887295,49,Female,Delhi,446.0,86,3.29,9.031666666666666,2.3415470852017934,1347,0.19282511210762332,,,,,,,
T01670,R0027,Zone_9,15.54,102.56,248.87,Wallet,2023-05-12,0,1.336143206552067,1.6384490373112448,5.520940782615359,2.805781689595545,10.12719112093773,103.0,16.014800514800516,39,Male,Jaipur,403.0,61,3.98,7.22875,2.050620347394541,2539,0.1513647642679901,,,,,,,
T01671,R0132,Zone_9,0.26,2.04,3.01,Wallet,2023-12-06,0,-1.5386729903409502,-1.7945611305738964,1.3887912413184778,0.23111172096338664,1.42828568570857,2.0,11.576923076923075,23,Male,Surat,484.0,25,3.32,6.309090909090909,2.2556404958677687,1378,0.05165289256198347,,,,,,,
T01672,R0263,Zone_10,13.17,85.57,307.13,Wallet,2024-03-08,1,2.017371513844783,1.1059729837845576,5.730521771845822,2.6511270537025893,9.250405396521819,86.0,23.320425208807897,31,Other,Chennai,297.0,21,3.84,8.718333333333332,5.2110101010101015,2087,0.0707070707070707,,,,,,,
T01673,R0065,Zone_9,8.81,81.96,76.13,Cash,2023-12-21,0,-0.6836882009615578,0.12639678404769794,4.345492309945908,2.2834022735772717,9.053176238205019,82.0,8.641316685584561,43,Other,Mumbai,180.0,32,4.52,8.173333333333334,2.370611111111111,1177,0.17777777777777778,,,,,,,
T01674,R0195,Zone_10,4.37,36.96,84.07,Cash,2023-05-31,0,-0.5908465813270888,-0.8711532909136914,4.443474446987793,1.6808279085207734,6.079473661428265,37.0,19.23798627002288,33,Male,Kolkata,72.0,10,4.97,7.813333333333334,14.502361111111112,1939,0.1388888888888889,,,,,,,
T01675,R0138,Zone_1,10.45,53.5,170.59,Wallet,2024-03-12,0,0.42082305730946806,0.49486122615055317,5.14510791029753,2.4379897300002487,7.314369419163897,54.0,16.3244019138756,46,Male,Kolkata,13.0,0,3.53,6.25,39.95692307692308,1512,0.0,Zone_1,4921.0,2.43,30.9,Residential,High,2.0
T01676,R0213,Zone_1,15.83,84.55,300.77,UPI,2024-06-26,0,1.9430046749436212,1.7036043350001646,5.709665137814357,2.8231630082027146,9.195107394696377,85.0,19.0,29,Female,Chennai,456.0,26,3.74,6.7877777777777775,2.3342105263157893,2662,0.05701754385964912,Zone_1,4921.0,2.43,30.9,Residential,High,2.0
T01677,R0089,Zone_10,16.02,96.02,276.89,UPI,2023-08-11,0,1.6637782420883165,1.7462922886584222,5.627225351934046,2.834389123145228,9.798979538707078,96.0,17.28401997503121,48,Other,Surat,308.0,6,3.91,9.981111111111112,4.595941558441559,1457,0.01948051948051948,,,,,,,
T01678,R0147,Zone_9,12.11,103.45,251.23,Cash,2024-06-18,0,1.363738448660045,0.8678191370595411,5.530341369668184,2.5733752977756086,10.171037311896953,103.0,20.745664739884393,35,Other,Mumbai,239.0,21,3.91,7.94375,4.272970711297071,1480,0.08786610878661087,,,,,,,
T01679,R0204,Zone_10,3.04,18.36,46.52,UPI,2024-06-18,0,-1.0299149462230976,-1.169968966521495,3.8611506750543896,1.3962446919730587,4.28485705712571,18.0,15.30263157894737,37,Female,Hyderabad,438.0,5,3.73,9.687142857142858,2.0578767123287673,2816,0.01141552511415525,,,,,,,
T01680,R0067,Zone_2,9.55,70.55,139.31,Credit Card,2023-12-03,0,0.05506917038677395,0.2926551298745962,4.943854260405905,2.3561258599220753,8.399404740813482,71.0,14.587434554973822,32,Male,Pune,348.0,9,3.38,8.697692307692307,5.302212643678161,1516,0.02586206896551724,Zone_2,6371.0,0.91,58.4,Residential,Low,0.0
T01681,R0090,Zone_4,9.71,84.65,212.98,Cash,2023-03-28,0,0.9164850543252289,0.3286028803236553,5.3658825527104606,2.3711778844596574,9.200543462209176,85.0,21.934088568486093,33,Female,Mumbai,152.0,25,4.51,10.813,12.998355263157896,2055,0.16447368421052633,Zone_4,4038.0,2.46,48.2,Business,High,2.0
T01682,R0162,Zone_5,14.21,105.79,305.85,Credit Card,2023-05-26,0,2.0024046028709646,1.3396333617034417,5.726359028835106,2.7219531062712017,10.285426583277916,106.0,21.52357494722027,30,Male,Hyderabad,394.0,38,4.28,8.855,2.3779187817258887,1130,0.09644670050761421,Zone_5,2590.0,1.31,43.9,Business,Medium,1.0
T01683,R0225,Zone_10,7.18,36.97,138.49,Wallet,2023-08-13,0,0.04548099304417143,-0.23982092365209154,4.937992914104144,2.1016921506146558,6.080296045424104,37.0,19.2883008356546,39,Female,Delhi,465.0,9,4.08,8.055,1.4471397849462366,2285,0.01935483870967742,,,,,,,
T01684,R0100,Zone_10,8.08,75.65,66.07,UPI,2023-05-28,0,-0.801318766896414,-0.03761482737613417,4.205736850111646,2.206074192613202,8.697700845625814,76.0,8.176980198019802,28,Male,Delhi,383.0,60,3.79,8.454166666666667,4.327650130548303,1942,0.1566579634464752,,,,,,,
T01685,R0134,Zone_10,4.73,44.0,114.72,Credit Card,2024-07-02,1,-0.23245922089932097,-0.7902708524033084,4.751173480107934,1.7457155307266483,6.6332495807108,44.0,24.253699788583507,34,Male,Jaipur,410.0,29,4.59,7.974285714285714,2.644878048780488,1510,0.07073170731707316,,,,,,,
T01686,R0209,Zone_3,11.34,91.7,149.77,Credit Card,2024-05-15,0,0.1773768960009486,0.6948205880234444,5.0157554967908276,2.5128460184772416,9.57601169589929,92.0,13.207231040564375,31,Other,Surat,109.0,20,3.77,7.315,6.743944954128441,2289,0.1834862385321101,Zone_3,12971.0,2.11,38.0,Business,High,2.0
T01687,R0262,Zone_1,6.92,58.18,118.05,UPI,2024-02-17,0,-0.19352186656899584,-0.2982360181318125,4.779543572932872,2.0693912058263346,7.6275815302099526,58.0,17.059248554913296,30,Male,Ahmedabad,6.0,0,3.35,6.624444444444445,161.22666666666666,2706,0.0,Zone_1,4921.0,2.43,30.9,Residential,High,2.0
T01688,R0244,Zone_9,8.93,75.16,210.43,Cash,2024-02-20,1,0.8866681613695747,0.15335759688449208,5.353893974436778,2.295560478057081,8.669486720677297,75.0,23.564389697648377,24,Female,Kolkata,27.0,1,3.13,8.8275,24.00777777777778,2705,0.037037037037037035,,,,,,,
T01689,R0140,Zone_4,5.65,44.27,75.01,Cash,2024-04-26,0,-0.696784248063649,-0.5835712873212188,4.330864910577949,1.8946168546677629,6.653570470055908,44.0,13.276106194690266,29,Female,Delhi,499.0,45,4.92,6.962000000000001,1.3617835671342684,2344,0.09018036072144289,Zone_4,4038.0,2.46,48.2,Business,High,2.0
T01690,R0108,Zone_2,8.24,47.99,153.95,Credit Card,2023-06-04,0,0.22625321464982498,-0.0016670769270750606,5.043102484233757,2.2235418856535927,6.927481504847198,48.0,18.683252427184463,18,Male,Pune,184.0,32,4.88,6.228571428571429,4.754836956521739,2666,0.17391304347826086,Zone_2,6371.0,0.91,58.4,Residential,Low,0.0
T01691,R0091,Zone_7,2.6,23.78,35.54,Credit Card,2023-11-27,0,-1.1583029794203863,-1.2688252802564075,3.5984075509498608,1.2809338454620642,4.876474136094644,24.0,13.669230769230769,41,Other,Surat,334.0,43,3.4,7.1257142857142854,2.7054191616766468,1615,0.12874251497005987,,,,,,,
T01692,R0144,Zone_3,8.8,66.55,137.95,Wallet,2023-02-07,0,0.03916682747709143,0.1241500496446318,4.934114156188513,2.2823823856765264,8.15781833580523,67.0,15.676136363636362,34,Other,Pune,194.0,10,3.52,9.385555555555555,8.002319587628865,2055,0.05154639175257732,Zone_3,12971.0,2.11,38.0,Business,High,2.0
T01693,R0092,Zone_2,4.99,38.39,47.48,Cash,2024-06-18,0,-1.0186897629927338,-0.7318557579235875,3.881151341761059,1.7900914121273581,6.1959664298638675,38.0,9.515030060120239,21,Male,Surat,252.0,23,4.51,11.438,3.415357142857143,2618,0.09126984126984126,Zone_2,6371.0,0.91,58.4,Residential,Low,0.0
T01694,R0288,Zone_2,11.5,81.69,222.26,Credit Card,2024-02-27,0,1.0249951588854143,0.7307683384725036,5.408337011586586,2.5257286443082556,9.038252043398657,82.0,19.32695652173913,42,Male,Ahmedabad,43.0,5,4.56,6.51,18.50232558139535,1844,0.11627906976744186,Zone_2,6371.0,0.91,58.4,Residential,Low,0.0
T01695,R0028,Zone_6,17.24,165.21,428.63,UPI,2024-02-16,1,3.4380587664377287,2.0203938858324975,6.062924373158721,2.9036169846461855,12.853404218338424,165.0,24.862529002320187,20,Female,Surat,249.0,21,3.79,10.61,6.218915662650603,1041,0.08433734939759036,,,,,,,
T01696,R0063,Zone_6,12.23,64.78,266.78,Cash,2023-11-26,0,1.5455630311935453,0.8947799498963356,5.590165747869233,2.5824869781268642,8.048602363143553,65.0,21.813573180703187,34,Male,Surat,329.0,33,4.83,11.258333333333333,3.7828571428571425,1245,0.10030395136778116,,,,,,,
T01697,R0075,Zone_10,2.4,16.38,23.94,UPI,2023-08-14,0,-1.2939406101206181,-1.3137599683177312,3.2164729402518906,1.2237754316221157,4.047221268969612,16.0,9.975000000000001,18,Female,Mumbai,108.0,7,4.83,11.7875,6.526018518518519,1966,0.06481481481481481,,,,,,,
T01698,R0096,Zone_3,6.2,61.65,93.59,UPI,2023-01-25,0,-0.4795301809593122,-0.46000089515257825,4.549551762225079,1.9740810260220096,7.85175139698144,62.0,15.095161290322581,40,Female,Kolkata,121.0,3,4.46,5.482,2.933471074380165,2455,0.024793388429752067,Zone_3,12971.0,2.11,38.0,Business,High,2.0
T01699,R0119,Zone_2,0.05,0.48,0.71,Wallet,2023-08-19,0,-1.5655666584970305,-1.8417425530382863,0.5364933705145685,0.048790164169432,0.6928203230275509,0.0,14.2,47,Male,Hyderabad,30.0,1,4.39,5.846,13.431333333333333,1231,0.03333333333333333,Zone_2,6371.0,0.91,58.4,Residential,Low,0.0
T01700,R0237,Zone_9,8.07,47.69,107.17,UPI,2023-01-08,0,-0.3207406098464546,-0.03986156177920031,4.683704063642198,2.2049722641270453,6.905794668247818,48.0,13.280049566294919,40,Male,Chennai,36.0,3,3.71,9.737,49.20527777777777,1374,0.08333333333333333,,,,,,,
T01701,R0224,Zone_8,0.87,7.64,14.27,Credit Card,2023-10-22,0,-1.407010945368139,-1.6575103319868587,2.725890119230541,0.6259384308664953,2.7640549922170505,8.0,16.402298850574713,29,Female,Ahmedabad,200.0,1,4.31,5.958571428571429,2.5707,2235,0.005,,,,,,,
T01702,R0242,Zone_1,1.99,10.0,42.27,UPI,2023-05-11,0,-1.079609767815855,-1.405876078843445,3.7674595542367935,1.095273387402595,3.1622776601683795,10.0,21.241206030150757,34,Male,Ahmedabad,445.0,8,4.54,3.7528571428571427,0.7375056179775281,1565,0.017977528089887642,Zone_1,4921.0,2.43,30.9,Residential,High,2.0
T01703,R0246,Zone_3,13.48,88.14,273.92,Wallet,2023-02-19,0,1.629050331469378,1.1756217502796096,5.616480146253404,2.6727683869575705,9.38829057922687,88.0,20.320474777448073,29,Other,Mumbai,240.0,34,4.79,6.978333333333333,6.460624999999999,1996,0.14166666666666666,Zone_3,12971.0,2.11,38.0,Business,High,2.0
T01704,R0282,Zone_5,12.31,113.54,272.04,Wallet,2024-07-15,0,1.607067680976582,0.9127538251208652,5.609618304598452,2.58851563240702,10.655515003977987,114.0,22.09910641754671,22,Other,Bengaluru,319.0,3,4.47,10.318888888888889,4.387931034482759,1599,0.009404388714733543,Zone_5,2590.0,1.31,43.9,Business,Medium,1.0
T01705,R0288,Zone_7,0.4,3.68,4.43,UPI,2023-11-12,0,-1.5220690734793698,-1.7631068489309696,1.691939133945844,0.33647223662121295,1.9183326093250879,4.0,11.075,42,Male,Ahmedabad,43.0,5,4.56,6.51,18.50232558139535,1844,0.11627906976744186,,,,,,,
T01706,R0164,Zone_6,5.76,42.24,86.96,UPI,2023-01-26,0,-0.5570541026440138,-0.5588572088874908,4.47688216568656,1.9110228900548727,6.499230723708768,42.0,15.097222222222221,37,Other,Ahmedabad,249.0,23,4.02,8.356666666666667,7.062208835341366,1534,0.09236947791164658,,,,,,,
T01707,R0266,Zone_8,10.32,54.32,189.21,UPI,2023-09-07,0,0.6385448403817368,0.4656536789106929,5.24812872496475,2.4265710727750367,7.370210309075311,54.0,18.334302325581394,29,Other,Chennai,98.0,13,3.9,8.107777777777777,12.729081632653061,2183,0.1326530612244898,,,,,,,
T01708,R0080,Zone_8,9.96,61.44,140.62,UPI,2024-08-03,0,0.07038686833654154,0.38477124040031013,4.953147414223628,2.3942522815198695,7.83836717690617,61.0,14.118473895582328,19,Female,Mumbai,34.0,6,4.6,9.185,24.814117647058826,1951,0.17647058823529413,,,,,,,
T01709,R0285,Zone_8,0.14,0.74,1.17,Wallet,2023-10-24,0,-1.5601879248658146,-1.8215219434106906,0.7747271675523681,0.13102826240640408,0.8602325267042626,1.0,8.357142857142856,29,Female,Chennai,244.0,16,4.97,6.987777777777778,4.521639344262295,2807,0.06557377049180328,,,,,,,
T01710,R0230,Zone_10,9.3,86.41,197.64,UPI,2023-12-14,0,0.7371159806233706,0.23648676979794142,5.2914941411999115,2.33214389523559,9.29569792968769,86.0,21.251612903225805,32,Male,Chennai,183.0,23,3.65,7.3325,4.962950819672131,1395,0.12568306010928962,,,,,,,
T01711,R0037,Zone_3,4.96,33.86,69.47,Cash,2023-10-06,0,-0.7615629096222081,-0.7385959611327861,4.255187087338931,1.7850704810772584,5.818934610390462,34.0,14.006048387096774,32,Other,Ahmedabad,489.0,6,3.36,9.76125,2.6884662576687117,2126,0.012269938650306749,Zone_3,12971.0,2.11,38.0,Business,High,2.0
T01712,R0141,Zone_2,13.99,128.6,165.65,UPI,2023-11-08,0,0.3630601352698866,1.2902052048359853,5.115895804753749,2.7073833121145063,11.34019400186787,129.0,11.84060042887777,25,Other,Jaipur,53.0,0,4.29,7.58,10.239622641509435,2628,0.0,Zone_2,6371.0,0.91,58.4,Residential,Low,0.0
T01713,R0030,Zone_9,7.0,59.57,169.64,Wallet,2024-03-26,1,0.4097148030710868,-0.2802621429072829,5.139556074163095,2.0794415416798357,7.718160402582988,60.0,24.23428571428571,25,Other,Mumbai,442.0,58,3.72,7.368181818181818,3.581809954751131,2078,0.13122171945701358,,,,,,,
T01714,R0246,Zone_1,9.8,51.41,202.66,Cash,2024-02-14,0,0.7958143345988158,0.348823489951251,5.316451936743519,2.379546134130174,7.170076708097341,51.0,20.67959183673469,29,Other,Mumbai,240.0,34,4.79,6.978333333333333,6.460624999999999,1996,0.14166666666666666,Zone_1,4921.0,2.43,30.9,Residential,High,2.0
T01715,R0199,Zone_9,7.45,63.51,105.16,Cash,2023-01-03,0,-0.3442433372350293,-0.17915909476930425,4.664947390023952,2.134166441369082,7.969316156358712,64.0,14.115436241610738,29,Male,Ahmedabad,344.0,27,3.91,8.515,4.652616279069767,1871,0.07848837209302326,,,,,,,
T01716,R0178,Zone_4,11.33,112.89,208.08,UPI,2023-03-29,0,0.8591898482535795,0.6925738536203783,5.342716953844721,2.512035317176253,10.624970588194586,113.0,18.36540158870256,27,Male,Delhi,56.0,7,3.13,9.037142857142857,18.581071428571427,1951,0.125,Zone_4,4038.0,2.46,48.2,Business,High,2.0
T01717,R0048,Zone_1,4.16,32.72,51.0,Wallet,2023-12-22,0,-0.9775307578147324,-0.9183347133780815,3.9512437185814275,1.6409365794934714,5.720139858430037,33.0,12.259615384615385,35,Male,Hyderabad,207.0,1,3.02,5.826,2.4457971014492754,2666,0.004830917874396135,Zone_1,4921.0,2.43,30.9,Residential,High,2.0
T01718,R0087,Zone_10,11.34,62.28,219.31,Wallet,2023-11-24,0,0.9905011062504417,0.6948205880234444,5.395035645424474,2.5128460184772416,7.891767862779544,62.0,19.339506172839506,26,Female,Jaipur,362.0,33,3.57,8.856666666666667,1.0319060773480664,1955,0.09116022099447514,,,,,,,
T01719,R0146,Zone_6,14.04,90.79,208.19,Wallet,2023-05-21,0,0.8604760671653918,1.301438876851316,5.343242929901029,2.7107133185216936,9.528378665859162,91.0,14.828347578347579,30,Male,Surat,80.0,11,3.89,9.634285714285713,11.730875000000001,2346,0.1375,,,,,,,
T01720,R0261,Zone_5,17.18,118.18,141.0,UPI,2023-08-22,0,0.0748301700318939,2.0069134794141004,4.955827057601261,2.900322088749333,10.871062505569546,118.0,8.20721769499418,31,Male,Pune,477.0,83,4.24,8.195,1.3621174004192873,1483,0.1740041928721174,Zone_5,2590.0,1.31,43.9,Business,Medium,1.0
T01721,R0290,Zone_9,15.92,116.68,200.09,Wallet,2023-06-22,0,0.7657635836591956,1.7238249446277605,5.303752569037976,2.8284963541780774,10.80185169311262,117.0,12.568467336683417,34,Other,Chennai,169.0,4,4.28,7.58,6.376745562130178,2325,0.023668639053254437,,,,,,,
T01722,R0272,Zone_5,5.32,38.27,53.27,Credit Card,2023-09-12,0,-0.9509878766346007,-0.6577135226224031,3.9939715880753135,1.843719208158766,6.1862751312886175,38.0,10.013157894736842,21,Male,Kolkata,432.0,4,4.79,5.755714285714285,1.6012962962962962,2437,0.009259259259259259,Zone_5,2590.0,1.31,43.9,Business,Medium,1.0
T01723,R0031,Zone_6,10.89,107.1,227.92,Credit Card,2023-09-24,0,1.0911769683477688,0.5937175398854659,5.4333725975409015,2.4756977107026903,10.348912986396204,107.0,20.929292929292927,29,Female,Hyderabad,230.0,21,4.62,9.016666666666667,1.699173913043478,1239,0.09130434782608696,,,,,,,
T01724,R0300,Zone_1,12.04,109.7,169.14,UPI,2024-04-27,0,0.4038683534719389,0.8520919962380776,5.136621627547738,2.5680215564985067,10.47377677822093,110.0,14.048172757475083,38,Female,Kolkata,291.0,7,3.67,9.146666666666667,3.4253264604810996,1167,0.024054982817869417,Zone_1,4921.0,2.43,30.9,Residential,High,2.0
T01725,R0103,Zone_6,10.95,103.94,253.26,UPI,2024-02-21,1,1.3874750340325857,0.6071979463038628,5.538357365521977,2.4807312783775197,10.195096860746347,104.0,23.128767123287673,37,Other,Surat,175.0,14,3.07,7.936666666666667,7.065371428571429,1393,0.08,,,,,,,
T01726,R0057,Zone_8,11.77,69.51,128.9,UPI,2024-08-01,0,-0.06665391026748578,0.7914301673552906,4.866764923676554,2.547098670044448,8.337265738837884,70.0,10.951571792693288,39,Male,Bengaluru,407.0,11,3.66,7.716923076923076,3.9414742014742012,1201,0.02702702702702703,,,,,,,
T01727,R0151,Zone_2,10.12,98.81,118.9,Wallet,2023-07-18,0,-0.18358290225044427,0.4207189908493688,4.786658062033468,2.4087452888224363,9.940321926376429,99.0,11.749011857707512,34,Male,Hyderabad,394.0,56,5.0,8.987142857142857,2.8274111675126905,1300,0.14213197969543148,Zone_2,6371.0,0.91,58.4,Residential,Low,0.0
T01728,R0140,Zone_2,5.27,31.51,112.62,UPI,2024-03-02,0,-0.2570143092157422,-0.6689471946377342,4.732859547128981,1.8357763546448294,5.613376880274475,32.0,21.37001897533207,29,Female,Delhi,499.0,45,4.92,6.962000000000001,1.3617835671342684,2344,0.09018036072144289,Zone_2,6371.0,0.91,58.4,Residential,Low,0.0
T01729,R0255,Zone_6,9.04,70.88,187.66,Cash,2023-10-04,0,0.6204208466243781,0.17807167531822007,5.239946453221707,2.306577114263583,8.419026071939674,71.0,20.758849557522126,37,Female,Bengaluru,475.0,42,3.12,9.0025,2.6573052631578946,1899,0.08842105263157894,,,,,,,
T01730,R0263,Zone_2,12.23,104.41,267.87,Cash,2023-10-03,0,1.5583082913196882,0.8947799498963356,5.594227991413127,2.5824869781268642,10.218121158021175,104.0,21.902698282910876,31,Other,Chennai,297.0,21,3.84,8.718333333333332,5.2110101010101015,2087,0.0707070707070707,Zone_2,6371.0,0.91,58.4,Residential,Low,0.0
T01731,R0277,Zone_9,10.31,77.1,246.97,Cash,2024-07-26,1,1.3139266980753048,0.46340694450762676,5.513307771105859,2.425687290128029,8.780660567406077,77.0,23.954413191076622,42,Female,Jaipur,433.0,16,3.06,9.658888888888889,3.2397228637413393,2064,0.03695150115473441,,,,,,,
T01732,R0234,Zone_4,2.52,23.94,57.04,UPI,2023-11-11,0,-0.9069056466570256,-1.286799155480937,4.061132428015987,1.2584609896100056,4.892851929090027,24.0,22.634920634920633,32,Other,Pune,183.0,31,3.98,7.051111111111111,6.222677595628415,1386,0.16939890710382513,Zone_4,4038.0,2.46,48.2,Business,High,2.0
T01733,R0193,Zone_1,3.61,27.51,31.75,Wallet,2023-09-26,0,-1.2026190673819275,-1.041905105546722,3.488902962081261,1.528227857008557,5.244997616777343,28.0,8.795013850415513,33,Female,Chennai,389.0,68,4.41,8.012857142857143,2.5851928020565555,1718,0.17480719794344474,Zone_1,4921.0,2.43,30.9,Residential,High,2.0
T01734,R0158,Zone_10,5.95,38.13,50.62,Credit Card,2024-03-21,0,-0.9819740595100848,-0.5161692552292331,3.943909194290468,1.9387416595767009,6.174949392505173,38.0,8.507563025210084,27,Male,Ahmedabad,441.0,60,3.57,6.365,0.8727210884353742,2244,0.1360544217687075,,,,,,,
T01735,R0262,Zone_1,6.98,51.86,154.48,Wallet,2024-08-09,0,0.2324504512249218,-0.28475561171341524,5.046517105984022,2.0769384114617173,7.201388754955532,52.0,22.13180515759312,30,Male,Ahmedabad,6.0,0,3.35,6.624444444444445,161.22666666666666,2706,0.0,Zone_1,4921.0,2.43,30.9,Residential,High,2.0
T01736,R0053,Zone_8,8.79,75.14,113.83,Wallet,2024-02-22,0,-0.24286590118580428,0.12190331524156527,4.743452773788098,2.281361456542419,8.668333173107735,75.0,12.949943117178613,45,Female,Delhi,63.0,7,4.85,11.0,11.318095238095237,2558,0.1111111111111111,,,,,,,
T01737,R0117,Zone_6,3.11,20.42,42.78,Credit Card,2023-11-22,0,-1.0736463892247243,-1.1542418257000318,3.779177092094717,1.413423028508143,4.518849411078001,20.0,13.755627009646304,21,Female,Ahmedabad,369.0,37,3.16,5.837999999999999,1.3319241192411924,1923,0.1002710027100271,,,,,,,
T01738,R0290,Zone_10,11.97,114.96,223.25,Wallet,2023-07-14,0,1.0365711290917274,0.8363648554166146,5.412761500938905,2.5626389983283526,10.721940122944167,115.0,18.65079365079365,34,Other,Chennai,169.0,4,4.28,7.58,6.376745562130178,2325,0.023668639053254437,,,,,,,
T01739,R0177,Zone_1,1.29,9.66,22.62,UPI,2024-08-14,0,-1.3093752370623684,-1.5631474870580786,3.1620938107692163,0.8285518175661483,3.1080540535840107,10.0,17.53488372093023,34,Other,Bengaluru,489.0,63,4.48,9.645,3.8175051124744375,1310,0.12883435582822086,Zone_1,4921.0,2.43,30.9,Residential,High,2.0
T01740,R0300,Zone_2,10.64,86.27,177.69,Wallet,2024-04-21,0,0.5038426416173685,0.5375491798088111,5.18565246089057,2.454447442303292,9.288164511893617,86.0,16.700187969924812,38,Female,Kolkata,291.0,7,3.67,9.146666666666667,3.4253264604810996,1167,0.024054982817869417,Zone_2,6371.0,0.91,58.4,Residential,Low,0.0
T01741,R0233,Zone_10,10.53,61.59,204.16,Wallet,2023-05-18,0,0.8133536833962596,0.5128351013750827,5.3237901625210675,2.4449523342809676,7.847929663293371,62.0,19.388414055080723,30,Other,Hyderabad,469.0,41,4.37,12.752857142857142,3.520767590618337,1029,0.08742004264392324,,,,,,,
T01742,R0154,Zone_1,11.22,103.83,129.65,Credit Card,2023-11-07,0,-0.0578842358687639,0.6678597751866503,4.872521991966622,2.503073953743449,10.189700682551965,104.0,11.555258467023172,18,Other,Kolkata,466.0,79,4.68,10.663076923076924,4.419570815450644,2733,0.16952789699570817,Zone_1,4921.0,2.43,30.9,Residential,High,2.0
T01743,R0269,Zone_1,7.33,71.96,182.95,Wallet,2023-06-27,1,0.5653472914004045,-0.20611990760609858,5.214663981550784,2.1198634561787513,8.482924024179399,72.0,24.95907230559345,41,Male,Mumbai,423.0,16,3.41,9.008571428571429,3.4486288416075648,2678,0.037825059101654845,Zone_1,4921.0,2.43,30.9,Residential,High,2.0
T01744,R0287,Zone_6,1.25,9.95,28.87,Credit Card,2023-12-10,0,-1.2362946170730194,-1.5721344246703433,3.3968546322280186,0.8109302162163288,3.1543620591175006,10.0,23.096,18,Other,Delhi,320.0,34,3.33,6.713333333333334,2.3166874999999996,1735,0.10625,,,,,,,
T01745,R0251,Zone_10,6.24,56.42,132.09,UPI,2023-08-11,0,-0.02935356182492206,-0.4510139575403135,4.891025591098464,1.979621206397625,7.511324783285569,56.0,21.16826923076923,46,Female,Mumbai,213.0,26,4.48,7.6819999999999995,3.5801877934272297,2439,0.12206572769953052,,,,,,,
T01746,R0129,Zone_1,8.84,87.37,134.25,Cash,2023-12-06,0,-0.004096899556603069,0.13313698725689638,4.907124917726591,2.286455711064162,9.347192091746056,87.0,15.186651583710407,35,Male,Hyderabad,158.0,10,3.9,8.17090909090909,9.54620253164557,1440,0.06329113924050633,Zone_1,4921.0,2.43,30.9,Residential,High,2.0
T01747,R0115,Zone_2,7.59,43.96,73.02,UPI,2023-08-07,0,-0.7200531174682578,-0.14770481312637762,4.30433532695801,2.150598735996164,6.63023378170031,44.0,9.620553359683795,40,Female,Bengaluru,170.0,15,4.4,7.58909090909091,8.388058823529413,2391,0.08823529411764706,Zone_2,6371.0,0.91,58.4,Residential,Low,0.0
T01748,R0149,Zone_6,3.93,21.52,60.37,Cash,2023-03-21,0,-0.8679682923267003,-0.970009604648604,4.116921116401006,1.5953389880545987,4.638965401897281,22.0,15.361323155216283,30,Male,Jaipur,89.0,8,4.57,6.0600000000000005,7.428314606741573,2560,0.0898876404494382,,,,,,,
T01749,R0231,Zone_4,14.42,94.87,118.1,UPI,2023-06-18,0,-0.19293722160908108,1.3868147841678315,4.779963476361254,2.7356653681351832,9.740123202506219,95.0,8.19001386962552,19,Other,Mumbai,328.0,22,4.81,8.47,2.230274390243902,2579,0.06707317073170732,Zone_4,4038.0,2.46,48.2,Business,High,2.0
T01750,R0226,Zone_4,9.62,84.01,199.49,Wallet,2023-04-27,0,0.7587478441402181,0.3083822706960592,5.3007643701910885,2.362739015813793,9.165696918401787,84.0,20.73700623700624,20,Other,Surat,266.0,2,3.25,7.601428571428571,3.408571428571429,1875,0.007518796992481203,Zone_4,4038.0,2.46,48.2,Business,High,2.0
T01751,R0201,Zone_9,6.03,54.85,125.96,Wallet,2024-08-12,0,-0.10103103391047571,-0.4981953800047035,4.843872076218154,1.9501867058225735,7.406078584514209,55.0,20.888888888888886,37,Female,Delhi,183.0,15,3.84,9.668571428571429,5.856830601092896,1990,0.08196721311475409,,,,,,,
T01752,R0236,Zone_9,3.06,19.37,66.63,UPI,2023-09-16,0,-0.7947707433453683,-1.1654754977153625,4.214051671586849,1.4011829736136414,4.401136216933078,19.0,21.774509803921568,28,Male,Ahmedabad,61.0,1,3.36,4.546363636363636,12.599016393442623,2229,0.01639344262295082,,,,,,,
T01753,R0213,Zone_7,8.34,47.98,174.62,Wallet,2023-06-15,0,0.46794544107860037,0.02080026710358678,5.168322569931849,2.234306252240751,6.926759704219571,48.0,20.937649880095925,29,Female,Chennai,456.0,26,3.74,6.7877777777777775,2.3342105263157893,2662,0.05701754385964912,,,,,,,
T01754,R0177,Zone_6,14.29,93.41,240.82,Credit Card,2023-11-24,0,1.2420153680057853,1.3576072369279708,5.488193647746101,2.727199019940971,9.664884893261792,93.0,16.85234429671099,34,Other,Bengaluru,489.0,63,4.48,9.645,3.8175051124744375,1310,0.12883435582822086,,,,,,,
T01755,R0159,Zone_8,8.18,58.92,158.71,Credit Card,2023-05-03,0,0.28191141483371346,-0.015147483345472324,5.073359670668218,2.217027204632399,7.675936424958196,59.0,19.402200488997558,43,Female,Bengaluru,79.0,2,4.9,5.9925,5.378354430379747,2310,0.02531645569620253,,,,,,,
T01756,R0211,Zone_6,7.84,40.8,64.65,Wallet,2023-05-23,0,-0.817922683757994,-0.09153645304972283,4.184337600748806,2.179286876649552,6.387487769068525,41.0,8.246173469387756,36,Female,Mumbai,435.0,17,3.63,6.582857142857143,1.4847816091954023,1992,0.03908045977011494,,,,,,,
T01757,R0105,Zone_5,8.33,57.68,108.7,Cash,2023-05-24,0,-0.3028504740730619,0.018553532700520636,4.697749367281185,2.2332350148592526,7.59473501841901,58.0,13.04921968787515,31,Female,Jaipur,346.0,9,3.69,7.933333333333334,3.7604624277456646,2180,0.02601156069364162,Zone_5,2590.0,1.31,43.9,Business,Medium,1.0
T01758,R0043,Zone_7,8.6,80.57,101.45,Credit Card,2023-04-07,0,-0.38762399326070685,0.07921536158330772,4.629374874684909,2.2617630984737906,8.976079322287655,81.0,11.796511627906977,28,Male,Ahmedabad,85.0,16,4.68,7.462222222222222,10.147058823529411,1742,0.18823529411764706,,,,,,,
T01759,R0240,Zone_5,6.83,61.99,86.6,Cash,2023-12-08,0,-0.5612635463554003,-0.3184566277594082,4.472780997942346,2.057962510002712,7.873372847769881,62.0,12.67935578330893,30,Male,Delhi,174.0,2,4.07,11.515,7.0199425287356325,2313,0.011494252873563218,Zone_5,2590.0,1.31,43.9,Business,Medium,1.0
T01760,R0020,Zone_1,3.14,26.9,37.59,UPI,2023-01-11,0,-1.1343325360638796,-1.147501622490833,3.6529931755495273,1.420695787837223,5.186520991955976,27.0,11.971337579617835,35,Female,Chennai,274.0,21,4.03,7.692857142857143,2.722846715328467,2557,0.07664233576642336,Zone_1,4921.0,2.43,30.9,Residential,High,2.0
T01761,R0093,Zone_9,15.65,104.48,316.31,UPI,2023-09-08,0,2.124712328485139,1.6631631157449733,5.7598792140080715,2.8124102164264526,10.22154587134451,104.0,20.21150159744409,33,Other,Surat,119.0,18,3.77,11.925000000000002,10.72546218487395,2667,0.15126050420168066,,,,,,,
T01762,R0205,Zone_4,11.19,73.68,108.27,UPI,2023-08-14,0,-0.3078784207283292,0.6611195719774514,4.693821883582654,2.5006159434931803,8.583705493549974,74.0,9.675603217158177,31,Other,Surat,100.0,14,4.66,6.387499999999999,2.659,2685,0.14,Zone_4,4038.0,2.46,48.2,Business,High,2.0
T01763,R0247,Zone_2,18.59,135.95,399.5,UPI,2023-01-10,0,3.097444612791371,2.3237030302464334,5.992713766508414,2.9750192319564492,11.65975986030587,136.0,21.490048413125336,37,Male,Bengaluru,249.0,47,4.92,10.267692307692307,9.587590361445782,1955,0.18875502008032127,Zone_2,6371.0,0.91,58.4,Residential,Low,0.0
T01764,R0195,Zone_7,10.49,74.13,100.92,Cash,2023-05-23,0,-0.39382122983580364,0.5038481637628182,4.624188191823853,2.4414770918606643,8.609878047916823,74.0,9.620591039084843,33,Male,Kolkata,72.0,10,4.97,7.813333333333334,14.502361111111112,1939,0.1388888888888889,,,,,,,
T01765,R0199,Zone_5,6.84,52.93,123.67,Cash,2023-02-06,0,-0.1278077730745731,-0.31620989335634203,4.825670246356884,2.0592388343623163,7.275300681071539,53.0,18.08040935672515,29,Male,Ahmedabad,344.0,27,3.91,8.515,4.652616279069767,1871,0.07848837209302326,Zone_5,2590.0,1.31,43.9,Business,Medium,1.0
T01766,R0105,Zone_9,3.27,27.01,51.97,UPI,2023-09-07,0,-0.9661886455923854,-1.1182940752509727,3.9697257155564354,1.451613827240533,5.197114584074513,27.0,15.892966360856269,31,Female,Jaipur,346.0,9,3.69,7.933333333333334,3.7604624277456646,2180,0.02601156069364162,,,,,,,
T01767,R0095,Zone_6,6.35,36.97,71.23,Cash,2023-12-03,0,-0.7409834070332073,-0.4262998791065855,4.2798554720627555,1.9947003132247452,6.080296045424104,37.0,11.217322834645671,29,Female,Chennai,481.0,77,4.26,8.826923076923077,4.085571725571726,2171,0.1600831600831601,,,,,,,
T01768,R0208,Zone_1,2.24,22.2,29.35,Wallet,2023-07-20,0,-1.2306820254578374,-1.3497077187667903,3.4127965175055075,1.1755733298042381,4.711687595755898,22.0,13.102678571428571,24,Other,Chennai,356.0,53,4.75,8.236666666666666,1.691376404494382,2444,0.14887640449438203,Zone_1,4921.0,2.43,30.9,Residential,High,2.0
T01769,R0057,Zone_10,18.49,177.45,399.7,Wallet,2023-10-04,0,3.0997831926310293,2.3012356862157715,5.993213017642099,2.9699015135194693,13.321035995747478,177.0,21.617090319091403,39,Male,Bengaluru,407.0,11,3.66,7.716923076923076,3.9414742014742012,1201,0.02702702702702703,,,,,,,
T01770,R0295,Zone_3,7.91,47.55,76.49,Credit Card,2023-12-07,0,-0.6794787572501713,-0.07580931222825942,4.350148895775859,2.187174241482718,6.895650803223725,48.0,9.670037926675095,18,Female,Delhi,98.0,18,3.59,4.974444444444444,5.34734693877551,2668,0.1836734693877551,Zone_3,12971.0,2.11,38.0,Business,High,2.0
T01771,R0023,Zone_5,11.93,97.65,269.07,Credit Card,2023-01-14,0,1.572339770357643,0.8273779178043497,5.59868118465576,2.559550192783766,9.881801455200362,98.0,22.55406538139145,24,Other,Jaipur,176.0,32,3.21,8.11375,6.793295454545454,2535,0.18181818181818182,Zone_5,2590.0,1.31,43.9,Business,Medium,1.0
T01772,R0157,Zone_6,12.81,112.98,252.86,Credit Card,2023-05-24,0,1.3827978743532676,1.0250905452741748,5.536782933960031,2.6253929674212007,10.629205050237765,113.0,19.739266198282593,36,Female,Hyderabad,319.0,27,4.65,11.39,5.880658307210031,1759,0.08463949843260188,,,,,,,
T01773,R0191,Zone_10,13.4,71.93,147.97,Cash,2023-09-12,0,0.15632967744401594,1.15764787505508,5.003744943391502,2.667228206581955,8.481155581640984,72.0,11.042537313432835,33,Other,Surat,87.0,6,4.56,7.5609090909090915,15.227701149425286,2225,0.06896551724137931,,,,,,,
T01774,R0233,Zone_5,20.74,175.96,447.64,Wallet,2023-10-01,0,3.6603407801973327,2.8067509269056647,6.106220784406171,3.0791538816930633,13.264991519032344,176.0,21.58341369334619,30,Other,Hyderabad,469.0,41,4.37,12.752857142857142,3.520767590618337,1029,0.08742004264392324,Zone_5,2590.0,1.31,43.9,Business,Medium,1.0
T01775,R0091,Zone_3,7.52,69.92,75.77,UPI,2023-05-17,0,-0.6878976446729442,-0.16343195394784105,4.3408139388398075,2.1424163408412245,8.361817984146748,70.0,10.075797872340425,41,Other,Surat,334.0,43,3.4,7.1257142857142854,2.7054191616766468,1615,0.12874251497005987,Zone_3,12971.0,2.11,38.0,Business,High,2.0
T01776,R0146,Zone_4,7.09,40.39,119.95,Wallet,2024-03-05,0,-0.17130535809223366,-0.2600415332796872,4.795377237056036,2.0906287310704004,6.355312738174259,40.0,16.918194640338506,30,Male,Surat,80.0,11,3.89,9.634285714285713,11.730875000000001,2346,0.1375,Zone_4,4038.0,2.46,48.2,Business,High,2.0
T01777,R0187,Zone_7,8.82,58.42,112.0,Wallet,2023-04-22,0,-0.26426390671868566,0.1286435184507641,4.727387818712341,2.2844211223663744,7.6432977176085455,58.0,12.698412698412698,27,Other,Surat,357.0,38,4.71,10.797142857142857,3.818879551820728,1504,0.10644257703081232,,,,,,,
T01778,R0197,Zone_8,11.74,101.17,222.01,Credit Card,2023-03-05,0,1.0220719340858404,0.7846899641460922,5.407216613504026,2.5447466501440172,10.058329881247682,101.0,18.910562180579216,29,Female,Bengaluru,475.0,87,3.87,7.108,2.042063157894737,2170,0.1831578947368421,,,,,,,
T01779,R0262,Zone_10,8.89,76.52,74.68,Wallet,2023-10-19,0,-0.7006429047990866,0.1443706592722275,4.326513924743623,2.2915241456346207,8.747571091451615,77.0,8.40044994375703,30,Male,Ahmedabad,6.0,0,3.35,6.624444444444445,161.22666666666666,2706,0.0,,,,,,,
T01780,R0004,Zone_5,6.66,36.68,165.2,Credit Card,2023-11-14,1,0.35779833063065325,-0.3566511126115334,5.113191882421348,2.0360119837525,6.056401571890688,37.0,24.804804804804803,19,Other,Kolkata,464.0,5,3.19,6.201666666666667,1.4720474137931034,2608,0.010775862068965518,Zone_5,2590.0,1.31,43.9,Business,Medium,1.0
T01781,R0260,Zone_9,4.42,35.18,98.28,UPI,2024-02-01,0,-0.4246904837193047,-0.8599196188983605,4.5979441408963515,1.6900958154515549,5.931273050534767,35.0,22.235294117647058,55,Other,Mumbai,63.0,3,4.24,6.298333333333333,10.94063492063492,2619,0.047619047619047616,,,,,,,
T01782,R0231,Zone_5,4.13,34.78,80.9,Cash,2023-03-06,0,-0.6279130717856864,-0.92507491658728,4.405498990859024,1.6351056591826783,5.897457079114693,35.0,19.588377723970947,19,Other,Mumbai,328.0,22,4.81,8.47,2.230274390243902,2579,0.06707317073170732,Zone_5,2590.0,1.31,43.9,Business,Medium,1.0
T01783,R0097,Zone_5,9.35,87.23,161.58,Cash,2023-07-07,0,0.3154700355328226,0.24772044181327213,5.091170188318427,2.336986519711378,9.339700209321496,87.0,17.281283422459897,23,Other,Bengaluru,478.0,5,3.28,8.67875,2.3370292887029285,2061,0.010460251046025104,Zone_5,2590.0,1.31,43.9,Business,Medium,1.0
T01784,R0290,Zone_4,3.01,21.04,24.59,Wallet,2023-02-21,0,-1.2863402256417256,-1.1767091697306935,3.2422016501716975,1.3887912413184778,4.586937976471886,21.0,8.169435215946844,34,Other,Chennai,169.0,4,4.28,7.58,6.376745562130178,2325,0.023668639053254437,Zone_4,4038.0,2.46,48.2,Business,High,2.0
T01785,R0161,Zone_5,1.07,10.37,18.72,Wallet,2023-11-25,0,-1.3549775439357223,-1.6125756439255348,2.9816333491744893,0.7275486072772778,3.2202484376209237,10.0,17.495327102803735,32,Other,Surat,332.0,50,4.91,5.536666666666666,1.7095180722891565,2731,0.15060240963855423,Zone_5,2590.0,1.31,43.9,Business,Medium,1.0
T01786,R0221,Zone_10,8.58,53.37,143.92,Cash,2024-05-01,0,0.10897343569091762,0.07472189277717543,4.976181866026876,2.259677591982769,7.305477397131552,53.0,16.773892773892772,21,Female,Delhi,106.0,1,4.41,7.34125,8.615943396226415,2073,0.009433962264150943,,,,,,,
T01787,R0274,Zone_10,13.81,118.3,194.21,Credit Card,2023-01-30,0,0.697009336373216,1.249763985580794,5.274075902175002,2.6953026282797072,10.876580344942981,118.0,14.062997827661116,27,Female,Surat,31.0,5,3.04,7.56,15.392258064516128,2740,0.16129032258064516,,,,,,,
T01788,R0210,Zone_1,11.31,93.56,205.41,UPI,2024-06-15,0,0.8279698073941294,0.6880803848142459,5.329864482046166,2.510411940196362,9.672641831474998,94.0,18.16180371352785,34,Other,Mumbai,94.0,5,3.4,10.135,5.512659574468086,1719,0.05319148936170213,Zone_1,4921.0,2.43,30.9,Residential,High,2.0
T01789,R0214,Zone_1,7.91,49.88,157.86,Credit Card,2023-02-13,0,0.27197245051516206,-0.07580931222825942,5.068023311204986,2.187174241482718,7.06257743320383,50.0,19.95701643489254,20,Female,Kolkata,210.0,2,4.53,6.793333333333333,3.2461428571428574,1464,0.009523809523809525,Zone_1,4921.0,2.43,30.9,Residential,High,2.0
T01790,R0254,Zone_6,10.02,78.23,232.0,Wallet,2024-05-22,1,1.138883997076816,0.398251646818707,5.4510384535657,2.3997118037247684,8.844772467395643,78.0,23.15369261477046,18,Male,Delhi,363.0,70,3.68,11.767142857142858,3.346005509641873,2383,0.1928374655647383,,,,,,,
T01791,R0078,Zone_5,0.24,1.6,3.01,Cash,2023-01-11,0,-1.5386729903409502,-1.7990545993800287,1.3887912413184778,0.2151113796169455,1.2649110640673518,2.0,12.541666666666666,30,Other,Jaipur,97.0,9,3.62,0.83,0.2602061855670103,1354,0.09278350515463918,Zone_5,2590.0,1.31,43.9,Business,Medium,1.0
T01792,R0135,Zone_9,4.55,35.7,65.91,Credit Card,2024-07-04,0,-0.8031896307681413,-0.8307120716585,4.2033484327947255,1.713797927758343,5.974947698515862,36.0,14.485714285714286,38,Female,Ahmedabad,153.0,8,3.47,8.325,6.4845098039215685,1666,0.05228758169934641,,,,,,,
T01793,R0103,Zone_9,16.39,94.54,325.6,Wallet,2023-10-22,0,2.2333393620373077,1.8294214615718716,5.788736180536365,2.855895328366192,9.723168207945392,95.0,19.86577181208054,37,Other,Surat,175.0,14,3.07,7.936666666666667,7.065371428571429,1393,0.08,,,,,,,
T01794,R0251,Zone_4,13.92,136.57,273.07,Cash,2023-09-10,0,1.6191113671508264,1.274478064014522,5.613383548212584,2.702702594775615,11.686316785026838,137.0,19.617097701149426,46,Female,Mumbai,213.0,26,4.48,7.6819999999999995,3.5801877934272297,2439,0.12206572769953052,Zone_4,4038.0,2.46,48.2,Business,High,2.0
T01795,R0046,Zone_1,4.44,37.76,49.02,Credit Card,2023-10-12,0,-1.000682698227358,-0.855426150092228,3.912422925449473,1.6937790608678513,6.144916598294887,38.0,11.04054054054054,31,Female,Kolkata,31.0,4,3.87,10.0025,41.82,2589,0.12903225806451613,Zone_1,4921.0,2.43,30.9,Residential,High,2.0
T01796,R0240,Zone_8,16.77,141.03,196.01,Cash,2023-12-22,0,0.7180565549301484,1.9147973688883866,5.283254488870991,2.87751164216656,11.875605247733692,141.0,11.688133571854502,30,Male,Delhi,174.0,2,4.07,11.515,7.0199425287356325,2313,0.011494252873563218,,,,,,,
T01797,R0197,Zone_7,4.41,28.5,58.59,Credit Card,2024-01-04,0,-0.8887816528996668,-0.8621663533014267,4.087487774758888,1.6882490928583902,5.338539126015656,28.0,13.285714285714286,29,Female,Bengaluru,475.0,87,3.87,7.108,2.042063157894737,2170,0.1831578947368421,,,,,,,
T01798,R0083,Zone_4,3.88,35.19,34.82,Credit Card,2023-08-02,0,-1.1667218668431594,-0.9812432766639348,3.578506396632566,1.5851452198650557,5.932115979985556,35.0,8.974226804123711,45,Female,Mumbai,475.0,39,4.4,9.262,2.9796421052631583,1721,0.08210526315789474,Zone_4,4038.0,2.46,48.2,Business,High,2.0
T01799,R0269,Zone_7,15.68,105.54,378.85,UPI,2023-04-15,1,2.8559862443465613,1.6699033189541717,5.939776437949231,2.8142103969306005,10.273266277090261,106.0,24.16135204081633,41,Male,Mumbai,423.0,16,3.41,9.008571428571429,3.4486288416075648,2678,0.037825059101654845,,,,,,,
T01800,R0221,Zone_7,14.54,131.27,297.51,Wallet,2023-05-24,0,1.9048858235571768,1.4137755970046257,5.698803433109037,2.7434173449395014,11.457312075700827,131.0,20.461485557083908,21,Female,Delhi,106.0,1,4.41,7.34125,8.615943396226415,2073,0.009433962264150943,,,,,,,
T01801,R0042,Zone_5,5.06,25.83,51.03,UPI,2024-03-11,0,-0.9771799708387835,-0.7161286171021243,3.9518204753022124,1.801709800081223,5.0823223038292245,26.0,10.08498023715415,18,Female,Chennai,23.0,4,3.03,9.232,32.10782608695652,1946,0.17391304347826086,Zone_5,2590.0,1.31,43.9,Business,Medium,1.0
T01802,R0138,Zone_3,7.75,60.38,177.01,UPI,2023-04-21,0,0.49589147016252727,-0.11175706267731852,5.181839728489342,2.169053700369523,7.770456872024965,60.0,22.84,46,Male,Kolkata,13.0,0,3.53,6.25,39.95692307692308,1512,0.0,Zone_3,12971.0,2.11,38.0,Business,High,2.0
T01803,R0179,Zone_7,6.29,41.15,114.57,Cash,2023-03-18,0,-0.23421315577906543,-0.43978028552498255,4.74987640698735,1.986503546020567,6.41482657598785,41.0,18.214626391096978,28,Male,Kolkata,274.0,14,4.64,6.3825,1.6658759124087592,1620,0.051094890510948905,,,,,,,
T01804,R0121,Zone_8,10.52,66.79,184.38,Cash,2023-12-04,0,0.5820681372539677,0.5105883669720166,5.222407772447687,2.444084655267745,8.17251491280377,67.0,17.526615969581748,29,Male,Pune,378.0,10,4.17,7.996363636363636,3.8740211640211637,1162,0.026455026455026454,,,,,,,
T01805,R0152,Zone_5,15.84,85.37,256.16,Cash,2023-10-01,0,1.421384441707644,1.7058510694032307,5.549698459273486,2.8237570088141806,9.239588735436227,85.0,16.171717171717173,34,Female,Bengaluru,143.0,24,3.91,9.706,6.395524475524475,1962,0.16783216783216784,Zone_5,2590.0,1.31,43.9,Business,Medium,1.0
T01806,R0157,Zone_1,10.66,82.98,177.51,Wallet,2024-08-23,0,0.5017379197616751,0.5420426486149434,5.18464462205946,2.4561641809223462,9.109335870413386,83.0,16.651969981238274,36,Female,Hyderabad,319.0,27,4.65,11.39,5.880658307210031,1759,0.08463949843260188,Zone_1,4921.0,2.43,30.9,Residential,High,2.0
T01807,R0016,Zone_8,7.43,55.78,98.82,Wallet,2024-07-21,0,-0.41837631815222504,-0.18365256357543672,4.603368564041463,2.131796772013764,7.468600939935136,56.0,13.300134589502019,28,Female,Delhi,356.0,51,3.06,8.248000000000001,1.9316853932584273,1697,0.14325842696629212,,,,,,,
T01808,R0099,Zone_8,1.27,11.57,25.71,Credit Card,2023-05-16,0,-1.2732441785396342,-1.567640955864211,3.2850380271218693,0.8197798314933114,3.4014702703389896,12.0,20.244094488188978,35,Other,Mumbai,80.0,8,3.7,7.707777777777778,16.033250000000002,1853,0.1,,,,,,,
T01809,R0259,Zone_10,11.89,94.26,134.21,Wallet,2023-12-30,0,-0.004564615524534811,0.8183909801920851,4.906829125370667,2.556451816951096,9.708758932015977,94.0,11.287636669470142,32,Male,Jaipur,150.0,27,3.52,9.967500000000001,8.553866666666666,2641,0.18,,,,,,,
T01810,R0253,Zone_4,1.8900000000000001,18.17,21.41,Cash,2023-05-17,0,-1.3235236450923065,-1.428343422874107,3.1095072878128356,1.0612565021243408,4.262628297189424,18.0,11.328042328042327,26,Male,Surat,173.0,24,3.16,7.117142857142857,4.485086705202312,1855,0.13872832369942195,Zone_4,4038.0,2.46,48.2,Business,High,2.0
T01811,R0283,Zone_9,7.06,41.12,167.08,Cash,2023-07-23,1,0.37978098112344977,-0.26678173648888587,5.124440056536745,2.0869135565185366,6.4124878167525585,41.0,23.6657223796034,19,Male,Surat,245.0,45,3.55,7.9957142857142856,4.135632653061225,1190,0.1836734693877551,,,,,,,
T01812,R0030,Zone_3,12.79,82.93,234.27,UPI,2023-01-14,0,1.1654268782569477,1.020597076468042,5.460733790792328,2.6239436918052106,9.10659101969557,83.0,18.316653635652855,25,Other,Mumbai,442.0,58,3.72,7.368181818181818,3.581809954751131,2078,0.13122171945701358,Zone_3,12971.0,2.11,38.0,Business,High,2.0
T01813,R0026,Zone_5,12.06,72.67,110.9,Cash,2023-05-24,0,-0.277126095836811,0.8565854650442104,4.71760561531788,2.569554123848285,8.524670081592602,73.0,9.195688225538971,26,Female,Surat,44.0,5,3.17,8.81,22.11795454545455,2344,0.11363636363636363,Zone_5,2590.0,1.31,43.9,Business,Medium,1.0
T01814,R0189,Zone_1,12.19,80.85,203.93,UPI,2024-02-12,0,0.8106643165806516,0.8857930122840707,5.322668457411868,2.579458966729223,8.99166280506559,81.0,16.729286300246105,29,Female,Delhi,238.0,42,3.28,9.00375,6.2214285714285715,2558,0.17647058823529413,Zone_1,4921.0,2.43,30.9,Residential,High,2.0
T01815,R0127,Zone_9,11.49,72.44,284.26,Credit Card,2024-01-22,1,1.7499549091797568,0.7285216040694373,5.6534010450952765,2.5249283241374862,8.511169132381285,72.0,24.73977371627502,38,Male,Chennai,43.0,2,4.83,7.867777777777778,32.56906976744186,2375,0.046511627906976744,,,,,,,
T01816,R0190,Zone_6,8.73,59.31,153.71,UPI,2023-09-21,0,0.22344691884223422,0.10842290882316839,5.041552396730977,2.2752138961979136,7.7012985917960615,59.0,17.607101947308134,35,Other,Surat,274.0,47,4.12,7.776666666666666,4.08,2183,0.17153284671532848,,,,,,,
T01817,R0249,Zone_7,9.51,87.31,211.56,Credit Card,2023-06-09,0,0.899881137463649,0.28366819226233125,5.359224301451558,2.3523271848888596,9.343982020530648,87.0,22.246056782334385,20,Male,Mumbai,396.0,48,4.49,8.08875,2.728611111111111,1273,0.12121212121212122,,,,,,,
T01818,R0201,Zone_4,8.46,82.56,119.97,Cash,2024-01-31,0,-0.17107150010826777,0.047761079940381305,4.795542580971757,2.247072383063787,9.086253353280437,83.0,14.180851063829786,37,Female,Delhi,183.0,15,3.84,9.668571428571429,5.856830601092896,1990,0.08196721311475409,Zone_4,4038.0,2.46,48.2,Business,High,2.0
T01819,R0292,Zone_7,10.41,100.65,155.43,UPI,2023-08-05,0,0.24355870546330305,0.4858742885382886,5.052608625573679,2.4344901638739844,10.032447358446493,101.0,14.930835734870318,37,Female,Jaipur,141.0,19,4.39,8.817777777777778,8.070141843971632,2272,0.1347517730496454,,,,,,,
T01820,R0247,Zone_4,10.68,79.42,100.76,Wallet,2024-08-01,0,-0.39569209370753095,0.5465361174210757,4.622617099591812,2.457877977400081,8.911789943664516,79.0,9.434456928838951,37,Male,Bengaluru,249.0,47,4.92,10.267692307692307,9.587590361445782,1955,0.18875502008032127,Zone_4,4038.0,2.46,48.2,Business,High,2.0
T01821,R0151,Zone_4,8.67,48.49,192.02,UPI,2023-11-20,0,0.6714018871289481,0.09494250240477113,5.26279381047899,2.269028309465203,6.963476143421474,48.0,22.147635524798154,34,Male,Hyderabad,394.0,56,5.0,8.987142857142857,2.8274111675126905,1300,0.14213197969543148,Zone_4,4038.0,2.46,48.2,Business,High,2.0
T01822,R0233,Zone_5,10.57,64.85,220.34,UPI,2024-08-09,0,1.0025447924246864,0.5218220389873477,5.3996999808366395,2.448415541205585,8.052949770115296,65.0,20.845789971617787,30,Other,Hyderabad,469.0,41,4.37,12.752857142857142,3.520767590618337,1029,0.08742004264392324,Zone_5,2590.0,1.31,43.9,Business,Medium,1.0
T01823,R0212,Zone_6,4.58,42.58,77.52,UPI,2024-05-15,0,-0.6674350710759266,-0.8239718684493014,4.3633533694082605,1.7191887763932197,6.52533524043018,43.0,16.925764192139738,36,Female,Ahmedabad,73.0,12,3.22,8.368571428571428,16.18246575342466,1102,0.1643835616438356,,,,,,,
T01824,R0248,Zone_9,6.47,52.78,148.29,Credit Card,2023-02-24,0,0.16007140518747054,-0.39933906626979115,5.005890723065499,2.010894999144726,7.264984514780469,53.0,22.919629057187016,18,Female,Chennai,104.0,12,3.65,8.245714285714286,9.03519230769231,1789,0.11538461538461539,,,,,,,
T01825,R0093,Zone_6,9.15,72.97,125.3,Wallet,2024-08-22,0,-0.10874834738135093,0.20278575375194846,4.838660029356445,2.3174737054877963,8.542247947700886,73.0,13.693989071038251,33,Other,Surat,119.0,18,3.77,11.925000000000002,10.72546218487395,2667,0.15126050420168066,,,,,,,
T01826,R0010,Zone_6,17.62,90.44,227.02,Cash,2023-09-20,0,1.0806533590693028,2.105769793149013,5.429433344405574,2.924236271848921,9.509994742374992,90.0,12.88422247446084,25,Female,Surat,173.0,1,3.38,9.472222222222221,6.962485549132948,1222,0.005780346820809248,,,,,,,
T01827,R0110,Zone_1,10.64,97.91,219.66,Cash,2023-06-01,0,0.9945936209698453,0.5375491798088111,5.39662305533216,2.454447442303292,9.894948206029175,98.0,20.64473684210526,19,Female,Kolkata,224.0,28,4.43,8.502857142857144,4.217366071428571,1321,0.125,Zone_1,4921.0,2.43,30.9,Residential,High,2.0
T01828,R0090,Zone_3,7.33,73.0,173.86,Cash,2024-06-13,1,0.4590588376878956,-0.20611990760609858,5.163985653752745,2.1198634561787513,8.54400374531753,73.0,23.718963165075035,33,Female,Mumbai,152.0,25,4.51,10.813,12.998355263157896,2055,0.16447368421052633,Zone_3,12971.0,2.11,38.0,Business,High,2.0
T01829,R0090,Zone_3,6.9,58.91,170.42,Cash,2024-08-17,1,0.4188352644457576,-0.30272948693794477,5.1441166854707365,2.066862759472976,7.675285010994705,59.0,24.698550724637677,33,Female,Mumbai,152.0,25,4.51,10.813,12.998355263157896,2055,0.16447368421052633,Zone_3,12971.0,2.11,38.0,Business,High,2.0
T01830,R0168,Zone_4,11.72,114.29,180.01,Wallet,2023-10-27,0,0.5309701677574148,0.7801964953399598,5.198552278358462,2.543175557911976,10.690650120549265,114.0,15.359215017064844,23,Male,Pune,471.0,74,4.03,7.004,1.2087261146496815,2536,0.15711252653927812,Zone_4,4038.0,2.46,48.2,Business,High,2.0
T01831,R0221,Zone_5,7.51,47.39,108.64,Credit Card,2023-09-19,0,-0.3035520480249597,-0.16567868835090718,4.697202271434585,2.1412419425852827,6.884039511798287,47.0,14.466045272969374,21,Female,Delhi,106.0,1,4.41,7.34125,8.615943396226415,2073,0.009433962264150943,Zone_5,2590.0,1.31,43.9,Business,Medium,1.0
T01832,R0209,Zone_3,11.19,85.31,190.72,Wallet,2024-04-30,0,0.6562011181711634,0.6611195719774514,5.25603597429143,2.5006159434931803,9.236341266973628,85.0,17.0437890974084,31,Other,Surat,109.0,20,3.77,7.315,6.743944954128441,2289,0.1834862385321101,Zone_3,12971.0,2.11,38.0,Business,High,2.0
T01833,R0135,Zone_6,10.56,92.83,96.94,Wallet,2023-09-17,0,-0.44035896864502116,0.5195753045842816,4.584355046274172,2.4475508632442313,9.634832639957997,93.0,9.179924242424242,38,Female,Ahmedabad,153.0,8,3.47,8.325,6.4845098039215685,1666,0.05228758169934641,,,,,,,
T01834,R0277,Zone_2,1.77,17.08,41.11,Cash,2023-03-25,1,-1.0931735308858783,-1.4553042357109014,3.740285242173836,1.0188473201992472,4.132795663954365,17.0,23.225988700564972,42,Female,Jaipur,433.0,16,3.06,9.658888888888889,3.2397228637413393,2064,0.03695150115473441,Zone_2,6371.0,0.91,58.4,Residential,Low,0.0
T01835,R0121,Zone_5,10.36,81.16,120.91,Wallet,2024-05-13,0,-0.1600801748618697,0.47464061652295747,4.803283067577055,2.4300984132930052,9.008884503644166,81.0,11.670849420849422,29,Male,Pune,378.0,10,4.17,7.996363636363636,3.8740211640211637,1162,0.026455026455026454,Zone_5,2590.0,1.31,43.9,Business,Medium,1.0
T01836,R0030,Zone_3,10.33,86.22,159.71,Cash,2024-04-25,0,0.2936043140320093,0.46790041331375903,5.0796014985609785,2.427454075039915,9.285472524325296,86.0,15.46079380445305,25,Other,Mumbai,442.0,58,3.72,7.368181818181818,3.581809954751131,2078,0.13122171945701358,Zone_3,12971.0,2.11,38.0,Business,High,2.0
T01837,R0144,Zone_4,11.98,119.08,161.41,Wallet,2024-06-02,0,0.3134822426691121,0.8386115898196809,5.090124002186512,2.563409711275944,10.912378292562991,119.0,13.473288814691152,34,Other,Pune,194.0,10,3.52,9.385555555555555,8.002319587628865,2055,0.05154639175257732,Zone_4,4038.0,2.46,48.2,Business,High,2.0
T01838,R0288,Zone_4,3.81,30.6,65.86,UPI,2023-09-01,0,-0.803774275728056,-0.996970417485398,4.202600880991953,1.57069708411767,5.531726674375733,31.0,17.286089238845143,42,Male,Ahmedabad,43.0,5,4.56,6.51,18.50232558139535,1844,0.11627906976744186,Zone_4,4038.0,2.46,48.2,Business,High,2.0
T01839,R0187,Zone_10,13.47,105.41,270.11,Credit Card,2024-02-04,0,1.5845003855238708,1.1733750158765435,5.602524642581974,2.6720775406433925,10.266937225872184,105.0,20.052709725315516,27,Other,Surat,357.0,38,4.71,10.797142857142857,3.818879551820728,1504,0.10644257703081232,,,,,,,
T01840,R0226,Zone_6,7.17,67.97,156.24,Cash,2024-05-15,0,0.25302995381392274,-0.24206765805515768,5.057773300553659,2.1004689088719113,8.244392033376384,68.0,21.7907949790795,20,Other,Surat,266.0,2,3.25,7.601428571428571,3.408571428571429,1875,0.007518796992481203,,,,,,,
T01841,R0154,Zone_10,17.94,102.09,150.4,Credit Card,2023-12-03,0,0.18474342249587494,2.1776652940471313,5.019925341003349,2.9412760877579323,10.103959619871805,102.0,8.383500557413601,18,Other,Kolkata,466.0,79,4.68,10.663076923076924,4.419570815450644,2733,0.16952789699570817,,,,,,,
T01842,R0298,Zone_5,16.76,92.4,353.62,UPI,2023-07-15,0,2.560974397573557,1.912550634485321,5.871046793628842,2.876948737564024,9.612491872558333,92.0,21.099045346062052,35,Female,Ahmedabad,65.0,11,3.88,9.027142857142858,15.421692307692307,2367,0.16923076923076924,Zone_5,2590.0,1.31,43.9,Business,Medium,1.0
T01843,R0256,Zone_6,4.96,44.3,59.86,Wallet,2023-11-27,0,-0.8739316709178312,-0.7385959611327861,4.108576144468825,1.7850704810772584,6.6558245169174945,44.0,12.068548387096774,31,Female,Delhi,265.0,8,3.65,6.908333333333334,2.8445283018867924,2002,0.03018867924528302,,,,,,,
T01844,R0236,Zone_1,1.15,11.34,20.45,Wallet,2024-05-01,0,-1.3347488283226705,-1.5946017687010052,3.065724645374026,0.7654678421395714,3.3674916480965473,11.0,17.782608695652176,28,Male,Ahmedabad,61.0,1,3.36,4.546363636363636,12.599016393442623,2229,0.01639344262295082,Zone_1,4921.0,2.43,30.9,Residential,High,2.0
T01845,R0137,Zone_4,11.49,57.75,228.53,Wallet,2024-03-03,0,1.0983096368587295,0.7285216040694373,5.4360337399118706,2.5249283241374862,7.599342076785332,58.0,19.88946910356832,27,Male,Bengaluru,166.0,32,3.14,11.76142857142857,9.032349397590362,1864,0.1927710843373494,Zone_4,4038.0,2.46,48.2,Business,High,2.0
T01846,R0013,Zone_7,3.9,27.41,59.02,Cash,2023-03-16,0,-0.8837537062443995,-0.9767498078578024,4.0946778400122215,1.589235205116581,5.23545604508337,27.0,15.133333333333335,43,Female,Kolkata,6.0,0,3.91,8.945555555555556,238.80666666666664,2726,0.0,,,,,,,
T01847,R0082,Zone_10,13.74,118.5,115.55,Credit Card,2023-12-12,0,-0.22275411456473546,1.2340368447593306,4.758320365481766,2.6905648867611904,10.88577052853862,118.0,8.409752547307132,26,Other,Pune,274.0,23,3.15,8.206666666666667,1.0863503649635036,1360,0.08394160583941605,,,,,,,
T01848,R0286,Zone_8,10.65,94.84,102.71,UPI,2023-07-26,0,-0.3728909402708542,0.5397959142118772,4.641598542601643,2.4553061800117097,9.73858305915188,95.0,9.64413145539906,26,Male,Pune,29.0,0,4.48,7.043333333333333,21.62551724137931,1310,0.0,,,,,,,
T01849,R0003,Zone_9,0.73,6.3,9.1,Credit Card,2023-01-21,0,-1.4674632342233285,-1.6889646136297853,2.312535423847214,0.5481214085096876,2.5099800796022267,6.0,12.465753424657533,34,Male,Pune,45.0,9,3.76,6.768000000000001,21.593555555555557,1232,0.2,,,,,,,
T01850,R0271,Zone_2,11.91,79.11,174.3,Credit Card,2023-07-10,0,0.46420371333514576,0.8228844489982174,5.1664987919271885,2.558002204858551,8.894380248224156,79.0,14.634760705289674,22,Male,Bengaluru,58.0,6,4.37,8.1275,16.013448275862068,1441,0.10344827586206896,Zone_2,6371.0,0.91,58.4,Residential,Low,0.0
T01851,R0022,Zone_9,8.69,50.94,105.0,Cash,2023-06-02,0,-0.3461142011067566,0.09943597121090342,4.663439094112067,2.2710944259026746,7.137226352022191,51.0,12.082853855005755,43,Female,Kolkata,220.0,1,3.32,7.464285714285714,3.760090909090909,2194,0.004545454545454545,,,,,,,
T01852,R0238,Zone_10,10.06,51.65,96.1,Cash,2024-08-06,0,-0.4501810039715897,0.40723858443097194,4.575741375297279,2.403334996094189,7.1867934435323795,52.0,9.552683896620277,30,Other,Pune,362.0,56,4.91,6.454999999999999,1.6299171270718231,2705,0.15469613259668508,,,,,,,
T01853,R0285,Zone_5,15.62,132.86,287.7,Credit Card,2024-06-24,0,1.7901784824218945,1.6564229125357746,5.665388086668889,2.810606789427302,11.526491226735047,133.0,18.418693982074263,29,Female,Chennai,244.0,16,4.97,6.987777777777778,4.521639344262295,2807,0.06557377049180328,Zone_5,2590.0,1.31,43.9,Business,Medium,1.0
T01854,R0097,Zone_2,7.35,58.39,94.59,Cash,2024-08-06,0,-0.46783728176101635,-0.20162643879996628,4.560068212075671,2.122261538862764,7.641334961902927,58.0,12.869387755102041,23,Other,Bengaluru,478.0,5,3.28,8.67875,2.3370292887029285,2061,0.010460251046025104,Zone_2,6371.0,0.91,58.4,Residential,Low,0.0
T01855,R0282,Zone_10,11.79,68.45,231.34,Wallet,2023-08-10,0,1.1311666836059409,0.7959236361614229,5.448201816085329,2.548663615590751,8.273451516749223,68.0,19.621713316369807,22,Other,Bengaluru,319.0,3,4.47,10.318888888888889,4.387931034482759,1599,0.009404388714733543,,,,,,,
T01856,R0245,Zone_6,5.01,41.54,56.43,Credit Card,2023-03-07,0,-0.9140383151679858,-0.7273622891174552,4.0505668148762055,1.7934247485471162,6.445153217728808,42.0,11.263473053892216,35,Female,Hyderabad,265.0,48,4.73,7.944,2.8352075471698113,2388,0.1811320754716981,,,,,,,
T01857,R0274,Zone_1,5.13,48.17,111.86,Wallet,2023-03-13,0,-0.2659009126064471,-0.7004014762806609,4.726148112540994,1.81319474994812,6.940461079784253,48.0,21.80506822612086,27,Female,Surat,31.0,5,3.04,7.56,15.392258064516128,2740,0.16129032258064516,Zone_1,4921.0,2.43,30.9,Residential,High,2.0
T01858,R0196,Zone_5,6.91,35.04,113.8,UPI,2023-02-07,0,-0.24321668816175318,-0.3004827525348786,4.743191483885466,2.0681277817795625,5.919459434779497,35.0,16.46888567293777,18,Male,Hyderabad,51.0,9,4.93,7.995833333333334,31.831960784313726,2642,0.17647058823529413,Zone_5,2590.0,1.31,43.9,Business,Medium,1.0
T01859,R0297,Zone_2,4.9,32.94,47.64,Cash,2023-04-22,0,-1.0168188991210063,-0.7520763675511832,3.8844462376579116,1.7749523509116738,5.739337940912697,33.0,9.722448979591837,47,Male,Pune,396.0,46,3.87,5.93,1.0166161616161615,1093,0.11616161616161616,Zone_2,6371.0,0.91,58.4,Residential,Low,0.0
T01860,R0145,Zone_5,10.84,92.81,103.05,UPI,2023-07-08,0,-0.36891535454343355,0.5824838678701348,4.644871552839644,2.4714836294558595,9.633794683301073,93.0,9.506457564575646,36,Female,Jaipur,222.0,43,4.3,11.585,2.948918918918919,1378,0.19369369369369369,Zone_5,2590.0,1.31,43.9,Business,Medium,1.0
T01861,R0041,Zone_2,1.38,7.84,28.57,UPI,2023-07-12,0,-1.2398024868325084,-1.542926877430483,3.3867603338643857,0.8671004876833833,2.8,8.0,20.70289855072464,25,Other,Pune,353.0,8,4.74,8.428,1.9891218130311614,2350,0.0226628895184136,Zone_2,6371.0,0.91,58.4,Residential,Low,0.0
T01862,R0217,Zone_5,12.15,119.63,130.46,Wallet,2023-01-05,0,-0.04841298751814424,0.876806074671806,4.87870262283543,2.5764217586237734,10.937549999885714,120.0,10.737448559670781,39,Other,Jaipur,104.0,5,3.52,8.488,7.258173076923077,1294,0.04807692307692308,Zone_5,2590.0,1.31,43.9,Business,Medium,1.0
T01863,R0006,Zone_4,4.19,35.54,44.01,Cash,2024-01-19,0,-1.0592641232108204,-0.9115945101688828,3.806884687304841,1.6467336971777973,5.961543424315552,36.0,10.503579952267302,45,Female,Jaipur,248.0,13,4.64,9.034285714285714,4.417056451612903,1175,0.05241935483870968,Zone_4,4038.0,2.46,48.2,Business,High,2.0
T01864,R0199,Zone_9,9.89,84.33,145.75,Wallet,2024-01-29,0,0.13037144122379918,0.3690440995788467,4.988730458708206,2.387844936944869,9.183136719008381,84.0,14.737108190091,29,Male,Ahmedabad,344.0,27,3.91,8.515,4.652616279069767,1871,0.07848837209302326,,,,,,,
T01865,R0213,Zone_5,2.06,12.73,25.96,Cash,2023-11-20,0,-1.2703209537400604,-1.3901489380219818,3.2943542860441064,1.1184149159642893,3.5679125549822546,13.0,12.601941747572816,29,Female,Chennai,456.0,26,3.74,6.7877777777777775,2.3342105263157893,2662,0.05701754385964912,Zone_5,2590.0,1.31,43.9,Business,Medium,1.0
T01866,R0208,Zone_9,10.39,103.43,97.61,Credit Card,2024-03-08,0,-0.4325247261821629,0.4813808197321563,4.591172676344238,2.432735777459091,10.170054080485512,103.0,9.39461020211742,24,Other,Chennai,356.0,53,4.75,8.236666666666666,1.691376404494382,2444,0.14887640449438203,,,,,,,
T01867,R0139,Zone_1,13.42,107.81,311.79,Credit Card,2023-09-06,1,2.071860424108842,1.1621413438612123,5.745532038850664,2.668616131856803,10.383159442096611,108.0,23.23323397913562,44,Other,Kolkata,155.0,7,4.39,7.365,6.466,1074,0.04516129032258064,Zone_1,4921.0,2.43,30.9,Residential,High,2.0
T01868,R0243,Zone_2,8.05,61.08,85.45,Credit Card,2023-08-17,0,-0.5747103804334404,-0.0443550305853326,4.4595662121293,2.2027647577118348,7.815369473031969,61.0,10.614906832298136,33,Male,Jaipur,315.0,11,3.7,7.901428571428572,3.011206349206349,1319,0.03492063492063492,Zone_2,6371.0,0.91,58.4,Residential,Low,0.0
T01869,R0172,Zone_4,15.74,135.3,361.21,UPI,2024-06-29,0,2.649723502488622,1.683383725372569,5.89222415412396,2.8178010650613294,11.631852818876277,135.0,22.94853875476493,31,Other,Pune,168.0,14,3.72,7.713636363636363,8.86077380952381,2459,0.08333333333333333,Zone_4,4038.0,2.46,48.2,Business,High,2.0
T01870,R0295,Zone_1,7.3,67.29,64.61,Credit Card,2023-12-26,0,-0.8183903997259259,-0.2128601108152972,4.1837281233567865,2.1162555148025524,8.203048213926333,67.0,8.85068493150685,18,Female,Delhi,98.0,18,3.59,4.974444444444444,5.34734693877551,2668,0.1836734693877551,Zone_1,4921.0,2.43,30.9,Residential,High,2.0
T01871,R0055,Zone_1,10.06,100.3,231.96,Wallet,2024-04-05,0,1.1384162811088843,0.40723858443097194,5.450866765008321,2.403334996094189,10.014988766843425,100.0,23.05765407554672,32,Male,Delhi,425.0,12,4.19,8.9625,2.610729411764706,1775,0.02823529411764706,Zone_1,4921.0,2.43,30.9,Residential,High,2.0
T01872,R0197,Zone_5,3.37,21.81,35.74,Cash,2023-04-05,0,-1.155964399580727,-1.0958267312203107,3.6038660797869797,1.4747630091074988,4.670117771534247,22.0,10.605341246290802,29,Female,Bengaluru,475.0,87,3.87,7.108,2.042063157894737,2170,0.1831578947368421,Zone_5,2590.0,1.31,43.9,Business,Medium,1.0
T01873,R0150,Zone_7,10.19,66.96,226.21,Wallet,2024-02-02,0,1.0711821107186832,0.43644613167083224,5.425874699962912,2.4150205223238337,8.182909018191513,67.0,22.19921491658489,33,Male,Pune,215.0,16,4.95,7.922857142857143,3.506232558139535,1663,0.07441860465116279,,,,,,,
T01874,R0281,Zone_5,5.16,39.1,43.14,Cash,2023-06-05,0,-1.0694369455133377,-0.6936612730714622,3.7873664008285903,1.8180767775454285,6.252999280345393,39.0,8.36046511627907,21,Female,Jaipur,268.0,17,4.74,7.626,2.050858208955224,2163,0.06343283582089553,Zone_5,2590.0,1.31,43.9,Business,Medium,1.0
T01875,R0056,Zone_10,4.4,30.29,54.44,Wallet,2023-05-26,0,-0.9373071845725947,-0.8644130877044928,4.015301354881648,1.6863989535702288,5.503635162326805,30.0,12.372727272727271,40,Other,Hyderabad,93.0,13,3.25,7.357777777777778,9.976236559139785,2029,0.13978494623655913,,,,,,,
T01876,R0017,Zone_4,15.9,118.97,161.71,Cash,2023-06-17,0,0.316990112428601,1.719331475821628,5.091969475151227,2.8273136219290276,10.907336980216574,119.0,10.170440251572327,49,Female,Mumbai,288.0,21,3.83,7.997142857142857,2.820520833333333,1279,0.07291666666666667,Zone_4,4038.0,2.46,48.2,Business,High,2.0
T01877,R0281,Zone_1,1.65,9.01,22.93,UPI,2023-05-04,0,-1.3057504383108967,-1.4822650485476956,3.175132901920282,0.9745596399981308,3.0016662039607267,9.0,13.896969696969698,21,Female,Jaipur,268.0,17,4.74,7.626,2.050858208955224,2163,0.06343283582089553,Zone_1,4921.0,2.43,30.9,Residential,High,2.0
T01878,R0097,Zone_10,7.43,39.47,109.72,UPI,2024-06-19,0,-0.2909237168908002,-0.18365256357543672,4.707004491869359,2.131796772013764,6.282515419798028,39.0,14.767160161507404,23,Other,Bengaluru,478.0,5,3.28,8.67875,2.3370292887029285,2061,0.010460251046025104,,,,,,,
T01879,R0195,Zone_3,11.56,85.8,103.95,Wallet,2023-03-24,0,-0.3583917452649672,0.7442487448909008,4.653484046266642,2.5305171610400525,9.262828941527529,86.0,8.992214532871973,33,Male,Kolkata,72.0,10,4.97,7.813333333333334,14.502361111111112,1939,0.1388888888888889,Zone_3,12971.0,2.11,38.0,Business,High,2.0
T01880,R0057,Zone_4,9.17,70.82,119.13,Credit Card,2023-11-17,0,-0.18089353543483633,0.20727922255808073,4.788574489733284,2.3194422100604686,8.415461959987699,71.0,12.991275899672846,39,Male,Bengaluru,407.0,11,3.66,7.716923076923076,3.9414742014742012,1201,0.02702702702702703,Zone_4,4038.0,2.46,48.2,Business,High,2.0
T01881,R0213,Zone_6,1.24,11.4,13.83,Wallet,2024-08-14,0,-1.412155821015389,-1.5743811590734096,2.696652156149841,0.8064758658669484,3.3763886032268267,11.0,11.153225806451614,29,Female,Chennai,456.0,26,3.74,6.7877777777777775,2.3342105263157893,2662,0.05701754385964912,,,,,,,
T01882,R0022,Zone_8,11.02,71.31,123.44,Wallet,2023-05-11,0,-0.13049713989018122,0.6229250871253262,4.8238236720294365,2.4865719291070616,8.444524853418338,71.0,11.201451905626135,43,Female,Kolkata,220.0,1,3.32,7.464285714285714,3.760090909090909,2194,0.004545454545454545,,,,,,,
T01883,R0010,Zone_6,1.11,10.93,24.81,UPI,2024-05-14,0,-1.2837677878181006,-1.6035887063132699,3.2507620137305224,0.7466879474879752,3.306055050963308,11.0,22.351351351351347,25,Female,Surat,173.0,1,3.38,9.472222222222221,6.962485549132948,1222,0.005780346820809248,,,,,,,
T01884,R0265,Zone_1,5.78,51.31,97.08,UPI,2023-02-27,0,-0.4387219627572597,-0.5543637400813582,4.585783472187901,1.9139771019523042,7.163099887618489,51.0,16.79584775086505,39,Female,Bengaluru,176.0,24,3.26,11.219999999999999,3.4528977272727275,2121,0.13636363636363635,Zone_1,4921.0,2.43,30.9,Residential,High,2.0
T01885,R0198,Zone_7,6.78,42.21,143.92,Credit Card,2023-10-22,0,0.10897343569091762,-0.32969029977473907,4.976181866026876,2.0515563381903004,6.496922348312315,42.0,21.227138643067843,31,Other,Mumbai,202.0,23,3.85,9.7775,2.9134158415841584,1742,0.11386138613861387,,,,,,,
T01886,R0293,Zone_6,6.6,47.47,164.58,Wallet,2024-08-17,1,0.3505487331277101,-0.3701315190299307,5.10945446171066,2.028148247292285,6.8898476035395735,47.0,24.93636363636364,39,Female,Delhi,248.0,44,3.2,5.605,1.6186290322580645,2543,0.1774193548387097,,,,,,,
T01887,R0222,Zone_5,7.47,74.53,113.68,UPI,2024-01-21,0,-0.24461983606554857,-0.17466562596317195,4.742145641015169,2.136530508663963,8.633075929238663,75.0,15.218206157965195,27,Male,Surat,475.0,12,3.44,9.88125,2.7908000000000004,1481,0.02526315789473684,Zone_5,2590.0,1.31,43.9,Business,Medium,1.0
T01888,R0046,Zone_10,11.33,85.5,178.34,Wallet,2024-06-29,0,0.5114430260962609,0.6925738536203783,5.189283445523902,2.512035317176253,9.246621004453464,86.0,15.740511915269197,31,Female,Kolkata,31.0,4,3.87,10.0025,41.82,2589,0.12903225806451613,,,,,,,
T01889,R0018,Zone_3,7.15,53.93,134.58,Wallet,2023-08-24,0,-0.00023824282116529383,-0.24656112686128998,4.909561872002819,2.0980179272527715,7.343704787094863,54.0,18.822377622377623,49,Female,Delhi,446.0,86,3.29,9.031666666666666,2.3415470852017934,1347,0.19282511210762332,Zone_3,12971.0,2.11,38.0,Business,High,2.0
T01890,R0256,Zone_3,8.92,50.75,215.0,Credit Card,2023-08-01,1,0.9401047107057866,0.15111086248142594,5.375278407684165,2.2945529212967815,7.123903424387503,51.0,24.103139013452914,31,Female,Delhi,265.0,8,3.65,6.908333333333334,2.8445283018867924,2002,0.03018867924528302,Zone_3,12971.0,2.11,38.0,Business,High,2.0
T01891,R0033,Zone_2,19.31,167.79,472.29,Credit Card,2023-07-01,1,3.948570745435325,2.485467907267199,6.159708308440529,3.011113375592293,12.953377937819926,168.0,24.458311755567067,18,Female,Chennai,472.0,37,3.24,6.412000000000001,1.4812500000000002,2675,0.07838983050847458,Zone_2,6371.0,0.91,58.4,Residential,Low,0.0
T01892,R0202,Zone_4,13.63,136.03,119.82,Cash,2024-07-26,0,-0.17282543498801223,1.2093227663256025,4.794301834710595,2.683074215032033,11.663189958154673,136.0,8.790902421129859,27,Male,Ahmedabad,317.0,0,4.72,9.2125,2.86794952681388,1785,0.0,Zone_4,4038.0,2.46,48.2,Business,High,2.0
T01893,R0242,Zone_8,8.3,52.21,81.63,Wallet,2023-05-01,0,-0.6193772553709306,0.011813329491322204,4.414372810713093,2.2300144001592104,7.22564875980005,52.0,9.834939759036143,34,Male,Ahmedabad,445.0,8,4.54,3.7528571428571427,0.7375056179775281,1565,0.017977528089887642,,,,,,,
T01894,R0093,Zone_10,20.94,201.07,466.07,UPI,2024-02-23,0,3.8758409124219244,2.851685614966989,6.146479139369693,3.088311454847084,14.17991537351334,201.0,22.25740210124164,33,Other,Surat,119.0,18,3.77,11.925000000000002,10.72546218487395,2667,0.15126050420168066,,,,,,,
T01895,R0184,Zone_2,4.82,24.32,74.34,UPI,2023-03-11,0,-0.7046184905265073,-0.7700502427757128,4.322011202263895,1.7613002617433464,4.931531202375181,24.0,15.423236514522822,29,Female,Surat,285.0,27,3.97,8.645,4.2551578947368425,2388,0.09473684210526316,Zone_2,6371.0,0.91,58.4,Residential,Low,0.0
T01896,R0209,Zone_8,10.6,78.22,107.9,Cash,2024-07-28,0,-0.3122047934316986,0.5285622421965461,4.690430029938915,2.451005098112319,8.84420714366189,78.0,10.179245283018869,31,Other,Surat,109.0,20,3.77,7.315,6.743944954128441,2289,0.1834862385321101,,,,,,,
T01897,R0235,Zone_2,0.12,0.79,1.5,Credit Card,2023-07-21,0,-1.5563292681303769,-1.8260154122168233,0.9162907318741551,0.11332868530700317,0.8888194417315589,1.0,12.5,34,Other,Delhi,284.0,8,4.06,6.95625,2.972852112676056,2040,0.028169014084507043,Zone_2,6371.0,0.91,58.4,Residential,Low,0.0
T01898,R0265,Zone_6,9.99,65.36,192.77,UPI,2024-05-05,0,0.68017156152767,0.39151144360950857,5.266671888712491,2.39698576841553,8.084553172563094,65.0,19.296296296296298,39,Female,Bengaluru,176.0,24,3.26,11.219999999999999,3.4528977272727275,2121,0.13636363636363635,,,,,,,
T01899,R0177,Zone_10,7.44,38.48,88.56,UPI,2024-07-22,0,-0.5383454639267403,-0.1814058291723704,4.494908791730554,2.132982308607866,6.203224967708329,38.0,11.903225806451612,34,Other,Bengaluru,489.0,63,4.48,9.645,3.8175051124744375,1310,0.12883435582822086,,,,,,,
T01900,R0150,Zone_4,8.3,80.45,93.17,Credit Card,2023-06-20,0,-0.48444119862259644,0.011813329491322204,4.545101659521972,2.2300144001592104,8.969392398596462,80.0,11.225301204819276,33,Male,Pune,215.0,16,4.95,7.922857142857143,3.506232558139535,1663,0.07441860465116279,Zone_4,4038.0,2.46,48.2,Business,High,2.0
T01901,R0225,Zone_6,9.85,62.56,110.98,UPI,2023-05-26,0,-0.2761906639009474,0.3600571619665817,4.718320283920748,2.3841650799864684,7.909487973314076,63.0,11.267005076142134,39,Female,Delhi,465.0,9,4.08,8.055,1.4471397849462366,2285,0.01935483870967742,,,,,,,
T01902,R0261,Zone_1,9.4,89.17,89.44,UPI,2023-10-07,0,-0.52805571263224,0.2589541138286032,4.504686647409769,2.341805806147327,9.442986815621422,89.0,9.514893617021276,31,Male,Pune,477.0,83,4.24,8.195,1.3621174004192873,1483,0.1740041928721174,Zone_1,4921.0,2.43,30.9,Residential,High,2.0
T01903,R0227,Zone_4,2.64,19.46,45.45,Cash,2023-06-18,0,-1.0424263483652743,-1.2598383426441426,3.8383764652598478,1.2919836816486494,4.411349000022556,19.0,17.21590909090909,25,Other,Pune,320.0,23,4.12,5.664,1.58815625,2259,0.071875,Zone_4,4038.0,2.46,48.2,Business,High,2.0
T01904,R0034,Zone_5,6.08,38.77,146.96,Credit Card,2023-07-21,1,0.14451984925373723,-0.4869617079893726,4.996941966964253,1.9572739077056285,6.226556030423239,39.0,24.17105263157895,26,Other,Chennai,484.0,48,3.1,7.62,0.8786157024793388,2704,0.09917355371900827,Zone_5,2590.0,1.31,43.9,Business,Medium,1.0
T01905,R0196,Zone_8,8.03,40.53,149.92,UPI,2023-12-17,0,0.1791308308806927,-0.04884849939146529,5.01674989509611,2.200552367428894,6.366317616958802,41.0,18.669987546699875,18,Male,Hyderabad,51.0,9,4.93,7.995833333333334,31.831960784313726,2642,0.17647058823529413,,,,,,,
T01906,R0295,Zone_4,0.85,4.85,20.88,Credit Card,2024-06-13,1,-1.3297208816674033,-1.6620038007929911,3.0855729775537806,0.6151856390902334,2.202271554554524,5.0,24.56470588235294,18,Female,Delhi,98.0,18,3.59,4.974444444444444,5.34734693877551,2668,0.1836734693877551,Zone_4,4038.0,2.46,48.2,Business,High,2.0
T01907,R0237,Zone_8,12.01,82.33,294.45,Wallet,2023-03-10,1,1.8691055520103916,0.8453517930288793,5.688499617791684,2.565718292524414,9.07358804442873,82.0,24.51706910907577,40,Male,Chennai,36.0,3,3.71,9.737,49.20527777777777,1374,0.08333333333333333,,,,,,,
T01908,R0008,Zone_6,17.41,116.11,273.32,Wallet,2024-08-12,0,1.6220345919504005,2.058588370684623,5.614295308154665,2.9128939952449864,10.775435026020991,116.0,15.699023549684089,28,Female,Jaipur,215.0,23,4.02,6.03125,4.1547441860465115,1447,0.10697674418604651,,,,,,,
T01909,R0232,Zone_5,9.52,79.46,192.94,Wallet,2023-01-16,0,0.6821593543913802,0.28591492666539736,5.2675488328764,2.3532782073095637,8.91403387922662,79.0,20.266806722689076,38,Male,Jaipur,172.0,15,3.94,7.169230769230769,8.667674418604651,1379,0.0872093023255814,Zone_5,2590.0,1.31,43.9,Business,Medium,1.0
T01910,R0183,Zone_4,5.36,30.69,130.84,Cash,2023-10-11,1,-0.04396968582279187,-0.6487265850101384,4.881589066161162,1.8500283773520307,5.539855593785816,31.0,24.41044776119403,43,Other,Jaipur,406.0,66,3.79,7.2225,2.0964039408866997,1482,0.1625615763546798,Zone_4,4038.0,2.46,48.2,Business,High,2.0
T01911,R0292,Zone_6,3.51,32.24,46.7,Wallet,2023-04-16,0,-1.0278102243674045,-1.064372449577384,3.8649313978942956,1.506297153514587,5.678027826631356,32.0,13.304843304843306,37,Female,Jaipur,141.0,19,4.39,8.817777777777778,8.070141843971632,2272,0.1347517730496454,,,,,,,
T01912,R0270,Zone_9,0.4,3.71,6.92,Wallet,2023-02-11,0,-1.4929537544756133,-1.7631068489309696,2.0693912058263346,0.33647223662121295,1.9261360284258222,4.0,17.299999999999997,35,Male,Hyderabad,455.0,64,3.08,7.38,2.420945054945055,1719,0.14065934065934066,,,,,,,
T01913,R0224,Zone_1,9.7,55.17,127.01,Wallet,2023-05-08,0,-0.08875348975226495,0.32635614592058876,4.852108385868018,2.3702437414678603,7.427651041883968,55.0,13.093814432989692,29,Female,Ahmedabad,200.0,1,4.31,5.958571428571429,2.5707,2235,0.005,Zone_1,4921.0,2.43,30.9,Residential,High,2.0
T01914,R0089,Zone_7,14.31,81.68,133.14,Cash,2023-12-22,0,-0.01707601766671162,1.3621007057341037,4.898884030671591,2.7285062096695922,9.037698822156003,82.0,9.303983228511528,48,Other,Surat,308.0,6,3.91,9.981111111111112,4.595941558441559,1457,0.01948051948051948,,,,,,,
T01915,R0252,Zone_6,6.9,53.47,157.6,UPI,2023-08-05,0,0.2689322967236049,-0.30272948693794477,5.066385309200747,2.066862759472976,7.312318373812781,53.0,22.840579710144926,38,Other,Ahmedabad,392.0,47,4.83,6.275625,4.290943877551021,2185,0.11989795918367346,,,,,,,
T01916,R0140,Zone_6,0.56,4.79,10.76,UPI,2024-05-21,0,-1.4480530215541572,-1.7271590984819105,2.464703942470481,0.44468582126144574,2.188606862823929,5.0,19.21428571428571,29,Female,Delhi,499.0,45,4.92,6.962000000000001,1.3617835671342684,2344,0.09018036072144289,,,,,,,
T01917,R0001,Zone_4,3.64,26.21,66.38,Wallet,2023-01-09,0,-0.7976939681449423,-1.0351649023375233,4.2103482379784065,1.534714366238164,5.119570294468081,26.0,18.236263736263734,23,Male,Pune,56.0,0,3.76,10.42,5.670892857142857,2271,0.0,Zone_4,4038.0,2.46,48.2,Business,High,2.0
T01918,R0024,Zone_9,5.14,41.41,105.17,UPI,2023-08-27,0,-0.3441264082430463,-0.6981547418775947,4.665041583025482,1.814824742159051,6.435060217278467,41.0,20.461089494163424,41,Other,Chennai,140.0,16,3.49,7.7425,3.4135,2626,0.11428571428571428,,,,,,,
T01919,R0100,Zone_5,1.6600000000000001,11.24,25.28,Credit Card,2024-01-06,0,-1.2782721251949016,-1.4800183141446295,3.26880819361641,0.9783261227936078,3.352610922848042,11.0,15.228915662650602,28,Male,Delhi,383.0,60,3.79,8.454166666666667,4.327650130548303,1942,0.1566579634464752,Zone_5,2590.0,1.31,43.9,Business,Medium,1.0
T01920,R0174,Zone_3,6.45,43.18,135.11,Credit Card,2023-01-03,0,0.005958993753931519,-0.4038325350759234,4.913463382343982,2.0082140323914683,6.571149062378664,43.0,20.94728682170543,32,Male,Kolkata,320.0,7,3.8,8.877142857142857,2.88059375,2779,0.021875,Zone_3,12971.0,2.11,38.0,Business,High,2.0
T01921,R0149,Zone_8,12.46,71.95,127.51,Cash,2023-08-15,0,-0.08290704015311702,0.9464548411668582,4.85600672231905,2.599722324216582,8.482334584299302,72.0,10.23354735152488,30,Male,Jaipur,89.0,8,4.57,6.0600000000000005,7.428314606741573,2560,0.0898876404494382,,,,,,,
T01922,R0008,Zone_3,0.41000000000000003,3.5,8.81,Credit Card,2024-03-25,0,-1.4708541749908342,-1.7608601145279035,2.2834022735772717,0.34358970439007697,1.8708286933869707,4.0,21.48780487804878,28,Female,Jaipur,215.0,23,4.02,6.03125,4.1547441860465115,1447,0.10697674418604651,Zone_3,12971.0,2.11,38.0,Business,High,2.0
T01923,R0204,Zone_8,5.2,46.01,119.73,Cash,2023-09-02,0,-0.17387779591585872,-0.6846743354591974,4.793556647344296,1.824549292051046,6.783067152844648,46.0,23.025,37,Female,Hyderabad,438.0,5,3.73,9.687142857142858,2.0578767123287673,2816,0.01141552511415525,,,,,,,
T01924,R0142,Zone_2,2.12,10.73,33.63,Credit Card,2023-02-25,0,-1.1806364168891312,-1.3766685316035847,3.5447203584143305,1.1378330018213911,3.27566787083184,11.0,15.86320754716981,33,Female,Kolkata,78.0,5,3.48,6.78,5.378205128205129,2023,0.0641025641025641,Zone_2,6371.0,0.91,58.4,Residential,Low,0.0
T01925,R0039,Zone_9,3.9,35.93,89.93,Cash,2023-04-03,0,-0.5223261920250749,-0.9767498078578024,4.510089979737821,1.589235205116581,5.994163828258284,36.0,23.05897435897436,24,Male,Chennai,190.0,14,4.2,4.837142857142857,2.674,1034,0.07368421052631578,,,,,,,
T01926,R0155,Zone_4,7.26,70.43,80.96,UPI,2024-04-19,0,-0.6272114978337888,-0.22184704842756198,4.406231323370699,2.1114245875328868,8.392258337301111,70.0,11.15151515151515,23,Male,Hyderabad,353.0,8,3.14,7.61375,2.639405099150142,2776,0.0226628895184136,Zone_4,4038.0,2.46,48.2,Business,High,2.0
T01927,R0150,Zone_10,13.11,67.82,119.86,Cash,2023-02-26,0,-0.17235771902008032,1.0924925773661602,4.794632850933413,2.6468837658647226,8.235289915965314,68.0,9.142639206712433,33,Male,Pune,215.0,16,4.95,7.922857142857143,3.506232558139535,1663,0.07441860465116279,,,,,,,
T01928,R0073,Zone_9,10.28,63.91,169.9,Cash,2023-09-03,0,0.41275495686264396,0.45666674129842794,5.141078590121546,2.423031246069913,7.994373021069257,64.0,16.527237354085603,41,Other,Ahmedabad,490.0,30,3.01,8.734444444444444,2.6034693877551023,1916,0.061224489795918366,,,,,,,
T01929,R0191,Zone_2,2.08,18.48,46.88,Credit Card,2023-05-08,0,-1.0257055025117112,-1.3856554692158494,3.8686978806897723,1.1249295969854831,4.298837052040936,18.0,22.53846153846154,33,Other,Surat,87.0,6,4.56,7.5609090909090915,15.227701149425286,2225,0.06896551724137931,Zone_2,6371.0,0.91,58.4,Residential,Low,0.0
T01930,R0229,Zone_9,8.47,65.57,122.37,Wallet,2023-01-29,0,-0.1430085420323577,0.050007814343447456,4.8151879700833735,2.248128907197987,8.097530487747484,66.0,14.447461629279811,22,Female,Mumbai,146.0,16,4.43,7.736,4.715753424657534,2124,0.1095890410958904,,,,,,,
T01931,R0150,Zone_4,6.33,58.62,124.24,Wallet,2024-02-04,0,-0.12114282053154456,-0.4307933479127178,4.830231896458205,1.9919755158985601,7.656369897020388,59.0,19.627172195892573,33,Male,Pune,215.0,16,4.95,7.922857142857143,3.506232558139535,1663,0.07441860465116279,Zone_4,4038.0,2.46,48.2,Business,High,2.0
T01932,R0161,Zone_3,7.94,64.43,66.52,UPI,2023-10-05,0,-0.7960569622571808,-0.06906910901906078,4.212423850287702,2.190535589185423,8.026830009412185,64.0,8.377833753148614,32,Other,Surat,332.0,50,4.91,5.536666666666666,1.7095180722891565,2731,0.15060240963855423,Zone_3,12971.0,2.11,38.0,Business,High,2.0
T01933,R0115,Zone_4,7.0,38.11,139.47,Wallet,2023-06-17,0,0.05694003425850124,-0.2802621429072829,4.944993942842818,2.0794415416798357,6.17332973362026,38.0,19.924285714285713,40,Female,Bengaluru,170.0,15,4.4,7.58909090909091,8.388058823529413,2391,0.08823529411764706,Zone_4,4038.0,2.46,48.2,Business,High,2.0
T01934,R0038,Zone_7,9.57,71.28,137.04,Wallet,2023-01-13,0,0.02852628920664225,0.2971485986807285,4.927543498229802,2.3580197998821464,8.442748367682173,71.0,14.31974921630094,37,Other,Kolkata,68.0,7,4.07,5.946,6.673970588235294,1314,0.10294117647058823,,,,,,,
T01935,R0047,Zone_8,8.91,71.28,113.61,Credit Card,2023-04-02,0,-0.24543833900942938,0.1488641280783598,4.741535060508608,2.2935443483418965,8.442748367682173,71.0,12.75084175084175,51,Female,Bengaluru,69.0,3,4.86,8.89,16.592318840579708,1806,0.043478260869565216,,,,,,,
T01936,R0052,Zone_3,12.33,118.66,304.64,Credit Card,2024-03-05,1,1.9882561948410262,0.9172472939269974,5.722407938779366,2.5900171341906173,10.893117092916976,119.0,24.70721816707218,23,Other,Hyderabad,40.0,7,4.74,10.196666666666667,12.866499999999998,2018,0.175,Zone_3,12971.0,2.11,38.0,Business,High,2.0
T01937,R0090,Zone_3,8.58,76.68,134.5,Credit Card,2023-03-09,0,-0.0011736747570291078,0.07472189277717543,4.908971640319756,2.259677591982769,8.756711711595855,77.0,15.675990675990676,33,Female,Mumbai,152.0,25,4.51,10.813,12.998355263157896,2055,0.16447368421052633,Zone_3,12971.0,2.11,38.0,Business,High,2.0
T01938,R0199,Zone_3,16.45,130.32,299.2,UPI,2023-08-27,0,1.9246468232022969,1.8429018679902684,5.704448919199361,2.859339648648436,11.415778554264268,130.0,18.188449848024316,29,Male,Ahmedabad,344.0,27,3.91,8.515,4.652616279069767,1871,0.07848837209302326,Zone_3,12971.0,2.11,38.0,Business,High,2.0
T01939,R0151,Zone_6,10.6,97.65,252.59,Credit Card,2023-02-12,1,1.3796407915697275,0.5285622421965461,5.535718789608946,2.451005098112319,9.881801455200362,98.0,23.82924528301887,34,Male,Hyderabad,394.0,56,5.0,8.987142857142857,2.8274111675126905,1300,0.14213197969543148,,,,,,,
T01940,R0010,Zone_5,15.39,120.45,216.84,Wallet,2024-07-05,0,0.961619645230651,1.6047480212652523,5.383760848365505,2.7966713927557385,10.974971526158964,120.0,14.089668615984404,25,Female,Surat,173.0,1,3.38,9.472222222222221,6.962485549132948,1222,0.005780346820809248,Zone_5,2590.0,1.31,43.9,Business,Medium,1.0
T01941,R0275,Zone_5,11.6,67.31,103.43,Credit Card,2024-02-02,0,-0.364472052848081,0.7532356825031653,4.648516990491458,2.533696813957432,8.204267182387468,67.0,8.916379310344828,21,Other,Jaipur,247.0,17,3.07,8.4625,1.3201214574898787,1444,0.06882591093117409,Zone_5,2590.0,1.31,43.9,Business,Medium,1.0
T01942,R0125,Zone_6,4.64,31.15,86.57,Wallet,2023-02-25,0,-0.5616143333313491,-0.8104914620309043,4.472438473534133,1.7298840655099674,5.58121850495033,31.0,18.657327586206897,44,Male,Ahmedabad,99.0,19,3.89,9.295,11.28040404040404,1244,0.1919191919191919,,,,,,,
T01943,R0092,Zone_6,14.21,79.37,268.8,Credit Card,2023-04-26,0,1.5691826875741033,1.3396333617034417,5.597680943773655,2.7219531062712017,8.908984229416955,79.0,18.916256157635466,21,Male,Surat,252.0,23,4.51,11.438,3.415357142857143,2618,0.09126984126984126,,,,,,,
T01944,R0097,Zone_5,13.92,79.12,184.97,Cash,2024-02-09,0,0.5889669477809623,1.274478064014522,5.225585370381938,2.702702594775615,8.894942383174834,79.0,13.288074712643677,23,Other,Bengaluru,478.0,5,3.28,8.67875,2.3370292887029285,2061,0.010460251046025104,Zone_5,2590.0,1.31,43.9,Business,Medium,1.0
T01945,R0263,Zone_7,6.36,40.84,81.07,Credit Card,2023-05-27,0,-0.6259252789219764,-0.4240531447035191,4.4075725416416205,1.9960599327407849,6.390618123468183,41.0,12.746855345911948,31,Other,Chennai,297.0,21,3.84,8.718333333333332,5.2110101010101015,2087,0.0707070707070707,,,,,,,
T01946,R0143,Zone_5,5.26,46.28,121.99,UPI,2023-06-27,1,-0.14745184372771022,-0.6711939290408004,4.8121030512543195,1.8341801851120072,6.802940540677979,46.0,23.192015209125476,42,Other,Kolkata,74.0,13,4.56,6.13875,11.630405405405405,1269,0.17567567567567569,Zone_5,2590.0,1.31,43.9,Business,Medium,1.0
T01947,R0222,Zone_1,15.21,120.95,334.62,Wallet,2023-04-06,0,2.3388093128059357,1.564306802010061,5.815979567573016,2.785628335747585,10.997727037892876,121.0,22.0,27,Male,Surat,475.0,12,3.44,9.88125,2.7908000000000004,1481,0.02526315789473684,Zone_1,4921.0,2.43,30.9,Residential,High,2.0
T01948,R0193,Zone_5,13.27,81.64,263.99,Credit Card,2024-03-08,0,1.5129398424303002,1.1284403278152193,5.5796920894251505,2.658159431488745,9.035485598461214,82.0,19.89374529012811,33,Female,Chennai,389.0,68,4.41,8.012857142857143,2.5851928020565555,1718,0.17480719794344474,Zone_5,2590.0,1.31,43.9,Business,Medium,1.0
T01949,R0283,Zone_1,0.7000000000000001,5.54,9.75,Credit Card,2023-08-21,0,-1.4598628497444361,-1.6957048168389839,2.3749057545736716,0.5306282510621704,2.353720459187964,6.0,13.928571428571427,19,Male,Surat,245.0,45,3.55,7.9957142857142856,4.135632653061225,1190,0.1836734693877551,Zone_1,4921.0,2.43,30.9,Residential,High,2.0
T01950,R0006,Zone_5,12.29,87.75,162.03,UPI,2023-06-03,0,0.3207318401720556,0.9082603563147325,5.093934232951563,2.587011872725154,9.367496997597597,88.0,13.183889340927584,45,Female,Jaipur,248.0,13,4.64,9.034285714285714,4.417056451612903,1175,0.05241935483870968,Zone_5,2590.0,1.31,43.9,Business,Medium,1.0
T01951,R0231,Zone_4,16.64,111.73,174.75,UPI,2024-01-29,0,0.46946551797437874,1.8855898216485263,5.169062530690774,2.8701690505786455,10.570241246064349,112.0,10.501802884615385,19,Other,Mumbai,328.0,22,4.81,8.47,2.230274390243902,2579,0.06707317073170732,Zone_4,4038.0,2.46,48.2,Business,High,2.0
T01952,R0176,Zone_10,11.03,65.2,222.95,UPI,2024-02-14,0,1.0330632593322384,0.6251718215283923,5.411422812653309,2.4874035299865875,8.07465169527454,65.0,20.213055303717134,43,Male,Mumbai,260.0,13,3.95,15.176666666666664,6.3002692307692305,2673,0.05,,,,,,,
T01953,R0089,Zone_8,0.62,3.34,14.91,Wallet,2024-08-09,1,-1.3995274898812295,-1.7136786920635134,2.7669478423496954,0.4824261492442927,1.8275666882497066,3.0,24.048387096774196,48,Other,Surat,308.0,6,3.91,9.981111111111112,4.595941558441559,1457,0.01948051948051948,,,,,,,
T01954,R0121,Zone_5,4.08,38.15,53.68,Cash,2024-02-18,0,-0.9461937879632994,-0.936308588602611,4.001498011855749,1.6253112615903906,6.176568626672903,38.0,13.156862745098039,29,Male,Pune,378.0,10,4.17,7.996363636363636,3.8740211640211637,1162,0.026455026455026454,Zone_5,2590.0,1.31,43.9,Business,Medium,1.0
T01955,R0108,Zone_5,10.0,67.87,243.58,Credit Card,2023-08-30,1,1.2742877697930821,0.3937581780125747,5.499542453761224,2.3978952727983707,8.238325072488946,68.0,24.358,18,Male,Pune,184.0,32,4.88,6.228571428571429,4.754836956521739,2666,0.17391304347826086,Zone_5,2590.0,1.31,43.9,Business,Medium,1.0
T01956,R0278,Zone_1,6.92,61.26,142.95,Wallet,2023-04-28,0,0.09763132346857067,-0.2982360181318125,4.969466017058185,2.0693912058263346,7.826876771739798,61.0,20.65751445086705,20,Female,Mumbai,382.0,58,4.27,10.838888888888889,5.546492146596859,1841,0.1518324607329843,Zone_1,4921.0,2.43,30.9,Residential,High,2.0
T01957,R0162,Zone_3,14.39,75.49,328.45,Credit Card,2023-09-06,0,2.26666412475245,1.3800745809586332,5.797424597359829,2.733717947850788,8.688498144098322,75.0,22.82487838776928,30,Male,Hyderabad,394.0,38,4.28,8.855,2.3779187817258887,1130,0.09644670050761421,Zone_3,12971.0,2.11,38.0,Business,High,2.0
T01958,R0299,Zone_1,11.66,90.92,161.08,Credit Card,2024-06-09,0,0.30962358593367467,0.7667160889215626,5.088090040500373,2.5384474167160302,9.535197952848174,91.0,13.8147512864494,33,Other,Kolkata,457.0,0,3.92,7.4725,1.0091903719912472,2204,0.0,Zone_1,4921.0,2.43,30.9,Residential,High,2.0
T01959,R0046,Zone_1,17.82,152.87,177.66,Credit Card,2023-12-11,0,0.5034918546414197,2.150704481210337,5.185484558273693,2.9349201341572337,12.36406082159094,153.0,9.969696969696969,31,Female,Kolkata,31.0,4,3.87,10.0025,41.82,2589,0.12903225806451613,Zone_1,4921.0,2.43,30.9,Residential,High,2.0
T01960,R0089,Zone_10,13.1,67.66,261.49,UPI,2023-11-29,0,1.4837075944345606,1.0902458429630941,5.570212986067941,2.6461747973841225,8.225569889071517,68.0,19.961068702290078,48,Other,Surat,308.0,6,3.91,9.981111111111112,4.595941558441559,1457,0.01948051948051948,,,,,,,
T01961,R0247,Zone_7,10.76,57.77,199.28,UPI,2024-06-30,0,0.7562923353085759,0.5645099926456052,5.299716387461744,2.464703942470481,7.600657866263946,58.0,18.520446096654275,37,Male,Bengaluru,249.0,47,4.92,10.267692307692307,9.587590361445782,1955,0.18875502008032127,,,,,,,
T01962,R0003,Zone_1,6.43,43.36,99.99,Credit Card,2024-02-28,0,-0.40469562609021886,-0.4083260038820559,4.6150215020384655,2.005525858729668,6.584831053261731,43.0,15.55054432348367,34,Male,Pune,45.0,9,3.76,6.768000000000001,21.593555555555557,1232,0.2,Zone_1,4921.0,2.43,30.9,Residential,High,2.0
T01963,R0145,Zone_8,15.02,110.98,299.04,Wallet,2023-12-17,0,1.9227759593305698,1.521618848351803,5.703915799101436,2.7738379416402132,10.534704552098269,111.0,19.909454061251665,36,Female,Jaipur,222.0,43,4.3,11.585,2.948918918918919,1378,0.19369369369369369,,,,,,,
T01964,R0267,Zone_7,8.03,49.21,99.36,Cash,2023-11-01,0,-0.41206215258514517,-0.04884849939146529,4.608763721498222,2.200552367428894,7.014983962918233,49.0,12.373599003735992,37,Other,Jaipur,131.0,11,4.5,9.437999999999999,5.203740458015267,2085,0.08396946564885496,,,,,,,
T01965,R0143,Zone_4,2.87,28.01,60.09,Wallet,2023-02-21,0,-0.871242304102223,-1.2081634513736201,4.112348186661675,1.3532545070416904,5.292447448959697,28.0,20.937282229965156,42,Other,Kolkata,74.0,13,4.56,6.13875,11.630405405405405,1269,0.17567567567567569,Zone_4,4038.0,2.46,48.2,Business,High,2.0
T01966,R0289,Zone_10,8.24,56.3,84.56,UPI,2024-06-11,0,-0.5851170607199238,-0.0016670769270750606,4.449217884214205,2.2235418856535927,7.503332592921628,56.0,10.262135922330097,21,Other,Chennai,322.0,14,4.17,8.26625,3.8337888198757764,1813,0.043478260869565216,,,,,,,
T01967,R0252,Zone_5,7.54,45.25,185.92,Credit Card,2024-05-19,1,0.6000752020193432,-0.15893848514170855,5.230680717832225,2.1447610078004784,6.726812023536855,45.0,24.657824933687,38,Other,Ahmedabad,392.0,47,4.83,6.275625,4.290943877551021,2185,0.11989795918367346,Zone_5,2590.0,1.31,43.9,Business,Medium,1.0
T01968,R0010,Zone_3,3.03,20.69,54.25,Wallet,2023-12-05,0,-0.9395288354202709,-1.1722157009245613,4.0118683403978626,1.3937663759585914,4.548626166217664,21.0,17.904290429042906,25,Female,Surat,173.0,1,3.38,9.472222222222221,6.962485549132948,1222,0.005780346820809248,Zone_3,12971.0,2.11,38.0,Business,High,2.0
T01969,R0120,Zone_5,12.14,99.43,144.13,UPI,2023-06-08,0,0.11142894452255984,0.8745593402687399,4.9776298924822715,2.5756610130564646,9.971459271340379,99.0,11.872322899505765,18,Other,Surat,311.0,15,4.55,8.525,3.260289389067524,2258,0.04823151125401929,Zone_5,2590.0,1.31,43.9,Business,Medium,1.0
T01970,R0088,Zone_9,7.3,62.48,70.07,Credit Card,2023-12-07,0,-0.7545471701032307,-0.2128601108152972,4.263665306838804,2.1162555148025524,7.904429138147801,62.0,9.598630136986301,22,Other,Jaipur,438.0,0,4.78,7.78125,2.0405479452054793,2629,0.0,,,,,,,
T01971,R0159,Zone_9,9.98,88.08,145.33,Wallet,2024-08-18,0,0.12546042356051507,0.3892647092064424,4.985864345104336,2.3960754360813845,9.385094565320053,88.0,14.562124248496994,43,Female,Bengaluru,79.0,2,4.9,5.9925,5.378354430379747,2310,0.02531645569620253,,,,,,,
T01972,R0196,Zone_9,4.1,22.45,84.2,Wallet,2024-01-22,0,-0.5893265044313102,-0.9318151197964787,4.44500143383527,1.62924053973028,4.738143096192854,22.0,20.53658536585366,18,Male,Hyderabad,51.0,9,4.93,7.995833333333334,31.831960784313726,2642,0.17647058823529413,,,,,,,
T01973,R0232,Zone_2,7.18,40.61,109.85,Cash,2023-12-24,0,-0.28940363999502183,-0.23982092365209154,4.70817793606232,2.1016921506146558,6.372597586541928,41.0,15.299442896935933,38,Male,Jaipur,172.0,15,3.94,7.169230769230769,8.667674418604651,1379,0.0872093023255814,Zone_2,6371.0,0.91,58.4,Residential,Low,0.0
T01974,R0175,Zone_9,11.87,73.18,277.33,Credit Card,2023-08-15,1,1.6689231177355666,0.8138975113859525,5.628807460063128,2.554899021608035,8.554530963179689,73.0,23.363942712721148,35,Male,Chennai,98.0,8,3.48,8.7825,13.076632653061225,1491,0.08163265306122448,,,,,,,
T01975,R0194,Zone_6,6.77,45.5,78.64,UPI,2024-07-25,0,-0.6543390239738351,-0.33193703417780546,4.377516479195996,2.050270164379556,6.745368781616021,46.0,11.615952732644018,30,Other,Jaipur,10.0,2,4.06,7.2683333333333335,68.455,1315,0.2,,,,,,,
T01976,R0044,Zone_10,6.17,36.21,70.6,Wallet,2023-12-14,0,-0.7483499335281338,-0.4667410983617769,4.2710950739666,1.969905654611529,6.017474553332153,36.0,11.442463533225283,36,Female,Hyderabad,271.0,5,3.21,10.226,6.127380073800738,2238,0.01845018450184502,,,,,,,
T01977,R0140,Zone_1,18.92,158.0,441.05,UPI,2023-02-22,1,3.5832845744805626,2.3978452655476183,6.091422997851813,2.991724252156452,12.569805089976535,158.0,23.311310782241012,29,Female,Delhi,499.0,45,4.92,6.962000000000001,1.3617835671342684,2344,0.09018036072144289,Zone_1,4921.0,2.43,30.9,Residential,High,2.0
T01978,R0240,Zone_4,9.58,95.55,112.44,Wallet,2023-07-23,0,-0.2591190310714355,0.2993953330837946,4.731274062783817,2.3589654264301534,9.77496803063826,96.0,11.736951983298539,30,Male,Delhi,174.0,2,4.07,11.515,7.0199425287356325,2313,0.011494252873563218,Zone_4,4038.0,2.46,48.2,Business,High,2.0
T01979,R0050,Zone_7,11.67,100.11,203.43,Cash,2023-02-16,0,0.8048178669815037,0.7689628233246287,5.320225618596917,2.5392369943330477,10.005498488331304,100.0,17.431876606683804,49,Male,Ahmedabad,330.0,41,3.42,8.585714285714285,2.775181818181818,1442,0.12424242424242424,,,,,,,
T01980,R0284,Zone_3,11.73,107.22,152.86,UPI,2023-01-19,0,0.21350795452368282,0.782443229743026,5.036043098030789,2.543961412569315,10.354709073653398,107.0,13.03154305200341,28,Female,Surat,135.0,19,4.95,8.70142857142857,7.306148148148148,2605,0.14074074074074075,Zone_3,12971.0,2.11,38.0,Business,High,2.0
T01981,R0112,Zone_4,8.48,61.81,144.94,Cash,2024-04-16,0,0.12090019287317952,0.0522545487465136,4.983195578337474,2.2491843162669305,7.861933604400384,62.0,17.09198113207547,41,Female,Delhi,311.0,11,3.24,8.953,3.6986173633440513,2134,0.03536977491961415,Zone_4,4038.0,2.46,48.2,Business,High,2.0
T01982,R0009,Zone_3,10.64,61.97,206.85,UPI,2023-08-26,0,0.8448075822396753,0.5375491798088111,5.336816665698646,2.454447442303292,7.87210264160726,62.0,19.44078947368421,42,Female,Ahmedabad,172.0,21,4.11,9.268571428571429,5.327848837209302,2468,0.12209302325581395,Zone_3,12971.0,2.11,38.0,Business,High,2.0
T01983,R0243,Zone_6,3.13,18.37,32.73,UPI,2024-07-01,0,-1.1911600261675976,-1.1497483568938993,3.5183876490735586,1.4182774069729414,4.286023798347368,18.0,10.456869009584663,33,Male,Jaipur,315.0,11,3.7,7.901428571428572,3.011206349206349,1319,0.03492063492063492,,,,,,,
T01984,R0144,Zone_5,15.24,115.44,279.82,Cash,2023-05-15,0,1.6980384367393233,1.5710470052192593,5.637713894686496,2.787477334733532,10.744300814850634,115.0,18.360892388451443,34,Other,Pune,194.0,10,3.52,9.385555555555555,8.002319587628865,2055,0.05154639175257732,Zone_5,2590.0,1.31,43.9,Business,Medium,1.0
T01985,R0143,Zone_2,14.23,100.08,209.8,Credit Card,2024-04-20,0,0.8793016348746483,1.344126830509574,5.350909816667207,2.7232671669070703,10.00399920031984,100.0,14.743499648629657,42,Other,Kolkata,74.0,13,4.56,6.13875,11.630405405405405,1269,0.17567567567567569,Zone_2,6371.0,0.91,58.4,Residential,Low,0.0
T01986,R0045,Zone_9,8.95,82.11,148.94,Cash,2023-03-09,0,0.1676717896663629,0.15785106569062438,5.010235214074916,2.2975725511705014,9.061456836513653,82.0,16.641340782122906,34,Other,Ahmedabad,100.0,16,4.88,9.725555555555555,15.298499999999999,1163,0.16,,,,,,,
T01987,R0077,Zone_5,8.03,55.77,179.77,UPI,2023-09-08,0,0.5281638719498241,-0.04884849939146529,5.197225504986763,2.200552367428894,7.467931440499437,56.0,22.38729763387298,28,Male,Mumbai,406.0,72,3.79,10.489999999999998,5.7729556650246305,2567,0.17733990147783252,Zone_5,2590.0,1.31,43.9,Business,Medium,1.0
T01988,R0104,Zone_9,1.8,15.68,28.61,Cash,2024-02-28,0,-1.2393347708645763,-1.4485640325017028,3.3881121421135,1.0296194171811581,3.9597979746446663,16.0,15.894444444444444,52,Male,Kolkata,328.0,1,3.7,5.187777777777779,2.3335060975609756,1939,0.003048780487804878,,,,,,,
T01989,R0185,Zone_8,13.15,122.2,234.93,Credit Card,2023-02-17,0,1.173144191727823,1.1014795149784253,5.463535150858622,2.649714624089247,11.054410884348384,122.0,17.865399239543727,27,Male,Delhi,201.0,12,4.05,6.247142857142857,3.7018905472636816,1847,0.05970149253731343,,,,,,,
T01990,R0153,Zone_5,6.72,34.64,110.33,UPI,2023-04-02,0,-0.28379104837983976,-0.34317070619313633,4.712498763740616,2.0438143640366846,5.885575587824865,35.0,16.418154761904763,20,Male,Mumbai,76.0,14,4.54,5.768,6.065131578947368,2327,0.18421052631578946,Zone_5,2590.0,1.31,43.9,Business,Medium,1.0
T01991,R0051,Zone_3,11.05,99.75,93.8,Credit Card,2024-02-26,0,-0.47707467212767013,0.629665290334525,4.551769409260976,2.489064659936664,9.987492177719089,100.0,8.48868778280543,21,Male,Kolkata,213.0,14,4.02,5.918,5.169107981220657,2356,0.06572769953051644,Zone_3,12971.0,2.11,38.0,Business,High,2.0
T01992,R0100,Zone_8,0.8,5.49,16.39,UPI,2023-04-05,0,-1.3822219990677516,-1.6732374728083221,2.855895328366192,0.5877866649021191,2.3430749027719964,5.0,20.4875,28,Male,Delhi,383.0,60,3.79,8.454166666666667,4.327650130548303,1942,0.1566579634464752,,,,,,,
T01993,R0294,Zone_4,11.16,77.36,108.82,Credit Card,2023-09-06,0,-0.30144732616926656,0.654379368768253,4.698842661850726,2.498151876538021,8.795453370918409,77.0,9.750896057347669,24,Male,Surat,41.0,7,3.2,8.097142857142858,20.37560975609756,1994,0.17073170731707318,Zone_4,4038.0,2.46,48.2,Business,High,2.0
T01994,R0260,Zone_10,7.12,41.21,74.41,Wallet,2023-12-11,0,-0.7037999875826266,-0.2533013300704886,4.322939892214555,2.0943301541735866,6.419501538281613,41.0,10.450842696629213,55,Other,Mumbai,63.0,3,4.24,6.298333333333333,10.94063492063492,2619,0.047619047619047616,,,,,,,
T01995,R0207,Zone_7,8.06,49.34,164.43,UPI,2023-02-13,0,0.34879479824796567,-0.042108296182266455,5.108548144618925,2.203869120054888,7.024243731534378,49.0,20.400744416873447,31,Male,Mumbai,47.0,3,3.93,7.93375,26.20127659574468,1016,0.06382978723404255,,,,,,,
T01996,R0171,Zone_6,0.91,6.44,22.12,UPI,2023-03-20,1,-1.3152216866615163,-1.6485233943745938,3.1406980438041767,0.6471032420585384,2.5377155080899043,6.0,24.307692307692307,23,Female,Jaipur,276.0,19,4.3,3.0300000000000002,0.518550724637681,2684,0.06884057971014493,,,,,,,
T01997,R0287,Zone_5,11.4,103.03,193.75,Cash,2024-06-25,0,0.6916306027419998,0.7083009944418417,5.271716684750857,2.517696472610991,10.15036945140422,103.0,16.99561403508772,18,Other,Delhi,320.0,34,3.33,6.713333333333334,2.3166874999999996,1735,0.10625,Zone_5,2590.0,1.31,43.9,Business,Medium,1.0
T01998,R0254,Zone_9,4.94,39.32,58.45,Cash,2024-03-23,0,-0.8904186587874283,-0.7430894299389184,4.085135623136791,1.7817091333745536,6.270566162636353,39.0,11.831983805668015,18,Male,Delhi,363.0,70,3.68,11.767142857142858,3.346005509641873,2383,0.1928374655647383,,,,,,,
T01999,R0267,Zone_2,7.76,51.43,74.92,UPI,2023-10-29,0,-0.6978366089914957,-0.10951032827425237,4.3296801543016725,2.1701959049483,7.1714712576988,51.0,9.654639175257733,37,Other,Jaipur,131.0,11,4.5,9.437999999999999,5.203740458015267,2085,0.08396946564885496,Zone_2,6371.0,0.91,58.4,Residential,Low,0.0
T02000,R0202,Zone_10,12.02,114.45,149.05,Cash,2024-02-03,0,0.1689580085781756,0.8475985274319454,5.010968571886377,2.5664866367804233,10.698130677833394,114.0,12.400166389351083,27,Male,Ahmedabad,317.0,0,4.72,9.2125,2.86794952681388,1785,0.0,,,,,,,
